use 'museu';
INSERT INTO `museu`.`SubjectTerms` (`id_subjectTerms`, `subjectTerm`) VALUES (1, 'fotografia');
INSERT INTO `museu`.`SubjectTerms` (`id_subjectTerms`, `subjectTerm`) VALUES (2, 'franca');
INSERT INTO `museu`.`SubjectTerms` (`id_subjectTerms`, `subjectTerm`) VALUES (3, 'gerald bloncourt');
INSERT INTO `museu`.`SubjectTerms` (`id_subjectTerms`, `subjectTerm`) VALUES (4, 'fotografia preto e branco');
INSERT INTO `museu`.`SubjectTerms` (`id_subjectTerms`, `subjectTerm`) VALUES (5, 'emigracao');
INSERT INTO `museu`.`SubjectTerms` (`id_subjectTerms`, `subjectTerm`) VALUES (6, 'zincogravura');


INSERT INTO `museu`.`IndexingSubjects` (`id_indexingSubjects`, `Object_Work_Record`) VALUES ('1', '1');
INSERT INTO `museu`.`IndexingSubjects_SubjectTerms` (`IndexingSubject`, `SubjectTerm`) VALUES ('1', '1');
INSERT INTO `museu`.`IndexingSubjects_SubjectTerms` (`IndexingSubject`, `SubjectTerm`) VALUES ('1', '2');
INSERT INTO `museu`.`IndexingSubjects_SubjectTerms` (`IndexingSubject`, `SubjectTerm`) VALUES ('1', '3');
INSERT INTO `museu`.`IndexingSubjects_SubjectTerms` (`IndexingSubject`, `SubjectTerm`) VALUES ('1', '4');
INSERT INTO `museu`.`IndexingSubjects_SubjectTerms` (`IndexingSubject`, `SubjectTerm`) VALUES ('1', '5');


INSERT INTO `museu`.`IndexingSubjects` (`id_indexingSubjects`, `Object_Work_Record`) VALUES ('2', '2');
INSERT INTO `museu`.`IndexingSubjects_SubjectTerms` (`IndexingSubject`, `SubjectTerm`) VALUES ('2', '1');
INSERT INTO `museu`.`IndexingSubjects_SubjectTerms` (`IndexingSubject`, `SubjectTerm`) VALUES ('2', '2');
INSERT INTO `museu`.`IndexingSubjects_SubjectTerms` (`IndexingSubject`, `SubjectTerm`) VALUES ('2', '3');
INSERT INTO `museu`.`IndexingSubjects_SubjectTerms` (`IndexingSubject`, `SubjectTerm`) VALUES ('2', '4');
INSERT INTO `museu`.`IndexingSubjects_SubjectTerms` (`IndexingSubject`, `SubjectTerm`) VALUES ('2', '5');


INSERT INTO `museu`.`IndexingSubjects` (`id_indexingSubjects`, `Object_Work_Record`) VALUES ('3', '3');
INSERT INTO `museu`.`IndexingSubjects_SubjectTerms` (`IndexingSubject`, `SubjectTerm`) VALUES ('3', '1');
INSERT INTO `museu`.`IndexingSubjects_SubjectTerms` (`IndexingSubject`, `SubjectTerm`) VALUES ('3', '2');
INSERT INTO `museu`.`IndexingSubjects_SubjectTerms` (`IndexingSubject`, `SubjectTerm`) VALUES ('3', '3');
INSERT INTO `museu`.`IndexingSubjects_SubjectTerms` (`IndexingSubject`, `SubjectTerm`) VALUES ('3', '4');
INSERT INTO `museu`.`IndexingSubjects_SubjectTerms` (`IndexingSubject`, `SubjectTerm`) VALUES ('3', '5');


INSERT INTO `museu`.`IndexingSubjects` (`id_indexingSubjects`, `Object_Work_Record`) VALUES ('4', '4');
INSERT INTO `museu`.`IndexingSubjects_SubjectTerms` (`IndexingSubject`, `SubjectTerm`) VALUES ('4', '1');
INSERT INTO `museu`.`IndexingSubjects_SubjectTerms` (`IndexingSubject`, `SubjectTerm`) VALUES ('4', '2');
INSERT INTO `museu`.`IndexingSubjects_SubjectTerms` (`IndexingSubject`, `SubjectTerm`) VALUES ('4', '3');
INSERT INTO `museu`.`IndexingSubjects_SubjectTerms` (`IndexingSubject`, `SubjectTerm`) VALUES ('4', '4');
INSERT INTO `museu`.`IndexingSubjects_SubjectTerms` (`IndexingSubject`, `SubjectTerm`) VALUES ('4', '5');


INSERT INTO `museu`.`IndexingSubjects` (`id_indexingSubjects`, `Object_Work_Record`) VALUES ('5', '5');
INSERT INTO `museu`.`IndexingSubjects_SubjectTerms` (`IndexingSubject`, `SubjectTerm`) VALUES ('5', '1');
INSERT INTO `museu`.`IndexingSubjects_SubjectTerms` (`IndexingSubject`, `SubjectTerm`) VALUES ('5', '2');
INSERT INTO `museu`.`IndexingSubjects_SubjectTerms` (`IndexingSubject`, `SubjectTerm`) VALUES ('5', '3');
INSERT INTO `museu`.`IndexingSubjects_SubjectTerms` (`IndexingSubject`, `SubjectTerm`) VALUES ('5', '4');
INSERT INTO `museu`.`IndexingSubjects_SubjectTerms` (`IndexingSubject`, `SubjectTerm`) VALUES ('5', '5');


INSERT INTO `museu`.`IndexingSubjects` (`id_indexingSubjects`, `Object_Work_Record`) VALUES ('6', '6');
INSERT INTO `museu`.`IndexingSubjects_SubjectTerms` (`IndexingSubject`, `SubjectTerm`) VALUES ('6', '1');
INSERT INTO `museu`.`IndexingSubjects_SubjectTerms` (`IndexingSubject`, `SubjectTerm`) VALUES ('6', '2');
INSERT INTO `museu`.`IndexingSubjects_SubjectTerms` (`IndexingSubject`, `SubjectTerm`) VALUES ('6', '3');
INSERT INTO `museu`.`IndexingSubjects_SubjectTerms` (`IndexingSubject`, `SubjectTerm`) VALUES ('6', '4');
INSERT INTO `museu`.`IndexingSubjects_SubjectTerms` (`IndexingSubject`, `SubjectTerm`) VALUES ('6', '5');


INSERT INTO `museu`.`IndexingSubjects` (`id_indexingSubjects`, `Object_Work_Record`) VALUES ('7', '7');
INSERT INTO `museu`.`IndexingSubjects_SubjectTerms` (`IndexingSubject`, `SubjectTerm`) VALUES ('7', '1');
INSERT INTO `museu`.`IndexingSubjects_SubjectTerms` (`IndexingSubject`, `SubjectTerm`) VALUES ('7', '2');
INSERT INTO `museu`.`IndexingSubjects_SubjectTerms` (`IndexingSubject`, `SubjectTerm`) VALUES ('7', '3');
INSERT INTO `museu`.`IndexingSubjects_SubjectTerms` (`IndexingSubject`, `SubjectTerm`) VALUES ('7', '4');
INSERT INTO `museu`.`IndexingSubjects_SubjectTerms` (`IndexingSubject`, `SubjectTerm`) VALUES ('7', '5');


INSERT INTO `museu`.`IndexingSubjects` (`id_indexingSubjects`, `Object_Work_Record`) VALUES ('8', '8');
INSERT INTO `museu`.`IndexingSubjects_SubjectTerms` (`IndexingSubject`, `SubjectTerm`) VALUES ('8', '1');
INSERT INTO `museu`.`IndexingSubjects_SubjectTerms` (`IndexingSubject`, `SubjectTerm`) VALUES ('8', '2');
INSERT INTO `museu`.`IndexingSubjects_SubjectTerms` (`IndexingSubject`, `SubjectTerm`) VALUES ('8', '3');
INSERT INTO `museu`.`IndexingSubjects_SubjectTerms` (`IndexingSubject`, `SubjectTerm`) VALUES ('8', '4');
INSERT INTO `museu`.`IndexingSubjects_SubjectTerms` (`IndexingSubject`, `SubjectTerm`) VALUES ('8', '5');


INSERT INTO `museu`.`IndexingSubjects` (`id_indexingSubjects`, `Object_Work_Record`) VALUES ('9', '9');
INSERT INTO `museu`.`IndexingSubjects_SubjectTerms` (`IndexingSubject`, `SubjectTerm`) VALUES ('9', '1');
INSERT INTO `museu`.`IndexingSubjects_SubjectTerms` (`IndexingSubject`, `SubjectTerm`) VALUES ('9', '2');
INSERT INTO `museu`.`IndexingSubjects_SubjectTerms` (`IndexingSubject`, `SubjectTerm`) VALUES ('9', '3');
INSERT INTO `museu`.`IndexingSubjects_SubjectTerms` (`IndexingSubject`, `SubjectTerm`) VALUES ('9', '4');
INSERT INTO `museu`.`IndexingSubjects_SubjectTerms` (`IndexingSubject`, `SubjectTerm`) VALUES ('9', '5');


INSERT INTO `museu`.`IndexingSubjects` (`id_indexingSubjects`, `Object_Work_Record`) VALUES ('10', '10');
INSERT INTO `museu`.`IndexingSubjects_SubjectTerms` (`IndexingSubject`, `SubjectTerm`) VALUES ('10', '1');
INSERT INTO `museu`.`IndexingSubjects_SubjectTerms` (`IndexingSubject`, `SubjectTerm`) VALUES ('10', '2');
INSERT INTO `museu`.`IndexingSubjects_SubjectTerms` (`IndexingSubject`, `SubjectTerm`) VALUES ('10', '3');
INSERT INTO `museu`.`IndexingSubjects_SubjectTerms` (`IndexingSubject`, `SubjectTerm`) VALUES ('10', '4');
INSERT INTO `museu`.`IndexingSubjects_SubjectTerms` (`IndexingSubject`, `SubjectTerm`) VALUES ('10', '5');


INSERT INTO `museu`.`IndexingSubjects` (`id_indexingSubjects`, `Object_Work_Record`) VALUES ('11', '11');
INSERT INTO `museu`.`IndexingSubjects_SubjectTerms` (`IndexingSubject`, `SubjectTerm`) VALUES ('11', '1');
INSERT INTO `museu`.`IndexingSubjects_SubjectTerms` (`IndexingSubject`, `SubjectTerm`) VALUES ('11', '2');
INSERT INTO `museu`.`IndexingSubjects_SubjectTerms` (`IndexingSubject`, `SubjectTerm`) VALUES ('11', '3');
INSERT INTO `museu`.`IndexingSubjects_SubjectTerms` (`IndexingSubject`, `SubjectTerm`) VALUES ('11', '4');
INSERT INTO `museu`.`IndexingSubjects_SubjectTerms` (`IndexingSubject`, `SubjectTerm`) VALUES ('11', '5');


INSERT INTO `museu`.`IndexingSubjects` (`id_indexingSubjects`, `Object_Work_Record`) VALUES ('12', '12');
INSERT INTO `museu`.`IndexingSubjects_SubjectTerms` (`IndexingSubject`, `SubjectTerm`) VALUES ('12', '1');
INSERT INTO `museu`.`IndexingSubjects_SubjectTerms` (`IndexingSubject`, `SubjectTerm`) VALUES ('12', '2');
INSERT INTO `museu`.`IndexingSubjects_SubjectTerms` (`IndexingSubject`, `SubjectTerm`) VALUES ('12', '3');
INSERT INTO `museu`.`IndexingSubjects_SubjectTerms` (`IndexingSubject`, `SubjectTerm`) VALUES ('12', '4');
INSERT INTO `museu`.`IndexingSubjects_SubjectTerms` (`IndexingSubject`, `SubjectTerm`) VALUES ('12', '5');


INSERT INTO `museu`.`IndexingSubjects` (`id_indexingSubjects`, `Object_Work_Record`) VALUES ('13', '13');
INSERT INTO `museu`.`IndexingSubjects_SubjectTerms` (`IndexingSubject`, `SubjectTerm`) VALUES ('13', '1');
INSERT INTO `museu`.`IndexingSubjects_SubjectTerms` (`IndexingSubject`, `SubjectTerm`) VALUES ('13', '2');
INSERT INTO `museu`.`IndexingSubjects_SubjectTerms` (`IndexingSubject`, `SubjectTerm`) VALUES ('13', '3');
INSERT INTO `museu`.`IndexingSubjects_SubjectTerms` (`IndexingSubject`, `SubjectTerm`) VALUES ('13', '4');
INSERT INTO `museu`.`IndexingSubjects_SubjectTerms` (`IndexingSubject`, `SubjectTerm`) VALUES ('13', '5');


INSERT INTO `museu`.`IndexingSubjects` (`id_indexingSubjects`, `Object_Work_Record`) VALUES ('14', '14');
INSERT INTO `museu`.`IndexingSubjects_SubjectTerms` (`IndexingSubject`, `SubjectTerm`) VALUES ('14', '1');
INSERT INTO `museu`.`IndexingSubjects_SubjectTerms` (`IndexingSubject`, `SubjectTerm`) VALUES ('14', '2');
INSERT INTO `museu`.`IndexingSubjects_SubjectTerms` (`IndexingSubject`, `SubjectTerm`) VALUES ('14', '3');
INSERT INTO `museu`.`IndexingSubjects_SubjectTerms` (`IndexingSubject`, `SubjectTerm`) VALUES ('14', '4');
INSERT INTO `museu`.`IndexingSubjects_SubjectTerms` (`IndexingSubject`, `SubjectTerm`) VALUES ('14', '5');


INSERT INTO `museu`.`IndexingSubjects` (`id_indexingSubjects`, `Object_Work_Record`) VALUES ('15', '15');
INSERT INTO `museu`.`IndexingSubjects_SubjectTerms` (`IndexingSubject`, `SubjectTerm`) VALUES ('15', '1');
INSERT INTO `museu`.`IndexingSubjects_SubjectTerms` (`IndexingSubject`, `SubjectTerm`) VALUES ('15', '2');
INSERT INTO `museu`.`IndexingSubjects_SubjectTerms` (`IndexingSubject`, `SubjectTerm`) VALUES ('15', '3');
INSERT INTO `museu`.`IndexingSubjects_SubjectTerms` (`IndexingSubject`, `SubjectTerm`) VALUES ('15', '4');
INSERT INTO `museu`.`IndexingSubjects_SubjectTerms` (`IndexingSubject`, `SubjectTerm`) VALUES ('15', '5');


INSERT INTO `museu`.`IndexingSubjects` (`id_indexingSubjects`, `Object_Work_Record`) VALUES ('16', '16');
INSERT INTO `museu`.`IndexingSubjects_SubjectTerms` (`IndexingSubject`, `SubjectTerm`) VALUES ('16', '1');
INSERT INTO `museu`.`IndexingSubjects_SubjectTerms` (`IndexingSubject`, `SubjectTerm`) VALUES ('16', '2');
INSERT INTO `museu`.`IndexingSubjects_SubjectTerms` (`IndexingSubject`, `SubjectTerm`) VALUES ('16', '3');
INSERT INTO `museu`.`IndexingSubjects_SubjectTerms` (`IndexingSubject`, `SubjectTerm`) VALUES ('16', '4');
INSERT INTO `museu`.`IndexingSubjects_SubjectTerms` (`IndexingSubject`, `SubjectTerm`) VALUES ('16', '5');


INSERT INTO `museu`.`IndexingSubjects` (`id_indexingSubjects`, `Object_Work_Record`) VALUES ('17', '17');
INSERT INTO `museu`.`IndexingSubjects_SubjectTerms` (`IndexingSubject`, `SubjectTerm`) VALUES ('17', '1');
INSERT INTO `museu`.`IndexingSubjects_SubjectTerms` (`IndexingSubject`, `SubjectTerm`) VALUES ('17', '2');
INSERT INTO `museu`.`IndexingSubjects_SubjectTerms` (`IndexingSubject`, `SubjectTerm`) VALUES ('17', '3');
INSERT INTO `museu`.`IndexingSubjects_SubjectTerms` (`IndexingSubject`, `SubjectTerm`) VALUES ('17', '4');
INSERT INTO `museu`.`IndexingSubjects_SubjectTerms` (`IndexingSubject`, `SubjectTerm`) VALUES ('17', '5');


INSERT INTO `museu`.`IndexingSubjects` (`id_indexingSubjects`, `Object_Work_Record`) VALUES ('18', '18');
INSERT INTO `museu`.`IndexingSubjects_SubjectTerms` (`IndexingSubject`, `SubjectTerm`) VALUES ('18', '1');
INSERT INTO `museu`.`IndexingSubjects_SubjectTerms` (`IndexingSubject`, `SubjectTerm`) VALUES ('18', '2');
INSERT INTO `museu`.`IndexingSubjects_SubjectTerms` (`IndexingSubject`, `SubjectTerm`) VALUES ('18', '3');
INSERT INTO `museu`.`IndexingSubjects_SubjectTerms` (`IndexingSubject`, `SubjectTerm`) VALUES ('18', '4');
INSERT INTO `museu`.`IndexingSubjects_SubjectTerms` (`IndexingSubject`, `SubjectTerm`) VALUES ('18', '5');


INSERT INTO `museu`.`IndexingSubjects` (`id_indexingSubjects`, `Object_Work_Record`) VALUES ('19', '19');
INSERT INTO `museu`.`IndexingSubjects_SubjectTerms` (`IndexingSubject`, `SubjectTerm`) VALUES ('19', '1');
INSERT INTO `museu`.`IndexingSubjects_SubjectTerms` (`IndexingSubject`, `SubjectTerm`) VALUES ('19', '2');
INSERT INTO `museu`.`IndexingSubjects_SubjectTerms` (`IndexingSubject`, `SubjectTerm`) VALUES ('19', '3');
INSERT INTO `museu`.`IndexingSubjects_SubjectTerms` (`IndexingSubject`, `SubjectTerm`) VALUES ('19', '4');
INSERT INTO `museu`.`IndexingSubjects_SubjectTerms` (`IndexingSubject`, `SubjectTerm`) VALUES ('19', '5');


INSERT INTO `museu`.`IndexingSubjects` (`id_indexingSubjects`, `Object_Work_Record`) VALUES ('20', '20');
INSERT INTO `museu`.`IndexingSubjects_SubjectTerms` (`IndexingSubject`, `SubjectTerm`) VALUES ('20', '1');
INSERT INTO `museu`.`IndexingSubjects_SubjectTerms` (`IndexingSubject`, `SubjectTerm`) VALUES ('20', '2');
INSERT INTO `museu`.`IndexingSubjects_SubjectTerms` (`IndexingSubject`, `SubjectTerm`) VALUES ('20', '3');
INSERT INTO `museu`.`IndexingSubjects_SubjectTerms` (`IndexingSubject`, `SubjectTerm`) VALUES ('20', '4');
INSERT INTO `museu`.`IndexingSubjects_SubjectTerms` (`IndexingSubject`, `SubjectTerm`) VALUES ('20', '5');


INSERT INTO `museu`.`IndexingSubjects` (`id_indexingSubjects`, `Object_Work_Record`) VALUES ('21', '21');
INSERT INTO `museu`.`IndexingSubjects_SubjectTerms` (`IndexingSubject`, `SubjectTerm`) VALUES ('21', '1');
INSERT INTO `museu`.`IndexingSubjects_SubjectTerms` (`IndexingSubject`, `SubjectTerm`) VALUES ('21', '2');
INSERT INTO `museu`.`IndexingSubjects_SubjectTerms` (`IndexingSubject`, `SubjectTerm`) VALUES ('21', '3');
INSERT INTO `museu`.`IndexingSubjects_SubjectTerms` (`IndexingSubject`, `SubjectTerm`) VALUES ('21', '4');
INSERT INTO `museu`.`IndexingSubjects_SubjectTerms` (`IndexingSubject`, `SubjectTerm`) VALUES ('21', '5');


INSERT INTO `museu`.`IndexingSubjects` (`id_indexingSubjects`, `Object_Work_Record`) VALUES ('22', '22');
INSERT INTO `museu`.`IndexingSubjects_SubjectTerms` (`IndexingSubject`, `SubjectTerm`) VALUES ('22', '1');
INSERT INTO `museu`.`IndexingSubjects_SubjectTerms` (`IndexingSubject`, `SubjectTerm`) VALUES ('22', '2');
INSERT INTO `museu`.`IndexingSubjects_SubjectTerms` (`IndexingSubject`, `SubjectTerm`) VALUES ('22', '3');
INSERT INTO `museu`.`IndexingSubjects_SubjectTerms` (`IndexingSubject`, `SubjectTerm`) VALUES ('22', '4');
INSERT INTO `museu`.`IndexingSubjects_SubjectTerms` (`IndexingSubject`, `SubjectTerm`) VALUES ('22', '5');


INSERT INTO `museu`.`IndexingSubjects` (`id_indexingSubjects`, `Object_Work_Record`) VALUES ('23', '23');
INSERT INTO `museu`.`IndexingSubjects_SubjectTerms` (`IndexingSubject`, `SubjectTerm`) VALUES ('23', '1');
INSERT INTO `museu`.`IndexingSubjects_SubjectTerms` (`IndexingSubject`, `SubjectTerm`) VALUES ('23', '2');
INSERT INTO `museu`.`IndexingSubjects_SubjectTerms` (`IndexingSubject`, `SubjectTerm`) VALUES ('23', '3');
INSERT INTO `museu`.`IndexingSubjects_SubjectTerms` (`IndexingSubject`, `SubjectTerm`) VALUES ('23', '4');
INSERT INTO `museu`.`IndexingSubjects_SubjectTerms` (`IndexingSubject`, `SubjectTerm`) VALUES ('23', '5');


INSERT INTO `museu`.`IndexingSubjects` (`id_indexingSubjects`, `Object_Work_Record`) VALUES ('24', '24');
INSERT INTO `museu`.`IndexingSubjects_SubjectTerms` (`IndexingSubject`, `SubjectTerm`) VALUES ('24', '1');
INSERT INTO `museu`.`IndexingSubjects_SubjectTerms` (`IndexingSubject`, `SubjectTerm`) VALUES ('24', '2');
INSERT INTO `museu`.`IndexingSubjects_SubjectTerms` (`IndexingSubject`, `SubjectTerm`) VALUES ('24', '3');
INSERT INTO `museu`.`IndexingSubjects_SubjectTerms` (`IndexingSubject`, `SubjectTerm`) VALUES ('24', '4');
INSERT INTO `museu`.`IndexingSubjects_SubjectTerms` (`IndexingSubject`, `SubjectTerm`) VALUES ('24', '5');


INSERT INTO `museu`.`IndexingSubjects` (`id_indexingSubjects`, `Object_Work_Record`) VALUES ('25', '25');
INSERT INTO `museu`.`IndexingSubjects_SubjectTerms` (`IndexingSubject`, `SubjectTerm`) VALUES ('25', '1');
INSERT INTO `museu`.`IndexingSubjects_SubjectTerms` (`IndexingSubject`, `SubjectTerm`) VALUES ('25', '2');
INSERT INTO `museu`.`IndexingSubjects_SubjectTerms` (`IndexingSubject`, `SubjectTerm`) VALUES ('25', '3');
INSERT INTO `museu`.`IndexingSubjects_SubjectTerms` (`IndexingSubject`, `SubjectTerm`) VALUES ('25', '4');
INSERT INTO `museu`.`IndexingSubjects_SubjectTerms` (`IndexingSubject`, `SubjectTerm`) VALUES ('25', '5');


INSERT INTO `museu`.`IndexingSubjects` (`id_indexingSubjects`, `Object_Work_Record`) VALUES ('26', '26');
INSERT INTO `museu`.`IndexingSubjects_SubjectTerms` (`IndexingSubject`, `SubjectTerm`) VALUES ('26', '1');
INSERT INTO `museu`.`IndexingSubjects_SubjectTerms` (`IndexingSubject`, `SubjectTerm`) VALUES ('26', '2');
INSERT INTO `museu`.`IndexingSubjects_SubjectTerms` (`IndexingSubject`, `SubjectTerm`) VALUES ('26', '3');
INSERT INTO `museu`.`IndexingSubjects_SubjectTerms` (`IndexingSubject`, `SubjectTerm`) VALUES ('26', '4');
INSERT INTO `museu`.`IndexingSubjects_SubjectTerms` (`IndexingSubject`, `SubjectTerm`) VALUES ('26', '5');


INSERT INTO `museu`.`IndexingSubjects` (`id_indexingSubjects`, `Object_Work_Record`) VALUES ('27', '27');
INSERT INTO `museu`.`IndexingSubjects_SubjectTerms` (`IndexingSubject`, `SubjectTerm`) VALUES ('27', '1');
INSERT INTO `museu`.`IndexingSubjects_SubjectTerms` (`IndexingSubject`, `SubjectTerm`) VALUES ('27', '2');
INSERT INTO `museu`.`IndexingSubjects_SubjectTerms` (`IndexingSubject`, `SubjectTerm`) VALUES ('27', '3');
INSERT INTO `museu`.`IndexingSubjects_SubjectTerms` (`IndexingSubject`, `SubjectTerm`) VALUES ('27', '4');
INSERT INTO `museu`.`IndexingSubjects_SubjectTerms` (`IndexingSubject`, `SubjectTerm`) VALUES ('27', '5');


INSERT INTO `museu`.`IndexingSubjects` (`id_indexingSubjects`, `Object_Work_Record`) VALUES ('28', '28');
INSERT INTO `museu`.`IndexingSubjects_SubjectTerms` (`IndexingSubject`, `SubjectTerm`) VALUES ('28', '1');
INSERT INTO `museu`.`IndexingSubjects_SubjectTerms` (`IndexingSubject`, `SubjectTerm`) VALUES ('28', '2');
INSERT INTO `museu`.`IndexingSubjects_SubjectTerms` (`IndexingSubject`, `SubjectTerm`) VALUES ('28', '3');
INSERT INTO `museu`.`IndexingSubjects_SubjectTerms` (`IndexingSubject`, `SubjectTerm`) VALUES ('28', '4');
INSERT INTO `museu`.`IndexingSubjects_SubjectTerms` (`IndexingSubject`, `SubjectTerm`) VALUES ('28', '5');


INSERT INTO `museu`.`IndexingSubjects` (`id_indexingSubjects`, `Object_Work_Record`) VALUES ('29', '29');
INSERT INTO `museu`.`IndexingSubjects_SubjectTerms` (`IndexingSubject`, `SubjectTerm`) VALUES ('29', '1');
INSERT INTO `museu`.`IndexingSubjects_SubjectTerms` (`IndexingSubject`, `SubjectTerm`) VALUES ('29', '2');
INSERT INTO `museu`.`IndexingSubjects_SubjectTerms` (`IndexingSubject`, `SubjectTerm`) VALUES ('29', '3');
INSERT INTO `museu`.`IndexingSubjects_SubjectTerms` (`IndexingSubject`, `SubjectTerm`) VALUES ('29', '4');
INSERT INTO `museu`.`IndexingSubjects_SubjectTerms` (`IndexingSubject`, `SubjectTerm`) VALUES ('29', '5');


INSERT INTO `museu`.`IndexingSubjects` (`id_indexingSubjects`, `Object_Work_Record`) VALUES ('30', '30');
INSERT INTO `museu`.`IndexingSubjects_SubjectTerms` (`IndexingSubject`, `SubjectTerm`) VALUES ('30', '1');
INSERT INTO `museu`.`IndexingSubjects_SubjectTerms` (`IndexingSubject`, `SubjectTerm`) VALUES ('30', '2');
INSERT INTO `museu`.`IndexingSubjects_SubjectTerms` (`IndexingSubject`, `SubjectTerm`) VALUES ('30', '3');
INSERT INTO `museu`.`IndexingSubjects_SubjectTerms` (`IndexingSubject`, `SubjectTerm`) VALUES ('30', '4');
INSERT INTO `museu`.`IndexingSubjects_SubjectTerms` (`IndexingSubject`, `SubjectTerm`) VALUES ('30', '5');


INSERT INTO `museu`.`IndexingSubjects` (`id_indexingSubjects`, `Object_Work_Record`) VALUES ('31', '31');
INSERT INTO `museu`.`IndexingSubjects_SubjectTerms` (`IndexingSubject`, `SubjectTerm`) VALUES ('31', '1');
INSERT INTO `museu`.`IndexingSubjects_SubjectTerms` (`IndexingSubject`, `SubjectTerm`) VALUES ('31', '2');
INSERT INTO `museu`.`IndexingSubjects_SubjectTerms` (`IndexingSubject`, `SubjectTerm`) VALUES ('31', '3');
INSERT INTO `museu`.`IndexingSubjects_SubjectTerms` (`IndexingSubject`, `SubjectTerm`) VALUES ('31', '4');
INSERT INTO `museu`.`IndexingSubjects_SubjectTerms` (`IndexingSubject`, `SubjectTerm`) VALUES ('31', '5');


INSERT INTO `museu`.`IndexingSubjects` (`id_indexingSubjects`, `Object_Work_Record`) VALUES ('32', '32');
INSERT INTO `museu`.`IndexingSubjects_SubjectTerms` (`IndexingSubject`, `SubjectTerm`) VALUES ('32', '1');
INSERT INTO `museu`.`IndexingSubjects_SubjectTerms` (`IndexingSubject`, `SubjectTerm`) VALUES ('32', '2');
INSERT INTO `museu`.`IndexingSubjects_SubjectTerms` (`IndexingSubject`, `SubjectTerm`) VALUES ('32', '3');
INSERT INTO `museu`.`IndexingSubjects_SubjectTerms` (`IndexingSubject`, `SubjectTerm`) VALUES ('32', '4');
INSERT INTO `museu`.`IndexingSubjects_SubjectTerms` (`IndexingSubject`, `SubjectTerm`) VALUES ('32', '5');


INSERT INTO `museu`.`IndexingSubjects` (`id_indexingSubjects`, `Object_Work_Record`) VALUES ('33', '33');
INSERT INTO `museu`.`IndexingSubjects_SubjectTerms` (`IndexingSubject`, `SubjectTerm`) VALUES ('33', '1');
INSERT INTO `museu`.`IndexingSubjects_SubjectTerms` (`IndexingSubject`, `SubjectTerm`) VALUES ('33', '2');
INSERT INTO `museu`.`IndexingSubjects_SubjectTerms` (`IndexingSubject`, `SubjectTerm`) VALUES ('33', '3');
INSERT INTO `museu`.`IndexingSubjects_SubjectTerms` (`IndexingSubject`, `SubjectTerm`) VALUES ('33', '4');
INSERT INTO `museu`.`IndexingSubjects_SubjectTerms` (`IndexingSubject`, `SubjectTerm`) VALUES ('33', '5');


INSERT INTO `museu`.`IndexingSubjects` (`id_indexingSubjects`, `Object_Work_Record`) VALUES ('34', '34');
INSERT INTO `museu`.`IndexingSubjects_SubjectTerms` (`IndexingSubject`, `SubjectTerm`) VALUES ('34', '1');
INSERT INTO `museu`.`IndexingSubjects_SubjectTerms` (`IndexingSubject`, `SubjectTerm`) VALUES ('34', '2');
INSERT INTO `museu`.`IndexingSubjects_SubjectTerms` (`IndexingSubject`, `SubjectTerm`) VALUES ('34', '3');
INSERT INTO `museu`.`IndexingSubjects_SubjectTerms` (`IndexingSubject`, `SubjectTerm`) VALUES ('34', '4');
INSERT INTO `museu`.`IndexingSubjects_SubjectTerms` (`IndexingSubject`, `SubjectTerm`) VALUES ('34', '5');


INSERT INTO `museu`.`IndexingSubjects` (`id_indexingSubjects`, `Object_Work_Record`) VALUES ('35', '35');
INSERT INTO `museu`.`IndexingSubjects_SubjectTerms` (`IndexingSubject`, `SubjectTerm`) VALUES ('35', '1');
INSERT INTO `museu`.`IndexingSubjects_SubjectTerms` (`IndexingSubject`, `SubjectTerm`) VALUES ('35', '2');
INSERT INTO `museu`.`IndexingSubjects_SubjectTerms` (`IndexingSubject`, `SubjectTerm`) VALUES ('35', '3');
INSERT INTO `museu`.`IndexingSubjects_SubjectTerms` (`IndexingSubject`, `SubjectTerm`) VALUES ('35', '4');
INSERT INTO `museu`.`IndexingSubjects_SubjectTerms` (`IndexingSubject`, `SubjectTerm`) VALUES ('35', '5');


INSERT INTO `museu`.`IndexingSubjects` (`id_indexingSubjects`, `Object_Work_Record`) VALUES ('36', '36');
INSERT INTO `museu`.`IndexingSubjects_SubjectTerms` (`IndexingSubject`, `SubjectTerm`) VALUES ('36', '1');
INSERT INTO `museu`.`IndexingSubjects_SubjectTerms` (`IndexingSubject`, `SubjectTerm`) VALUES ('36', '2');
INSERT INTO `museu`.`IndexingSubjects_SubjectTerms` (`IndexingSubject`, `SubjectTerm`) VALUES ('36', '3');
INSERT INTO `museu`.`IndexingSubjects_SubjectTerms` (`IndexingSubject`, `SubjectTerm`) VALUES ('36', '4');
INSERT INTO `museu`.`IndexingSubjects_SubjectTerms` (`IndexingSubject`, `SubjectTerm`) VALUES ('36', '5');


INSERT INTO `museu`.`IndexingSubjects` (`id_indexingSubjects`, `Object_Work_Record`) VALUES ('37', '37');
INSERT INTO `museu`.`IndexingSubjects_SubjectTerms` (`IndexingSubject`, `SubjectTerm`) VALUES ('37', '1');
INSERT INTO `museu`.`IndexingSubjects_SubjectTerms` (`IndexingSubject`, `SubjectTerm`) VALUES ('37', '2');
INSERT INTO `museu`.`IndexingSubjects_SubjectTerms` (`IndexingSubject`, `SubjectTerm`) VALUES ('37', '3');
INSERT INTO `museu`.`IndexingSubjects_SubjectTerms` (`IndexingSubject`, `SubjectTerm`) VALUES ('37', '4');
INSERT INTO `museu`.`IndexingSubjects_SubjectTerms` (`IndexingSubject`, `SubjectTerm`) VALUES ('37', '5');


INSERT INTO `museu`.`IndexingSubjects` (`id_indexingSubjects`, `Object_Work_Record`) VALUES ('38', '38');
INSERT INTO `museu`.`IndexingSubjects_SubjectTerms` (`IndexingSubject`, `SubjectTerm`) VALUES ('38', '1');
INSERT INTO `museu`.`IndexingSubjects_SubjectTerms` (`IndexingSubject`, `SubjectTerm`) VALUES ('38', '2');
INSERT INTO `museu`.`IndexingSubjects_SubjectTerms` (`IndexingSubject`, `SubjectTerm`) VALUES ('38', '3');
INSERT INTO `museu`.`IndexingSubjects_SubjectTerms` (`IndexingSubject`, `SubjectTerm`) VALUES ('38', '4');
INSERT INTO `museu`.`IndexingSubjects_SubjectTerms` (`IndexingSubject`, `SubjectTerm`) VALUES ('38', '5');


INSERT INTO `museu`.`IndexingSubjects` (`id_indexingSubjects`, `Object_Work_Record`) VALUES ('39', '39');
INSERT INTO `museu`.`IndexingSubjects_SubjectTerms` (`IndexingSubject`, `SubjectTerm`) VALUES ('39', '1');
INSERT INTO `museu`.`IndexingSubjects_SubjectTerms` (`IndexingSubject`, `SubjectTerm`) VALUES ('39', '2');
INSERT INTO `museu`.`IndexingSubjects_SubjectTerms` (`IndexingSubject`, `SubjectTerm`) VALUES ('39', '3');
INSERT INTO `museu`.`IndexingSubjects_SubjectTerms` (`IndexingSubject`, `SubjectTerm`) VALUES ('39', '4');
INSERT INTO `museu`.`IndexingSubjects_SubjectTerms` (`IndexingSubject`, `SubjectTerm`) VALUES ('39', '5');


INSERT INTO `museu`.`IndexingSubjects` (`id_indexingSubjects`, `Object_Work_Record`) VALUES ('40', '40');
INSERT INTO `museu`.`IndexingSubjects_SubjectTerms` (`IndexingSubject`, `SubjectTerm`) VALUES ('40', '1');
INSERT INTO `museu`.`IndexingSubjects_SubjectTerms` (`IndexingSubject`, `SubjectTerm`) VALUES ('40', '2');
INSERT INTO `museu`.`IndexingSubjects_SubjectTerms` (`IndexingSubject`, `SubjectTerm`) VALUES ('40', '3');
INSERT INTO `museu`.`IndexingSubjects_SubjectTerms` (`IndexingSubject`, `SubjectTerm`) VALUES ('40', '4');
INSERT INTO `museu`.`IndexingSubjects_SubjectTerms` (`IndexingSubject`, `SubjectTerm`) VALUES ('40', '5');


INSERT INTO `museu`.`IndexingSubjects` (`id_indexingSubjects`, `Object_Work_Record`) VALUES ('41', '41');
INSERT INTO `museu`.`IndexingSubjects_SubjectTerms` (`IndexingSubject`, `SubjectTerm`) VALUES ('41', '1');
INSERT INTO `museu`.`IndexingSubjects_SubjectTerms` (`IndexingSubject`, `SubjectTerm`) VALUES ('41', '2');
INSERT INTO `museu`.`IndexingSubjects_SubjectTerms` (`IndexingSubject`, `SubjectTerm`) VALUES ('41', '3');
INSERT INTO `museu`.`IndexingSubjects_SubjectTerms` (`IndexingSubject`, `SubjectTerm`) VALUES ('41', '4');
INSERT INTO `museu`.`IndexingSubjects_SubjectTerms` (`IndexingSubject`, `SubjectTerm`) VALUES ('41', '5');


INSERT INTO `museu`.`IndexingSubjects` (`id_indexingSubjects`, `Object_Work_Record`) VALUES ('42', '42');
INSERT INTO `museu`.`IndexingSubjects_SubjectTerms` (`IndexingSubject`, `SubjectTerm`) VALUES ('42', '1');
INSERT INTO `museu`.`IndexingSubjects_SubjectTerms` (`IndexingSubject`, `SubjectTerm`) VALUES ('42', '2');
INSERT INTO `museu`.`IndexingSubjects_SubjectTerms` (`IndexingSubject`, `SubjectTerm`) VALUES ('42', '3');
INSERT INTO `museu`.`IndexingSubjects_SubjectTerms` (`IndexingSubject`, `SubjectTerm`) VALUES ('42', '4');
INSERT INTO `museu`.`IndexingSubjects_SubjectTerms` (`IndexingSubject`, `SubjectTerm`) VALUES ('42', '5');


INSERT INTO `museu`.`IndexingSubjects` (`id_indexingSubjects`, `Object_Work_Record`) VALUES ('43', '43');
INSERT INTO `museu`.`IndexingSubjects_SubjectTerms` (`IndexingSubject`, `SubjectTerm`) VALUES ('43', '1');
INSERT INTO `museu`.`IndexingSubjects_SubjectTerms` (`IndexingSubject`, `SubjectTerm`) VALUES ('43', '2');
INSERT INTO `museu`.`IndexingSubjects_SubjectTerms` (`IndexingSubject`, `SubjectTerm`) VALUES ('43', '3');
INSERT INTO `museu`.`IndexingSubjects_SubjectTerms` (`IndexingSubject`, `SubjectTerm`) VALUES ('43', '4');
INSERT INTO `museu`.`IndexingSubjects_SubjectTerms` (`IndexingSubject`, `SubjectTerm`) VALUES ('43', '5');


INSERT INTO `museu`.`IndexingSubjects` (`id_indexingSubjects`, `Object_Work_Record`) VALUES ('44', '44');
INSERT INTO `museu`.`IndexingSubjects_SubjectTerms` (`IndexingSubject`, `SubjectTerm`) VALUES ('44', '1');
INSERT INTO `museu`.`IndexingSubjects_SubjectTerms` (`IndexingSubject`, `SubjectTerm`) VALUES ('44', '2');
INSERT INTO `museu`.`IndexingSubjects_SubjectTerms` (`IndexingSubject`, `SubjectTerm`) VALUES ('44', '3');
INSERT INTO `museu`.`IndexingSubjects_SubjectTerms` (`IndexingSubject`, `SubjectTerm`) VALUES ('44', '4');
INSERT INTO `museu`.`IndexingSubjects_SubjectTerms` (`IndexingSubject`, `SubjectTerm`) VALUES ('44', '5');


INSERT INTO `museu`.`IndexingSubjects` (`id_indexingSubjects`, `Object_Work_Record`) VALUES ('45', '45');
INSERT INTO `museu`.`IndexingSubjects_SubjectTerms` (`IndexingSubject`, `SubjectTerm`) VALUES ('45', '1');
INSERT INTO `museu`.`IndexingSubjects_SubjectTerms` (`IndexingSubject`, `SubjectTerm`) VALUES ('45', '2');
INSERT INTO `museu`.`IndexingSubjects_SubjectTerms` (`IndexingSubject`, `SubjectTerm`) VALUES ('45', '3');
INSERT INTO `museu`.`IndexingSubjects_SubjectTerms` (`IndexingSubject`, `SubjectTerm`) VALUES ('45', '4');
INSERT INTO `museu`.`IndexingSubjects_SubjectTerms` (`IndexingSubject`, `SubjectTerm`) VALUES ('45', '5');


INSERT INTO `museu`.`IndexingSubjects` (`id_indexingSubjects`, `Object_Work_Record`) VALUES ('46', '46');
INSERT INTO `museu`.`IndexingSubjects_SubjectTerms` (`IndexingSubject`, `SubjectTerm`) VALUES ('46', '1');
INSERT INTO `museu`.`IndexingSubjects_SubjectTerms` (`IndexingSubject`, `SubjectTerm`) VALUES ('46', '2');
INSERT INTO `museu`.`IndexingSubjects_SubjectTerms` (`IndexingSubject`, `SubjectTerm`) VALUES ('46', '3');
INSERT INTO `museu`.`IndexingSubjects_SubjectTerms` (`IndexingSubject`, `SubjectTerm`) VALUES ('46', '4');
INSERT INTO `museu`.`IndexingSubjects_SubjectTerms` (`IndexingSubject`, `SubjectTerm`) VALUES ('46', '5');


INSERT INTO `museu`.`IndexingSubjects` (`id_indexingSubjects`, `Object_Work_Record`) VALUES ('47', '47');
INSERT INTO `museu`.`IndexingSubjects_SubjectTerms` (`IndexingSubject`, `SubjectTerm`) VALUES ('47', '1');
INSERT INTO `museu`.`IndexingSubjects_SubjectTerms` (`IndexingSubject`, `SubjectTerm`) VALUES ('47', '2');
INSERT INTO `museu`.`IndexingSubjects_SubjectTerms` (`IndexingSubject`, `SubjectTerm`) VALUES ('47', '3');
INSERT INTO `museu`.`IndexingSubjects_SubjectTerms` (`IndexingSubject`, `SubjectTerm`) VALUES ('47', '4');
INSERT INTO `museu`.`IndexingSubjects_SubjectTerms` (`IndexingSubject`, `SubjectTerm`) VALUES ('47', '5');


INSERT INTO `museu`.`IndexingSubjects` (`id_indexingSubjects`, `Object_Work_Record`) VALUES ('48', '48');
INSERT INTO `museu`.`IndexingSubjects_SubjectTerms` (`IndexingSubject`, `SubjectTerm`) VALUES ('48', '1');
INSERT INTO `museu`.`IndexingSubjects_SubjectTerms` (`IndexingSubject`, `SubjectTerm`) VALUES ('48', '2');
INSERT INTO `museu`.`IndexingSubjects_SubjectTerms` (`IndexingSubject`, `SubjectTerm`) VALUES ('48', '3');
INSERT INTO `museu`.`IndexingSubjects_SubjectTerms` (`IndexingSubject`, `SubjectTerm`) VALUES ('48', '4');
INSERT INTO `museu`.`IndexingSubjects_SubjectTerms` (`IndexingSubject`, `SubjectTerm`) VALUES ('48', '5');


INSERT INTO `museu`.`IndexingSubjects` (`id_indexingSubjects`, `Object_Work_Record`) VALUES ('49', '49');
INSERT INTO `museu`.`IndexingSubjects_SubjectTerms` (`IndexingSubject`, `SubjectTerm`) VALUES ('49', '1');
INSERT INTO `museu`.`IndexingSubjects_SubjectTerms` (`IndexingSubject`, `SubjectTerm`) VALUES ('49', '2');
INSERT INTO `museu`.`IndexingSubjects_SubjectTerms` (`IndexingSubject`, `SubjectTerm`) VALUES ('49', '3');
INSERT INTO `museu`.`IndexingSubjects_SubjectTerms` (`IndexingSubject`, `SubjectTerm`) VALUES ('49', '4');
INSERT INTO `museu`.`IndexingSubjects_SubjectTerms` (`IndexingSubject`, `SubjectTerm`) VALUES ('49', '5');


INSERT INTO `museu`.`IndexingSubjects` (`id_indexingSubjects`, `Object_Work_Record`) VALUES ('50', '50');
INSERT INTO `museu`.`IndexingSubjects_SubjectTerms` (`IndexingSubject`, `SubjectTerm`) VALUES ('50', '1');
INSERT INTO `museu`.`IndexingSubjects_SubjectTerms` (`IndexingSubject`, `SubjectTerm`) VALUES ('50', '2');
INSERT INTO `museu`.`IndexingSubjects_SubjectTerms` (`IndexingSubject`, `SubjectTerm`) VALUES ('50', '3');
INSERT INTO `museu`.`IndexingSubjects_SubjectTerms` (`IndexingSubject`, `SubjectTerm`) VALUES ('50', '4');
INSERT INTO `museu`.`IndexingSubjects_SubjectTerms` (`IndexingSubject`, `SubjectTerm`) VALUES ('50', '5');


INSERT INTO `museu`.`IndexingSubjects` (`id_indexingSubjects`, `Object_Work_Record`) VALUES ('51', '51');
INSERT INTO `museu`.`IndexingSubjects_SubjectTerms` (`IndexingSubject`, `SubjectTerm`) VALUES ('51', '1');
INSERT INTO `museu`.`IndexingSubjects_SubjectTerms` (`IndexingSubject`, `SubjectTerm`) VALUES ('51', '2');
INSERT INTO `museu`.`IndexingSubjects_SubjectTerms` (`IndexingSubject`, `SubjectTerm`) VALUES ('51', '3');
INSERT INTO `museu`.`IndexingSubjects_SubjectTerms` (`IndexingSubject`, `SubjectTerm`) VALUES ('51', '4');
INSERT INTO `museu`.`IndexingSubjects_SubjectTerms` (`IndexingSubject`, `SubjectTerm`) VALUES ('51', '5');


INSERT INTO `museu`.`IndexingSubjects` (`id_indexingSubjects`, `Object_Work_Record`) VALUES ('52', '52');
INSERT INTO `museu`.`IndexingSubjects_SubjectTerms` (`IndexingSubject`, `SubjectTerm`) VALUES ('52', '1');
INSERT INTO `museu`.`IndexingSubjects_SubjectTerms` (`IndexingSubject`, `SubjectTerm`) VALUES ('52', '2');
INSERT INTO `museu`.`IndexingSubjects_SubjectTerms` (`IndexingSubject`, `SubjectTerm`) VALUES ('52', '3');
INSERT INTO `museu`.`IndexingSubjects_SubjectTerms` (`IndexingSubject`, `SubjectTerm`) VALUES ('52', '4');
INSERT INTO `museu`.`IndexingSubjects_SubjectTerms` (`IndexingSubject`, `SubjectTerm`) VALUES ('52', '5');


INSERT INTO `museu`.`IndexingSubjects` (`id_indexingSubjects`, `Object_Work_Record`) VALUES ('54', '54');
INSERT INTO `museu`.`IndexingSubjects_SubjectTerms` (`IndexingSubject`, `SubjectTerm`) VALUES ('54', '5');
INSERT INTO `museu`.`IndexingSubjects_SubjectTerms` (`IndexingSubject`, `SubjectTerm`) VALUES ('54', '6');


INSERT INTO `museu`.`IndexingSubjects` (`id_indexingSubjects`, `Object_Work_Record`) VALUES ('55', '55');
INSERT INTO `museu`.`IndexingSubjects_SubjectTerms` (`IndexingSubject`, `SubjectTerm`) VALUES ('55', '5');
INSERT INTO `museu`.`IndexingSubjects_SubjectTerms` (`IndexingSubject`, `SubjectTerm`) VALUES ('55', '6');


INSERT INTO `museu`.`IndexingSubjects` (`id_indexingSubjects`, `Object_Work_Record`) VALUES ('56', '56');
INSERT INTO `museu`.`IndexingSubjects_SubjectTerms` (`IndexingSubject`, `SubjectTerm`) VALUES ('56', '5');
INSERT INTO `museu`.`IndexingSubjects_SubjectTerms` (`IndexingSubject`, `SubjectTerm`) VALUES ('56', '6');


INSERT INTO `museu`.`IndexingSubjects` (`id_indexingSubjects`, `Object_Work_Record`) VALUES ('57', '57');
INSERT INTO `museu`.`IndexingSubjects_SubjectTerms` (`IndexingSubject`, `SubjectTerm`) VALUES ('57', '5');
INSERT INTO `museu`.`IndexingSubjects_SubjectTerms` (`IndexingSubject`, `SubjectTerm`) VALUES ('57', '6');


INSERT INTO `museu`.`IndexingSubjects` (`id_indexingSubjects`, `Object_Work_Record`) VALUES ('58', '58');
INSERT INTO `museu`.`IndexingSubjects_SubjectTerms` (`IndexingSubject`, `SubjectTerm`) VALUES ('58', '5');
INSERT INTO `museu`.`IndexingSubjects_SubjectTerms` (`IndexingSubject`, `SubjectTerm`) VALUES ('58', '6');


INSERT INTO `museu`.`IndexingSubjects` (`id_indexingSubjects`, `Object_Work_Record`) VALUES ('59', '59');
INSERT INTO `museu`.`IndexingSubjects_SubjectTerms` (`IndexingSubject`, `SubjectTerm`) VALUES ('59', '5');
INSERT INTO `museu`.`IndexingSubjects_SubjectTerms` (`IndexingSubject`, `SubjectTerm`) VALUES ('59', '6');


INSERT INTO `museu`.`IndexingSubjects` (`id_indexingSubjects`, `Object_Work_Record`) VALUES ('60', '60');
INSERT INTO `museu`.`IndexingSubjects_SubjectTerms` (`IndexingSubject`, `SubjectTerm`) VALUES ('60', '5');
INSERT INTO `museu`.`IndexingSubjects_SubjectTerms` (`IndexingSubject`, `SubjectTerm`) VALUES ('60', '6');


INSERT INTO `museu`.`IndexingSubjects` (`id_indexingSubjects`, `Object_Work_Record`) VALUES ('61', '61');
INSERT INTO `museu`.`IndexingSubjects_SubjectTerms` (`IndexingSubject`, `SubjectTerm`) VALUES ('61', '5');
INSERT INTO `museu`.`IndexingSubjects_SubjectTerms` (`IndexingSubject`, `SubjectTerm`) VALUES ('61', '6');


INSERT INTO `museu`.`IndexingSubjects` (`id_indexingSubjects`, `Object_Work_Record`) VALUES ('62', '62');
INSERT INTO `museu`.`IndexingSubjects_SubjectTerms` (`IndexingSubject`, `SubjectTerm`) VALUES ('62', '5');
INSERT INTO `museu`.`IndexingSubjects_SubjectTerms` (`IndexingSubject`, `SubjectTerm`) VALUES ('62', '6');


INSERT INTO `museu`.`IndexingSubjects` (`id_indexingSubjects`, `Object_Work_Record`) VALUES ('63', '63');
INSERT INTO `museu`.`IndexingSubjects_SubjectTerms` (`IndexingSubject`, `SubjectTerm`) VALUES ('63', '5');
INSERT INTO `museu`.`IndexingSubjects_SubjectTerms` (`IndexingSubject`, `SubjectTerm`) VALUES ('63', '6');


INSERT INTO `museu`.`IndexingSubjects` (`id_indexingSubjects`, `Object_Work_Record`) VALUES ('64', '64');
INSERT INTO `museu`.`IndexingSubjects_SubjectTerms` (`IndexingSubject`, `SubjectTerm`) VALUES ('64', '5');
INSERT INTO `museu`.`IndexingSubjects_SubjectTerms` (`IndexingSubject`, `SubjectTerm`) VALUES ('64', '6');


INSERT INTO `museu`.`IndexingSubjects` (`id_indexingSubjects`, `Object_Work_Record`) VALUES ('65', '65');
INSERT INTO `museu`.`IndexingSubjects_SubjectTerms` (`IndexingSubject`, `SubjectTerm`) VALUES ('65', '5');
INSERT INTO `museu`.`IndexingSubjects_SubjectTerms` (`IndexingSubject`, `SubjectTerm`) VALUES ('65', '6');


INSERT INTO `museu`.`IndexingSubjects` (`id_indexingSubjects`, `Object_Work_Record`) VALUES ('66', '66');
INSERT INTO `museu`.`IndexingSubjects_SubjectTerms` (`IndexingSubject`, `SubjectTerm`) VALUES ('66', '5');
INSERT INTO `museu`.`IndexingSubjects_SubjectTerms` (`IndexingSubject`, `SubjectTerm`) VALUES ('66', '6');


INSERT INTO `museu`.`IndexingSubjects` (`id_indexingSubjects`, `Object_Work_Record`) VALUES ('67', '67');
INSERT INTO `museu`.`IndexingSubjects_SubjectTerms` (`IndexingSubject`, `SubjectTerm`) VALUES ('67', '5');
INSERT INTO `museu`.`IndexingSubjects_SubjectTerms` (`IndexingSubject`, `SubjectTerm`) VALUES ('67', '6');


INSERT INTO `museu`.`IndexingSubjects` (`id_indexingSubjects`, `Object_Work_Record`) VALUES ('68', '68');
INSERT INTO `museu`.`IndexingSubjects_SubjectTerms` (`IndexingSubject`, `SubjectTerm`) VALUES ('68', '5');
INSERT INTO `museu`.`IndexingSubjects_SubjectTerms` (`IndexingSubject`, `SubjectTerm`) VALUES ('68', '6');


INSERT INTO `museu`.`IndexingSubjects` (`id_indexingSubjects`, `Object_Work_Record`) VALUES ('69', '69');
INSERT INTO `museu`.`IndexingSubjects_SubjectTerms` (`IndexingSubject`, `SubjectTerm`) VALUES ('69', '5');
INSERT INTO `museu`.`IndexingSubjects_SubjectTerms` (`IndexingSubject`, `SubjectTerm`) VALUES ('69', '6');


INSERT INTO `museu`.`IndexingSubjects` (`id_indexingSubjects`, `Object_Work_Record`) VALUES ('70', '70');
INSERT INTO `museu`.`IndexingSubjects_SubjectTerms` (`IndexingSubject`, `SubjectTerm`) VALUES ('70', '5');
INSERT INTO `museu`.`IndexingSubjects_SubjectTerms` (`IndexingSubject`, `SubjectTerm`) VALUES ('70', '6');


INSERT INTO `museu`.`IndexingSubjects` (`id_indexingSubjects`, `Object_Work_Record`) VALUES ('71', '71');
INSERT INTO `museu`.`IndexingSubjects_SubjectTerms` (`IndexingSubject`, `SubjectTerm`) VALUES ('71', '5');
INSERT INTO `museu`.`IndexingSubjects_SubjectTerms` (`IndexingSubject`, `SubjectTerm`) VALUES ('71', '6');


INSERT INTO `museu`.`IndexingSubjects` (`id_indexingSubjects`, `Object_Work_Record`) VALUES ('72', '72');
INSERT INTO `museu`.`IndexingSubjects_SubjectTerms` (`IndexingSubject`, `SubjectTerm`) VALUES ('72', '5');
INSERT INTO `museu`.`IndexingSubjects_SubjectTerms` (`IndexingSubject`, `SubjectTerm`) VALUES ('72', '6');


INSERT INTO `museu`.`IndexingSubjects` (`id_indexingSubjects`, `Object_Work_Record`) VALUES ('73', '73');
INSERT INTO `museu`.`IndexingSubjects_SubjectTerms` (`IndexingSubject`, `SubjectTerm`) VALUES ('73', '5');
INSERT INTO `museu`.`IndexingSubjects_SubjectTerms` (`IndexingSubject`, `SubjectTerm`) VALUES ('73', '6');


INSERT INTO `museu`.`IndexingSubjects` (`id_indexingSubjects`, `Object_Work_Record`) VALUES ('74', '74');
INSERT INTO `museu`.`IndexingSubjects_SubjectTerms` (`IndexingSubject`, `SubjectTerm`) VALUES ('74', '5');
INSERT INTO `museu`.`IndexingSubjects_SubjectTerms` (`IndexingSubject`, `SubjectTerm`) VALUES ('74', '6');


INSERT INTO `museu`.`IndexingSubjects` (`id_indexingSubjects`, `Object_Work_Record`) VALUES ('75', '75');
INSERT INTO `museu`.`IndexingSubjects_SubjectTerms` (`IndexingSubject`, `SubjectTerm`) VALUES ('75', '5');
INSERT INTO `museu`.`IndexingSubjects_SubjectTerms` (`IndexingSubject`, `SubjectTerm`) VALUES ('75', '6');


INSERT INTO `museu`.`IndexingSubjects` (`id_indexingSubjects`, `Object_Work_Record`) VALUES ('76', '76');
INSERT INTO `museu`.`IndexingSubjects_SubjectTerms` (`IndexingSubject`, `SubjectTerm`) VALUES ('76', '5');
INSERT INTO `museu`.`IndexingSubjects_SubjectTerms` (`IndexingSubject`, `SubjectTerm`) VALUES ('76', '6');


INSERT INTO `museu`.`IndexingSubjects` (`id_indexingSubjects`, `Object_Work_Record`) VALUES ('77', '77');
INSERT INTO `museu`.`IndexingSubjects_SubjectTerms` (`IndexingSubject`, `SubjectTerm`) VALUES ('77', '5');
INSERT INTO `museu`.`IndexingSubjects_SubjectTerms` (`IndexingSubject`, `SubjectTerm`) VALUES ('77', '6');


INSERT INTO `museu`.`IndexingSubjects` (`id_indexingSubjects`, `Object_Work_Record`) VALUES ('78', '78');
INSERT INTO `museu`.`IndexingSubjects_SubjectTerms` (`IndexingSubject`, `SubjectTerm`) VALUES ('78', '5');
INSERT INTO `museu`.`IndexingSubjects_SubjectTerms` (`IndexingSubject`, `SubjectTerm`) VALUES ('78', '6');


INSERT INTO `museu`.`IndexingSubjects` (`id_indexingSubjects`, `Object_Work_Record`) VALUES ('79', '79');
INSERT INTO `museu`.`IndexingSubjects_SubjectTerms` (`IndexingSubject`, `SubjectTerm`) VALUES ('79', '5');
INSERT INTO `museu`.`IndexingSubjects_SubjectTerms` (`IndexingSubject`, `SubjectTerm`) VALUES ('79', '6');


INSERT INTO `museu`.`IndexingSubjects` (`id_indexingSubjects`, `Object_Work_Record`) VALUES ('80', '80');
INSERT INTO `museu`.`IndexingSubjects_SubjectTerms` (`IndexingSubject`, `SubjectTerm`) VALUES ('80', '5');
INSERT INTO `museu`.`IndexingSubjects_SubjectTerms` (`IndexingSubject`, `SubjectTerm`) VALUES ('80', '6');


INSERT INTO `museu`.`IndexingSubjects` (`id_indexingSubjects`, `Object_Work_Record`) VALUES ('81', '81');
INSERT INTO `museu`.`IndexingSubjects_SubjectTerms` (`IndexingSubject`, `SubjectTerm`) VALUES ('81', '5');
INSERT INTO `museu`.`IndexingSubjects_SubjectTerms` (`IndexingSubject`, `SubjectTerm`) VALUES ('81', '6');


INSERT INTO `museu`.`IndexingSubjects` (`id_indexingSubjects`, `Object_Work_Record`) VALUES ('82', '82');
INSERT INTO `museu`.`IndexingSubjects_SubjectTerms` (`IndexingSubject`, `SubjectTerm`) VALUES ('82', '5');
INSERT INTO `museu`.`IndexingSubjects_SubjectTerms` (`IndexingSubject`, `SubjectTerm`) VALUES ('82', '6');


INSERT INTO `museu`.`IndexingSubjects` (`id_indexingSubjects`, `Object_Work_Record`) VALUES ('83', '83');
INSERT INTO `museu`.`IndexingSubjects_SubjectTerms` (`IndexingSubject`, `SubjectTerm`) VALUES ('83', '5');
INSERT INTO `museu`.`IndexingSubjects_SubjectTerms` (`IndexingSubject`, `SubjectTerm`) VALUES ('83', '6');


INSERT INTO `museu`.`IndexingSubjects` (`id_indexingSubjects`, `Object_Work_Record`) VALUES ('84', '84');
INSERT INTO `museu`.`IndexingSubjects_SubjectTerms` (`IndexingSubject`, `SubjectTerm`) VALUES ('84', '5');
INSERT INTO `museu`.`IndexingSubjects_SubjectTerms` (`IndexingSubject`, `SubjectTerm`) VALUES ('84', '6');


INSERT INTO `museu`.`IndexingSubjects` (`id_indexingSubjects`, `Object_Work_Record`) VALUES ('85', '85');
INSERT INTO `museu`.`IndexingSubjects_SubjectTerms` (`IndexingSubject`, `SubjectTerm`) VALUES ('85', '5');
INSERT INTO `museu`.`IndexingSubjects_SubjectTerms` (`IndexingSubject`, `SubjectTerm`) VALUES ('85', '6');


INSERT INTO `museu`.`IndexingSubjects` (`id_indexingSubjects`, `Object_Work_Record`) VALUES ('86', '86');
INSERT INTO `museu`.`IndexingSubjects_SubjectTerms` (`IndexingSubject`, `SubjectTerm`) VALUES ('86', '5');
INSERT INTO `museu`.`IndexingSubjects_SubjectTerms` (`IndexingSubject`, `SubjectTerm`) VALUES ('86', '6');


INSERT INTO `museu`.`IndexingSubjects` (`id_indexingSubjects`, `Object_Work_Record`) VALUES ('87', '87');
INSERT INTO `museu`.`IndexingSubjects_SubjectTerms` (`IndexingSubject`, `SubjectTerm`) VALUES ('87', '5');
INSERT INTO `museu`.`IndexingSubjects_SubjectTerms` (`IndexingSubject`, `SubjectTerm`) VALUES ('87', '6');


INSERT INTO `museu`.`IndexingSubjects` (`id_indexingSubjects`, `Object_Work_Record`) VALUES ('88', '88');
INSERT INTO `museu`.`IndexingSubjects_SubjectTerms` (`IndexingSubject`, `SubjectTerm`) VALUES ('88', '5');
INSERT INTO `museu`.`IndexingSubjects_SubjectTerms` (`IndexingSubject`, `SubjectTerm`) VALUES ('88', '6');


INSERT INTO `museu`.`IndexingSubjects` (`id_indexingSubjects`, `Object_Work_Record`) VALUES ('89', '89');
INSERT INTO `museu`.`IndexingSubjects_SubjectTerms` (`IndexingSubject`, `SubjectTerm`) VALUES ('89', '5');
INSERT INTO `museu`.`IndexingSubjects_SubjectTerms` (`IndexingSubject`, `SubjectTerm`) VALUES ('89', '6');


INSERT INTO `museu`.`IndexingSubjects` (`id_indexingSubjects`, `Object_Work_Record`) VALUES ('90', '90');
INSERT INTO `museu`.`IndexingSubjects_SubjectTerms` (`IndexingSubject`, `SubjectTerm`) VALUES ('90', '5');
INSERT INTO `museu`.`IndexingSubjects_SubjectTerms` (`IndexingSubject`, `SubjectTerm`) VALUES ('90', '6');


INSERT INTO `museu`.`IndexingSubjects` (`id_indexingSubjects`, `Object_Work_Record`) VALUES ('91', '91');
INSERT INTO `museu`.`IndexingSubjects_SubjectTerms` (`IndexingSubject`, `SubjectTerm`) VALUES ('91', '5');
INSERT INTO `museu`.`IndexingSubjects_SubjectTerms` (`IndexingSubject`, `SubjectTerm`) VALUES ('91', '6');


INSERT INTO `museu`.`IndexingSubjects` (`id_indexingSubjects`, `Object_Work_Record`) VALUES ('92', '92');
INSERT INTO `museu`.`IndexingSubjects_SubjectTerms` (`IndexingSubject`, `SubjectTerm`) VALUES ('92', '5');
INSERT INTO `museu`.`IndexingSubjects_SubjectTerms` (`IndexingSubject`, `SubjectTerm`) VALUES ('92', '6');


INSERT INTO `museu`.`IndexingSubjects` (`id_indexingSubjects`, `Object_Work_Record`) VALUES ('93', '93');
INSERT INTO `museu`.`IndexingSubjects_SubjectTerms` (`IndexingSubject`, `SubjectTerm`) VALUES ('93', '5');
INSERT INTO `museu`.`IndexingSubjects_SubjectTerms` (`IndexingSubject`, `SubjectTerm`) VALUES ('93', '6');


INSERT INTO `museu`.`IndexingSubjects` (`id_indexingSubjects`, `Object_Work_Record`) VALUES ('94', '94');
INSERT INTO `museu`.`IndexingSubjects_SubjectTerms` (`IndexingSubject`, `SubjectTerm`) VALUES ('94', '5');
INSERT INTO `museu`.`IndexingSubjects_SubjectTerms` (`IndexingSubject`, `SubjectTerm`) VALUES ('94', '6');


INSERT INTO `museu`.`IndexingSubjects` (`id_indexingSubjects`, `Object_Work_Record`) VALUES ('95', '95');
INSERT INTO `museu`.`IndexingSubjects_SubjectTerms` (`IndexingSubject`, `SubjectTerm`) VALUES ('95', '5');
INSERT INTO `museu`.`IndexingSubjects_SubjectTerms` (`IndexingSubject`, `SubjectTerm`) VALUES ('95', '6');


INSERT INTO `museu`.`IndexingSubjects` (`id_indexingSubjects`, `Object_Work_Record`) VALUES ('96', '96');
INSERT INTO `museu`.`IndexingSubjects_SubjectTerms` (`IndexingSubject`, `SubjectTerm`) VALUES ('96', '5');
INSERT INTO `museu`.`IndexingSubjects_SubjectTerms` (`IndexingSubject`, `SubjectTerm`) VALUES ('96', '6');


INSERT INTO `museu`.`IndexingSubjects` (`id_indexingSubjects`, `Object_Work_Record`) VALUES ('97', '97');
INSERT INTO `museu`.`IndexingSubjects_SubjectTerms` (`IndexingSubject`, `SubjectTerm`) VALUES ('97', '5');
INSERT INTO `museu`.`IndexingSubjects_SubjectTerms` (`IndexingSubject`, `SubjectTerm`) VALUES ('97', '6');


INSERT INTO `museu`.`IndexingSubjects` (`id_indexingSubjects`, `Object_Work_Record`) VALUES ('98', '98');
INSERT INTO `museu`.`IndexingSubjects_SubjectTerms` (`IndexingSubject`, `SubjectTerm`) VALUES ('98', '5');
INSERT INTO `museu`.`IndexingSubjects_SubjectTerms` (`IndexingSubject`, `SubjectTerm`) VALUES ('98', '6');


INSERT INTO `museu`.`IndexingSubjects` (`id_indexingSubjects`, `Object_Work_Record`) VALUES ('99', '99');
INSERT INTO `museu`.`IndexingSubjects_SubjectTerms` (`IndexingSubject`, `SubjectTerm`) VALUES ('99', '5');
INSERT INTO `museu`.`IndexingSubjects_SubjectTerms` (`IndexingSubject`, `SubjectTerm`) VALUES ('99', '6');


INSERT INTO `museu`.`IndexingSubjects` (`id_indexingSubjects`, `Object_Work_Record`) VALUES ('100', '100');
INSERT INTO `museu`.`IndexingSubjects_SubjectTerms` (`IndexingSubject`, `SubjectTerm`) VALUES ('100', '5');
INSERT INTO `museu`.`IndexingSubjects_SubjectTerms` (`IndexingSubject`, `SubjectTerm`) VALUES ('100', '6');


INSERT INTO `museu`.`IndexingSubjects` (`id_indexingSubjects`, `Object_Work_Record`) VALUES ('101', '101');
INSERT INTO `museu`.`IndexingSubjects_SubjectTerms` (`IndexingSubject`, `SubjectTerm`) VALUES ('101', '5');
INSERT INTO `museu`.`IndexingSubjects_SubjectTerms` (`IndexingSubject`, `SubjectTerm`) VALUES ('101', '6');


INSERT INTO `museu`.`IndexingSubjects` (`id_indexingSubjects`, `Object_Work_Record`) VALUES ('102', '102');
INSERT INTO `museu`.`IndexingSubjects_SubjectTerms` (`IndexingSubject`, `SubjectTerm`) VALUES ('102', '5');
INSERT INTO `museu`.`IndexingSubjects_SubjectTerms` (`IndexingSubject`, `SubjectTerm`) VALUES ('102', '6');


INSERT INTO `museu`.`IndexingSubjects` (`id_indexingSubjects`, `Object_Work_Record`) VALUES ('103', '103');
INSERT INTO `museu`.`IndexingSubjects_SubjectTerms` (`IndexingSubject`, `SubjectTerm`) VALUES ('103', '5');
INSERT INTO `museu`.`IndexingSubjects_SubjectTerms` (`IndexingSubject`, `SubjectTerm`) VALUES ('103', '6');


INSERT INTO `museu`.`IndexingSubjects` (`id_indexingSubjects`, `Object_Work_Record`) VALUES ('104', '104');
INSERT INTO `museu`.`IndexingSubjects_SubjectTerms` (`IndexingSubject`, `SubjectTerm`) VALUES ('104', '5');
INSERT INTO `museu`.`IndexingSubjects_SubjectTerms` (`IndexingSubject`, `SubjectTerm`) VALUES ('104', '6');


INSERT INTO `museu`.`IndexingSubjects` (`id_indexingSubjects`, `Object_Work_Record`) VALUES ('105', '105');
INSERT INTO `museu`.`IndexingSubjects_SubjectTerms` (`IndexingSubject`, `SubjectTerm`) VALUES ('105', '5');
INSERT INTO `museu`.`IndexingSubjects_SubjectTerms` (`IndexingSubject`, `SubjectTerm`) VALUES ('105', '6');


INSERT INTO `museu`.`IndexingSubjects` (`id_indexingSubjects`, `Object_Work_Record`) VALUES ('106', '106');
INSERT INTO `museu`.`IndexingSubjects_SubjectTerms` (`IndexingSubject`, `SubjectTerm`) VALUES ('106', '5');
INSERT INTO `museu`.`IndexingSubjects_SubjectTerms` (`IndexingSubject`, `SubjectTerm`) VALUES ('106', '6');


INSERT INTO `museu`.`IndexingSubjects` (`id_indexingSubjects`, `Object_Work_Record`) VALUES ('107', '107');
INSERT INTO `museu`.`IndexingSubjects_SubjectTerms` (`IndexingSubject`, `SubjectTerm`) VALUES ('107', '5');
INSERT INTO `museu`.`IndexingSubjects_SubjectTerms` (`IndexingSubject`, `SubjectTerm`) VALUES ('107', '6');


INSERT INTO `museu`.`IndexingSubjects` (`id_indexingSubjects`, `Object_Work_Record`) VALUES ('108', '108');
INSERT INTO `museu`.`IndexingSubjects_SubjectTerms` (`IndexingSubject`, `SubjectTerm`) VALUES ('108', '5');
INSERT INTO `museu`.`IndexingSubjects_SubjectTerms` (`IndexingSubject`, `SubjectTerm`) VALUES ('108', '6');


INSERT INTO `museu`.`IndexingSubjects` (`id_indexingSubjects`, `Object_Work_Record`) VALUES ('109', '109');
INSERT INTO `museu`.`IndexingSubjects_SubjectTerms` (`IndexingSubject`, `SubjectTerm`) VALUES ('109', '5');
INSERT INTO `museu`.`IndexingSubjects_SubjectTerms` (`IndexingSubject`, `SubjectTerm`) VALUES ('109', '6');


INSERT INTO `museu`.`IndexingSubjects` (`id_indexingSubjects`, `Object_Work_Record`) VALUES ('110', '110');
INSERT INTO `museu`.`IndexingSubjects_SubjectTerms` (`IndexingSubject`, `SubjectTerm`) VALUES ('110', '5');
INSERT INTO `museu`.`IndexingSubjects_SubjectTerms` (`IndexingSubject`, `SubjectTerm`) VALUES ('110', '6');


INSERT INTO `museu`.`IndexingSubjects` (`id_indexingSubjects`, `Object_Work_Record`) VALUES ('111', '111');
INSERT INTO `museu`.`IndexingSubjects_SubjectTerms` (`IndexingSubject`, `SubjectTerm`) VALUES ('111', '5');
INSERT INTO `museu`.`IndexingSubjects_SubjectTerms` (`IndexingSubject`, `SubjectTerm`) VALUES ('111', '6');


INSERT INTO `museu`.`IndexingSubjects` (`id_indexingSubjects`, `Object_Work_Record`) VALUES ('112', '112');
INSERT INTO `museu`.`IndexingSubjects_SubjectTerms` (`IndexingSubject`, `SubjectTerm`) VALUES ('112', '5');
INSERT INTO `museu`.`IndexingSubjects_SubjectTerms` (`IndexingSubject`, `SubjectTerm`) VALUES ('112', '6');


INSERT INTO `museu`.`IndexingSubjects` (`id_indexingSubjects`, `Object_Work_Record`) VALUES ('113', '113');
INSERT INTO `museu`.`IndexingSubjects_SubjectTerms` (`IndexingSubject`, `SubjectTerm`) VALUES ('113', '5');
INSERT INTO `museu`.`IndexingSubjects_SubjectTerms` (`IndexingSubject`, `SubjectTerm`) VALUES ('113', '6');


INSERT INTO `museu`.`IndexingSubjects` (`id_indexingSubjects`, `Object_Work_Record`) VALUES ('114', '114');
INSERT INTO `museu`.`IndexingSubjects_SubjectTerms` (`IndexingSubject`, `SubjectTerm`) VALUES ('114', '5');
INSERT INTO `museu`.`IndexingSubjects_SubjectTerms` (`IndexingSubject`, `SubjectTerm`) VALUES ('114', '6');


INSERT INTO `museu`.`IndexingSubjects` (`id_indexingSubjects`, `Object_Work_Record`) VALUES ('115', '115');
INSERT INTO `museu`.`IndexingSubjects_SubjectTerms` (`IndexingSubject`, `SubjectTerm`) VALUES ('115', '5');
INSERT INTO `museu`.`IndexingSubjects_SubjectTerms` (`IndexingSubject`, `SubjectTerm`) VALUES ('115', '6');


INSERT INTO `museu`.`IndexingSubjects` (`id_indexingSubjects`, `Object_Work_Record`) VALUES ('116', '116');
INSERT INTO `museu`.`IndexingSubjects_SubjectTerms` (`IndexingSubject`, `SubjectTerm`) VALUES ('116', '5');
INSERT INTO `museu`.`IndexingSubjects_SubjectTerms` (`IndexingSubject`, `SubjectTerm`) VALUES ('116', '6');


INSERT INTO `museu`.`IndexingSubjects` (`id_indexingSubjects`, `Object_Work_Record`) VALUES ('117', '117');
INSERT INTO `museu`.`IndexingSubjects_SubjectTerms` (`IndexingSubject`, `SubjectTerm`) VALUES ('117', '5');
INSERT INTO `museu`.`IndexingSubjects_SubjectTerms` (`IndexingSubject`, `SubjectTerm`) VALUES ('117', '6');


INSERT INTO `museu`.`IndexingSubjects` (`id_indexingSubjects`, `Object_Work_Record`) VALUES ('118', '118');
INSERT INTO `museu`.`IndexingSubjects_SubjectTerms` (`IndexingSubject`, `SubjectTerm`) VALUES ('118', '5');
INSERT INTO `museu`.`IndexingSubjects_SubjectTerms` (`IndexingSubject`, `SubjectTerm`) VALUES ('118', '6');


INSERT INTO `museu`.`IndexingSubjects` (`id_indexingSubjects`, `Object_Work_Record`) VALUES ('119', '119');
INSERT INTO `museu`.`IndexingSubjects_SubjectTerms` (`IndexingSubject`, `SubjectTerm`) VALUES ('119', '5');
INSERT INTO `museu`.`IndexingSubjects_SubjectTerms` (`IndexingSubject`, `SubjectTerm`) VALUES ('119', '6');


INSERT INTO `museu`.`IndexingSubjects` (`id_indexingSubjects`, `Object_Work_Record`) VALUES ('120', '120');
INSERT INTO `museu`.`IndexingSubjects_SubjectTerms` (`IndexingSubject`, `SubjectTerm`) VALUES ('120', '5');
INSERT INTO `museu`.`IndexingSubjects_SubjectTerms` (`IndexingSubject`, `SubjectTerm`) VALUES ('120', '6');


INSERT INTO `museu`.`IndexingSubjects` (`id_indexingSubjects`, `Object_Work_Record`) VALUES ('121', '121');
INSERT INTO `museu`.`IndexingSubjects_SubjectTerms` (`IndexingSubject`, `SubjectTerm`) VALUES ('121', '5');
INSERT INTO `museu`.`IndexingSubjects_SubjectTerms` (`IndexingSubject`, `SubjectTerm`) VALUES ('121', '6');


INSERT INTO `museu`.`IndexingSubjects` (`id_indexingSubjects`, `Object_Work_Record`) VALUES ('122', '122');
INSERT INTO `museu`.`IndexingSubjects_SubjectTerms` (`IndexingSubject`, `SubjectTerm`) VALUES ('122', '5');
INSERT INTO `museu`.`IndexingSubjects_SubjectTerms` (`IndexingSubject`, `SubjectTerm`) VALUES ('122', '6');


INSERT INTO `museu`.`IndexingSubjects` (`id_indexingSubjects`, `Object_Work_Record`) VALUES ('123', '123');
INSERT INTO `museu`.`IndexingSubjects_SubjectTerms` (`IndexingSubject`, `SubjectTerm`) VALUES ('123', '5');
INSERT INTO `museu`.`IndexingSubjects_SubjectTerms` (`IndexingSubject`, `SubjectTerm`) VALUES ('123', '6');


INSERT INTO `museu`.`IndexingSubjects` (`id_indexingSubjects`, `Object_Work_Record`) VALUES ('124', '124');
INSERT INTO `museu`.`IndexingSubjects_SubjectTerms` (`IndexingSubject`, `SubjectTerm`) VALUES ('124', '5');
INSERT INTO `museu`.`IndexingSubjects_SubjectTerms` (`IndexingSubject`, `SubjectTerm`) VALUES ('124', '6');


INSERT INTO `museu`.`IndexingSubjects` (`id_indexingSubjects`, `Object_Work_Record`) VALUES ('125', '125');
INSERT INTO `museu`.`IndexingSubjects_SubjectTerms` (`IndexingSubject`, `SubjectTerm`) VALUES ('125', '5');
INSERT INTO `museu`.`IndexingSubjects_SubjectTerms` (`IndexingSubject`, `SubjectTerm`) VALUES ('125', '6');


INSERT INTO `museu`.`IndexingSubjects` (`id_indexingSubjects`, `Object_Work_Record`) VALUES ('126', '126');
INSERT INTO `museu`.`IndexingSubjects_SubjectTerms` (`IndexingSubject`, `SubjectTerm`) VALUES ('126', '5');
INSERT INTO `museu`.`IndexingSubjects_SubjectTerms` (`IndexingSubject`, `SubjectTerm`) VALUES ('126', '6');


INSERT INTO `museu`.`IndexingSubjects` (`id_indexingSubjects`, `Object_Work_Record`) VALUES ('127', '127');
INSERT INTO `museu`.`IndexingSubjects_SubjectTerms` (`IndexingSubject`, `SubjectTerm`) VALUES ('127', '5');
INSERT INTO `museu`.`IndexingSubjects_SubjectTerms` (`IndexingSubject`, `SubjectTerm`) VALUES ('127', '6');


INSERT INTO `museu`.`IndexingSubjects` (`id_indexingSubjects`, `Object_Work_Record`) VALUES ('128', '128');
INSERT INTO `museu`.`IndexingSubjects_SubjectTerms` (`IndexingSubject`, `SubjectTerm`) VALUES ('128', '5');
INSERT INTO `museu`.`IndexingSubjects_SubjectTerms` (`IndexingSubject`, `SubjectTerm`) VALUES ('128', '6');


INSERT INTO `museu`.`IndexingSubjects` (`id_indexingSubjects`, `Object_Work_Record`) VALUES ('129', '129');
INSERT INTO `museu`.`IndexingSubjects_SubjectTerms` (`IndexingSubject`, `SubjectTerm`) VALUES ('129', '5');
INSERT INTO `museu`.`IndexingSubjects_SubjectTerms` (`IndexingSubject`, `SubjectTerm`) VALUES ('129', '6');


INSERT INTO `museu`.`IndexingSubjects` (`id_indexingSubjects`, `Object_Work_Record`) VALUES ('130', '130');
INSERT INTO `museu`.`IndexingSubjects_SubjectTerms` (`IndexingSubject`, `SubjectTerm`) VALUES ('130', '5');
INSERT INTO `museu`.`IndexingSubjects_SubjectTerms` (`IndexingSubject`, `SubjectTerm`) VALUES ('130', '6');


INSERT INTO `museu`.`IndexingSubjects` (`id_indexingSubjects`, `Object_Work_Record`) VALUES ('131', '131');
INSERT INTO `museu`.`IndexingSubjects_SubjectTerms` (`IndexingSubject`, `SubjectTerm`) VALUES ('131', '5');
INSERT INTO `museu`.`IndexingSubjects_SubjectTerms` (`IndexingSubject`, `SubjectTerm`) VALUES ('131', '6');


INSERT INTO `museu`.`IndexingSubjects` (`id_indexingSubjects`, `Object_Work_Record`) VALUES ('132', '132');
INSERT INTO `museu`.`IndexingSubjects_SubjectTerms` (`IndexingSubject`, `SubjectTerm`) VALUES ('132', '5');
INSERT INTO `museu`.`IndexingSubjects_SubjectTerms` (`IndexingSubject`, `SubjectTerm`) VALUES ('132', '6');


INSERT INTO `museu`.`IndexingSubjects` (`id_indexingSubjects`, `Object_Work_Record`) VALUES ('133', '133');
INSERT INTO `museu`.`IndexingSubjects_SubjectTerms` (`IndexingSubject`, `SubjectTerm`) VALUES ('133', '5');
INSERT INTO `museu`.`IndexingSubjects_SubjectTerms` (`IndexingSubject`, `SubjectTerm`) VALUES ('133', '6');


INSERT INTO `museu`.`IndexingSubjects` (`id_indexingSubjects`, `Object_Work_Record`) VALUES ('134', '134');
INSERT INTO `museu`.`IndexingSubjects_SubjectTerms` (`IndexingSubject`, `SubjectTerm`) VALUES ('134', '5');
INSERT INTO `museu`.`IndexingSubjects_SubjectTerms` (`IndexingSubject`, `SubjectTerm`) VALUES ('134', '6');


INSERT INTO `museu`.`IndexingSubjects` (`id_indexingSubjects`, `Object_Work_Record`) VALUES ('135', '135');
INSERT INTO `museu`.`IndexingSubjects_SubjectTerms` (`IndexingSubject`, `SubjectTerm`) VALUES ('135', '5');
INSERT INTO `museu`.`IndexingSubjects_SubjectTerms` (`IndexingSubject`, `SubjectTerm`) VALUES ('135', '6');


INSERT INTO `museu`.`IndexingSubjects` (`id_indexingSubjects`, `Object_Work_Record`) VALUES ('136', '136');
INSERT INTO `museu`.`IndexingSubjects_SubjectTerms` (`IndexingSubject`, `SubjectTerm`) VALUES ('136', '5');
INSERT INTO `museu`.`IndexingSubjects_SubjectTerms` (`IndexingSubject`, `SubjectTerm`) VALUES ('136', '6');


INSERT INTO `museu`.`IndexingSubjects` (`id_indexingSubjects`, `Object_Work_Record`) VALUES ('137', '137');
INSERT INTO `museu`.`IndexingSubjects_SubjectTerms` (`IndexingSubject`, `SubjectTerm`) VALUES ('137', '5');
INSERT INTO `museu`.`IndexingSubjects_SubjectTerms` (`IndexingSubject`, `SubjectTerm`) VALUES ('137', '6');


INSERT INTO `museu`.`IndexingSubjects` (`id_indexingSubjects`, `Object_Work_Record`) VALUES ('138', '138');
INSERT INTO `museu`.`IndexingSubjects_SubjectTerms` (`IndexingSubject`, `SubjectTerm`) VALUES ('138', '5');
INSERT INTO `museu`.`IndexingSubjects_SubjectTerms` (`IndexingSubject`, `SubjectTerm`) VALUES ('138', '6');


INSERT INTO `museu`.`IndexingSubjects` (`id_indexingSubjects`, `Object_Work_Record`) VALUES ('139', '139');
INSERT INTO `museu`.`IndexingSubjects_SubjectTerms` (`IndexingSubject`, `SubjectTerm`) VALUES ('139', '5');
INSERT INTO `museu`.`IndexingSubjects_SubjectTerms` (`IndexingSubject`, `SubjectTerm`) VALUES ('139', '6');


INSERT INTO `museu`.`IndexingSubjects` (`id_indexingSubjects`, `Object_Work_Record`) VALUES ('140', '140');
INSERT INTO `museu`.`IndexingSubjects_SubjectTerms` (`IndexingSubject`, `SubjectTerm`) VALUES ('140', '5');
INSERT INTO `museu`.`IndexingSubjects_SubjectTerms` (`IndexingSubject`, `SubjectTerm`) VALUES ('140', '6');


INSERT INTO `museu`.`IndexingSubjects` (`id_indexingSubjects`, `Object_Work_Record`) VALUES ('141', '141');
INSERT INTO `museu`.`IndexingSubjects_SubjectTerms` (`IndexingSubject`, `SubjectTerm`) VALUES ('141', '5');
INSERT INTO `museu`.`IndexingSubjects_SubjectTerms` (`IndexingSubject`, `SubjectTerm`) VALUES ('141', '6');


INSERT INTO `museu`.`IndexingSubjects` (`id_indexingSubjects`, `Object_Work_Record`) VALUES ('142', '142');
INSERT INTO `museu`.`IndexingSubjects_SubjectTerms` (`IndexingSubject`, `SubjectTerm`) VALUES ('142', '5');
INSERT INTO `museu`.`IndexingSubjects_SubjectTerms` (`IndexingSubject`, `SubjectTerm`) VALUES ('142', '6');


INSERT INTO `museu`.`IndexingSubjects` (`id_indexingSubjects`, `Object_Work_Record`) VALUES ('143', '143');
INSERT INTO `museu`.`IndexingSubjects_SubjectTerms` (`IndexingSubject`, `SubjectTerm`) VALUES ('143', '5');
INSERT INTO `museu`.`IndexingSubjects_SubjectTerms` (`IndexingSubject`, `SubjectTerm`) VALUES ('143', '6');


INSERT INTO `museu`.`IndexingSubjects` (`id_indexingSubjects`, `Object_Work_Record`) VALUES ('144', '144');
INSERT INTO `museu`.`IndexingSubjects_SubjectTerms` (`IndexingSubject`, `SubjectTerm`) VALUES ('144', '5');
INSERT INTO `museu`.`IndexingSubjects_SubjectTerms` (`IndexingSubject`, `SubjectTerm`) VALUES ('144', '6');


INSERT INTO `museu`.`IndexingSubjects` (`id_indexingSubjects`, `Object_Work_Record`) VALUES ('145', '145');
INSERT INTO `museu`.`IndexingSubjects_SubjectTerms` (`IndexingSubject`, `SubjectTerm`) VALUES ('145', '5');
INSERT INTO `museu`.`IndexingSubjects_SubjectTerms` (`IndexingSubject`, `SubjectTerm`) VALUES ('145', '6');


INSERT INTO `museu`.`IndexingSubjects` (`id_indexingSubjects`, `Object_Work_Record`) VALUES ('146', '146');
INSERT INTO `museu`.`IndexingSubjects_SubjectTerms` (`IndexingSubject`, `SubjectTerm`) VALUES ('146', '5');
INSERT INTO `museu`.`IndexingSubjects_SubjectTerms` (`IndexingSubject`, `SubjectTerm`) VALUES ('146', '6');


INSERT INTO `museu`.`IndexingSubjects` (`id_indexingSubjects`, `Object_Work_Record`) VALUES ('147', '147');
INSERT INTO `museu`.`IndexingSubjects_SubjectTerms` (`IndexingSubject`, `SubjectTerm`) VALUES ('147', '5');
INSERT INTO `museu`.`IndexingSubjects_SubjectTerms` (`IndexingSubject`, `SubjectTerm`) VALUES ('147', '6');


INSERT INTO `museu`.`IndexingSubjects` (`id_indexingSubjects`, `Object_Work_Record`) VALUES ('148', '148');
INSERT INTO `museu`.`IndexingSubjects_SubjectTerms` (`IndexingSubject`, `SubjectTerm`) VALUES ('148', '5');
INSERT INTO `museu`.`IndexingSubjects_SubjectTerms` (`IndexingSubject`, `SubjectTerm`) VALUES ('148', '6');


INSERT INTO `museu`.`IndexingSubjects` (`id_indexingSubjects`, `Object_Work_Record`) VALUES ('149', '149');
INSERT INTO `museu`.`IndexingSubjects_SubjectTerms` (`IndexingSubject`, `SubjectTerm`) VALUES ('149', '5');
INSERT INTO `museu`.`IndexingSubjects_SubjectTerms` (`IndexingSubject`, `SubjectTerm`) VALUES ('149', '6');


INSERT INTO `museu`.`IndexingSubjects` (`id_indexingSubjects`, `Object_Work_Record`) VALUES ('150', '150');
INSERT INTO `museu`.`IndexingSubjects_SubjectTerms` (`IndexingSubject`, `SubjectTerm`) VALUES ('150', '5');
INSERT INTO `museu`.`IndexingSubjects_SubjectTerms` (`IndexingSubject`, `SubjectTerm`) VALUES ('150', '6');


INSERT INTO `museu`.`IndexingSubjects` (`id_indexingSubjects`, `Object_Work_Record`) VALUES ('151', '151');
INSERT INTO `museu`.`IndexingSubjects_SubjectTerms` (`IndexingSubject`, `SubjectTerm`) VALUES ('151', '5');
INSERT INTO `museu`.`IndexingSubjects_SubjectTerms` (`IndexingSubject`, `SubjectTerm`) VALUES ('151', '6');


INSERT INTO `museu`.`IndexingSubjects` (`id_indexingSubjects`, `Object_Work_Record`) VALUES ('152', '152');
INSERT INTO `museu`.`IndexingSubjects_SubjectTerms` (`IndexingSubject`, `SubjectTerm`) VALUES ('152', '5');
INSERT INTO `museu`.`IndexingSubjects_SubjectTerms` (`IndexingSubject`, `SubjectTerm`) VALUES ('152', '6');


INSERT INTO `museu`.`IndexingSubjects` (`id_indexingSubjects`, `Object_Work_Record`) VALUES ('153', '153');
INSERT INTO `museu`.`IndexingSubjects_SubjectTerms` (`IndexingSubject`, `SubjectTerm`) VALUES ('153', '5');
INSERT INTO `museu`.`IndexingSubjects_SubjectTerms` (`IndexingSubject`, `SubjectTerm`) VALUES ('153', '6');


INSERT INTO `museu`.`IndexingSubjects` (`id_indexingSubjects`, `Object_Work_Record`) VALUES ('154', '154');
INSERT INTO `museu`.`IndexingSubjects_SubjectTerms` (`IndexingSubject`, `SubjectTerm`) VALUES ('154', '5');
INSERT INTO `museu`.`IndexingSubjects_SubjectTerms` (`IndexingSubject`, `SubjectTerm`) VALUES ('154', '6');


INSERT INTO `museu`.`IndexingSubjects` (`id_indexingSubjects`, `Object_Work_Record`) VALUES ('155', '155');
INSERT INTO `museu`.`IndexingSubjects_SubjectTerms` (`IndexingSubject`, `SubjectTerm`) VALUES ('155', '5');
INSERT INTO `museu`.`IndexingSubjects_SubjectTerms` (`IndexingSubject`, `SubjectTerm`) VALUES ('155', '6');


INSERT INTO `museu`.`IndexingSubjects` (`id_indexingSubjects`, `Object_Work_Record`) VALUES ('156', '156');
INSERT INTO `museu`.`IndexingSubjects_SubjectTerms` (`IndexingSubject`, `SubjectTerm`) VALUES ('156', '5');
INSERT INTO `museu`.`IndexingSubjects_SubjectTerms` (`IndexingSubject`, `SubjectTerm`) VALUES ('156', '6');


INSERT INTO `museu`.`IndexingSubjects` (`id_indexingSubjects`, `Object_Work_Record`) VALUES ('157', '157');
INSERT INTO `museu`.`IndexingSubjects_SubjectTerms` (`IndexingSubject`, `SubjectTerm`) VALUES ('157', '5');
INSERT INTO `museu`.`IndexingSubjects_SubjectTerms` (`IndexingSubject`, `SubjectTerm`) VALUES ('157', '6');


INSERT INTO `museu`.`IndexingSubjects` (`id_indexingSubjects`, `Object_Work_Record`) VALUES ('158', '158');
INSERT INTO `museu`.`IndexingSubjects_SubjectTerms` (`IndexingSubject`, `SubjectTerm`) VALUES ('158', '5');
INSERT INTO `museu`.`IndexingSubjects_SubjectTerms` (`IndexingSubject`, `SubjectTerm`) VALUES ('158', '6');


INSERT INTO `museu`.`IndexingSubjects` (`id_indexingSubjects`, `Object_Work_Record`) VALUES ('159', '159');
INSERT INTO `museu`.`IndexingSubjects_SubjectTerms` (`IndexingSubject`, `SubjectTerm`) VALUES ('159', '5');
INSERT INTO `museu`.`IndexingSubjects_SubjectTerms` (`IndexingSubject`, `SubjectTerm`) VALUES ('159', '6');


INSERT INTO `museu`.`IndexingSubjects` (`id_indexingSubjects`, `Object_Work_Record`) VALUES ('160', '160');
INSERT INTO `museu`.`IndexingSubjects_SubjectTerms` (`IndexingSubject`, `SubjectTerm`) VALUES ('160', '5');
INSERT INTO `museu`.`IndexingSubjects_SubjectTerms` (`IndexingSubject`, `SubjectTerm`) VALUES ('160', '6');


INSERT INTO `museu`.`IndexingSubjects` (`id_indexingSubjects`, `Object_Work_Record`) VALUES ('161', '161');
INSERT INTO `museu`.`IndexingSubjects_SubjectTerms` (`IndexingSubject`, `SubjectTerm`) VALUES ('161', '5');
INSERT INTO `museu`.`IndexingSubjects_SubjectTerms` (`IndexingSubject`, `SubjectTerm`) VALUES ('161', '6');


INSERT INTO `museu`.`IndexingSubjects` (`id_indexingSubjects`, `Object_Work_Record`) VALUES ('162', '162');
INSERT INTO `museu`.`IndexingSubjects_SubjectTerms` (`IndexingSubject`, `SubjectTerm`) VALUES ('162', '5');
INSERT INTO `museu`.`IndexingSubjects_SubjectTerms` (`IndexingSubject`, `SubjectTerm`) VALUES ('162', '6');


INSERT INTO `museu`.`IndexingSubjects` (`id_indexingSubjects`, `Object_Work_Record`) VALUES ('163', '163');
INSERT INTO `museu`.`IndexingSubjects_SubjectTerms` (`IndexingSubject`, `SubjectTerm`) VALUES ('163', '5');
INSERT INTO `museu`.`IndexingSubjects_SubjectTerms` (`IndexingSubject`, `SubjectTerm`) VALUES ('163', '6');


INSERT INTO `museu`.`IndexingSubjects` (`id_indexingSubjects`, `Object_Work_Record`) VALUES ('164', '164');
INSERT INTO `museu`.`IndexingSubjects_SubjectTerms` (`IndexingSubject`, `SubjectTerm`) VALUES ('164', '5');
INSERT INTO `museu`.`IndexingSubjects_SubjectTerms` (`IndexingSubject`, `SubjectTerm`) VALUES ('164', '6');


INSERT INTO `museu`.`IndexingSubjects` (`id_indexingSubjects`, `Object_Work_Record`) VALUES ('165', '165');
INSERT INTO `museu`.`IndexingSubjects_SubjectTerms` (`IndexingSubject`, `SubjectTerm`) VALUES ('165', '5');
INSERT INTO `museu`.`IndexingSubjects_SubjectTerms` (`IndexingSubject`, `SubjectTerm`) VALUES ('165', '6');


INSERT INTO `museu`.`IndexingSubjects` (`id_indexingSubjects`, `Object_Work_Record`) VALUES ('166', '166');
INSERT INTO `museu`.`IndexingSubjects_SubjectTerms` (`IndexingSubject`, `SubjectTerm`) VALUES ('166', '5');
INSERT INTO `museu`.`IndexingSubjects_SubjectTerms` (`IndexingSubject`, `SubjectTerm`) VALUES ('166', '6');


INSERT INTO `museu`.`IndexingSubjects` (`id_indexingSubjects`, `Object_Work_Record`) VALUES ('167', '167');
INSERT INTO `museu`.`IndexingSubjects_SubjectTerms` (`IndexingSubject`, `SubjectTerm`) VALUES ('167', '5');
INSERT INTO `museu`.`IndexingSubjects_SubjectTerms` (`IndexingSubject`, `SubjectTerm`) VALUES ('167', '6');


INSERT INTO `museu`.`IndexingSubjects` (`id_indexingSubjects`, `Object_Work_Record`) VALUES ('168', '168');
INSERT INTO `museu`.`IndexingSubjects_SubjectTerms` (`IndexingSubject`, `SubjectTerm`) VALUES ('168', '5');
INSERT INTO `museu`.`IndexingSubjects_SubjectTerms` (`IndexingSubject`, `SubjectTerm`) VALUES ('168', '6');


INSERT INTO `museu`.`IndexingSubjects` (`id_indexingSubjects`, `Object_Work_Record`) VALUES ('169', '169');
INSERT INTO `museu`.`IndexingSubjects_SubjectTerms` (`IndexingSubject`, `SubjectTerm`) VALUES ('169', '5');
INSERT INTO `museu`.`IndexingSubjects_SubjectTerms` (`IndexingSubject`, `SubjectTerm`) VALUES ('169', '6');


INSERT INTO `museu`.`IndexingSubjects` (`id_indexingSubjects`, `Object_Work_Record`) VALUES ('170', '170');
INSERT INTO `museu`.`IndexingSubjects_SubjectTerms` (`IndexingSubject`, `SubjectTerm`) VALUES ('170', '5');
INSERT INTO `museu`.`IndexingSubjects_SubjectTerms` (`IndexingSubject`, `SubjectTerm`) VALUES ('170', '6');


INSERT INTO `museu`.`IndexingSubjects` (`id_indexingSubjects`, `Object_Work_Record`) VALUES ('171', '171');
INSERT INTO `museu`.`IndexingSubjects_SubjectTerms` (`IndexingSubject`, `SubjectTerm`) VALUES ('171', '5');
INSERT INTO `museu`.`IndexingSubjects_SubjectTerms` (`IndexingSubject`, `SubjectTerm`) VALUES ('171', '6');


INSERT INTO `museu`.`IndexingSubjects` (`id_indexingSubjects`, `Object_Work_Record`) VALUES ('172', '172');
INSERT INTO `museu`.`IndexingSubjects_SubjectTerms` (`IndexingSubject`, `SubjectTerm`) VALUES ('172', '5');
INSERT INTO `museu`.`IndexingSubjects_SubjectTerms` (`IndexingSubject`, `SubjectTerm`) VALUES ('172', '6');


INSERT INTO `museu`.`IndexingSubjects` (`id_indexingSubjects`, `Object_Work_Record`) VALUES ('173', '173');
INSERT INTO `museu`.`IndexingSubjects_SubjectTerms` (`IndexingSubject`, `SubjectTerm`) VALUES ('173', '5');
INSERT INTO `museu`.`IndexingSubjects_SubjectTerms` (`IndexingSubject`, `SubjectTerm`) VALUES ('173', '6');


INSERT INTO `museu`.`IndexingSubjects` (`id_indexingSubjects`, `Object_Work_Record`) VALUES ('174', '174');
INSERT INTO `museu`.`IndexingSubjects_SubjectTerms` (`IndexingSubject`, `SubjectTerm`) VALUES ('174', '5');
INSERT INTO `museu`.`IndexingSubjects_SubjectTerms` (`IndexingSubject`, `SubjectTerm`) VALUES ('174', '6');


INSERT INTO `museu`.`IndexingSubjects` (`id_indexingSubjects`, `Object_Work_Record`) VALUES ('175', '175');
INSERT INTO `museu`.`IndexingSubjects_SubjectTerms` (`IndexingSubject`, `SubjectTerm`) VALUES ('175', '5');
INSERT INTO `museu`.`IndexingSubjects_SubjectTerms` (`IndexingSubject`, `SubjectTerm`) VALUES ('175', '6');


INSERT INTO `museu`.`IndexingSubjects` (`id_indexingSubjects`, `Object_Work_Record`) VALUES ('176', '176');
INSERT INTO `museu`.`IndexingSubjects_SubjectTerms` (`IndexingSubject`, `SubjectTerm`) VALUES ('176', '5');
INSERT INTO `museu`.`IndexingSubjects_SubjectTerms` (`IndexingSubject`, `SubjectTerm`) VALUES ('176', '6');


INSERT INTO `museu`.`IndexingSubjects` (`id_indexingSubjects`, `Object_Work_Record`) VALUES ('177', '177');
INSERT INTO `museu`.`IndexingSubjects_SubjectTerms` (`IndexingSubject`, `SubjectTerm`) VALUES ('177', '5');
INSERT INTO `museu`.`IndexingSubjects_SubjectTerms` (`IndexingSubject`, `SubjectTerm`) VALUES ('177', '6');


INSERT INTO `museu`.`IndexingSubjects` (`id_indexingSubjects`, `Object_Work_Record`) VALUES ('178', '178');
INSERT INTO `museu`.`IndexingSubjects_SubjectTerms` (`IndexingSubject`, `SubjectTerm`) VALUES ('178', '5');
INSERT INTO `museu`.`IndexingSubjects_SubjectTerms` (`IndexingSubject`, `SubjectTerm`) VALUES ('178', '6');


INSERT INTO `museu`.`IndexingSubjects` (`id_indexingSubjects`, `Object_Work_Record`) VALUES ('179', '179');
INSERT INTO `museu`.`IndexingSubjects_SubjectTerms` (`IndexingSubject`, `SubjectTerm`) VALUES ('179', '5');
INSERT INTO `museu`.`IndexingSubjects_SubjectTerms` (`IndexingSubject`, `SubjectTerm`) VALUES ('179', '6');


INSERT INTO `museu`.`IndexingSubjects` (`id_indexingSubjects`, `Object_Work_Record`) VALUES ('180', '180');
INSERT INTO `museu`.`IndexingSubjects_SubjectTerms` (`IndexingSubject`, `SubjectTerm`) VALUES ('180', '5');
INSERT INTO `museu`.`IndexingSubjects_SubjectTerms` (`IndexingSubject`, `SubjectTerm`) VALUES ('180', '6');


INSERT INTO `museu`.`IndexingSubjects` (`id_indexingSubjects`, `Object_Work_Record`) VALUES ('181', '181');
INSERT INTO `museu`.`IndexingSubjects_SubjectTerms` (`IndexingSubject`, `SubjectTerm`) VALUES ('181', '5');
INSERT INTO `museu`.`IndexingSubjects_SubjectTerms` (`IndexingSubject`, `SubjectTerm`) VALUES ('181', '6');


INSERT INTO `museu`.`IndexingSubjects` (`id_indexingSubjects`, `Object_Work_Record`) VALUES ('182', '182');
INSERT INTO `museu`.`IndexingSubjects_SubjectTerms` (`IndexingSubject`, `SubjectTerm`) VALUES ('182', '5');
INSERT INTO `museu`.`IndexingSubjects_SubjectTerms` (`IndexingSubject`, `SubjectTerm`) VALUES ('182', '6');


INSERT INTO `museu`.`IndexingSubjects` (`id_indexingSubjects`, `Object_Work_Record`) VALUES ('183', '183');
INSERT INTO `museu`.`IndexingSubjects_SubjectTerms` (`IndexingSubject`, `SubjectTerm`) VALUES ('183', '5');
INSERT INTO `museu`.`IndexingSubjects_SubjectTerms` (`IndexingSubject`, `SubjectTerm`) VALUES ('183', '6');


INSERT INTO `museu`.`IndexingSubjects` (`id_indexingSubjects`, `Object_Work_Record`) VALUES ('184', '184');
INSERT INTO `museu`.`IndexingSubjects_SubjectTerms` (`IndexingSubject`, `SubjectTerm`) VALUES ('184', '5');
INSERT INTO `museu`.`IndexingSubjects_SubjectTerms` (`IndexingSubject`, `SubjectTerm`) VALUES ('184', '6');


INSERT INTO `museu`.`IndexingSubjects` (`id_indexingSubjects`, `Object_Work_Record`) VALUES ('185', '185');
INSERT INTO `museu`.`IndexingSubjects_SubjectTerms` (`IndexingSubject`, `SubjectTerm`) VALUES ('185', '5');
INSERT INTO `museu`.`IndexingSubjects_SubjectTerms` (`IndexingSubject`, `SubjectTerm`) VALUES ('185', '6');


INSERT INTO `museu`.`IndexingSubjects` (`id_indexingSubjects`, `Object_Work_Record`) VALUES ('186', '186');
INSERT INTO `museu`.`IndexingSubjects_SubjectTerms` (`IndexingSubject`, `SubjectTerm`) VALUES ('186', '5');
INSERT INTO `museu`.`IndexingSubjects_SubjectTerms` (`IndexingSubject`, `SubjectTerm`) VALUES ('186', '6');


INSERT INTO `museu`.`IndexingSubjects` (`id_indexingSubjects`, `Object_Work_Record`) VALUES ('187', '187');
INSERT INTO `museu`.`IndexingSubjects_SubjectTerms` (`IndexingSubject`, `SubjectTerm`) VALUES ('187', '5');
INSERT INTO `museu`.`IndexingSubjects_SubjectTerms` (`IndexingSubject`, `SubjectTerm`) VALUES ('187', '6');


INSERT INTO `museu`.`IndexingSubjects` (`id_indexingSubjects`, `Object_Work_Record`) VALUES ('188', '188');
INSERT INTO `museu`.`IndexingSubjects_SubjectTerms` (`IndexingSubject`, `SubjectTerm`) VALUES ('188', '5');
INSERT INTO `museu`.`IndexingSubjects_SubjectTerms` (`IndexingSubject`, `SubjectTerm`) VALUES ('188', '6');


INSERT INTO `museu`.`IndexingSubjects` (`id_indexingSubjects`, `Object_Work_Record`) VALUES ('189', '189');
INSERT INTO `museu`.`IndexingSubjects_SubjectTerms` (`IndexingSubject`, `SubjectTerm`) VALUES ('189', '5');
INSERT INTO `museu`.`IndexingSubjects_SubjectTerms` (`IndexingSubject`, `SubjectTerm`) VALUES ('189', '6');


INSERT INTO `museu`.`IndexingSubjects` (`id_indexingSubjects`, `Object_Work_Record`) VALUES ('190', '190');
INSERT INTO `museu`.`IndexingSubjects_SubjectTerms` (`IndexingSubject`, `SubjectTerm`) VALUES ('190', '5');
INSERT INTO `museu`.`IndexingSubjects_SubjectTerms` (`IndexingSubject`, `SubjectTerm`) VALUES ('190', '6');


INSERT INTO `museu`.`IndexingSubjects` (`id_indexingSubjects`, `Object_Work_Record`) VALUES ('191', '191');
INSERT INTO `museu`.`IndexingSubjects_SubjectTerms` (`IndexingSubject`, `SubjectTerm`) VALUES ('191', '5');
INSERT INTO `museu`.`IndexingSubjects_SubjectTerms` (`IndexingSubject`, `SubjectTerm`) VALUES ('191', '6');


INSERT INTO `museu`.`IndexingSubjects` (`id_indexingSubjects`, `Object_Work_Record`) VALUES ('192', '192');
INSERT INTO `museu`.`IndexingSubjects_SubjectTerms` (`IndexingSubject`, `SubjectTerm`) VALUES ('192', '5');
INSERT INTO `museu`.`IndexingSubjects_SubjectTerms` (`IndexingSubject`, `SubjectTerm`) VALUES ('192', '6');


INSERT INTO `museu`.`IndexingSubjects` (`id_indexingSubjects`, `Object_Work_Record`) VALUES ('193', '193');
INSERT INTO `museu`.`IndexingSubjects_SubjectTerms` (`IndexingSubject`, `SubjectTerm`) VALUES ('193', '5');
INSERT INTO `museu`.`IndexingSubjects_SubjectTerms` (`IndexingSubject`, `SubjectTerm`) VALUES ('193', '6');


INSERT INTO `museu`.`IndexingSubjects` (`id_indexingSubjects`, `Object_Work_Record`) VALUES ('194', '194');
INSERT INTO `museu`.`IndexingSubjects_SubjectTerms` (`IndexingSubject`, `SubjectTerm`) VALUES ('194', '5');
INSERT INTO `museu`.`IndexingSubjects_SubjectTerms` (`IndexingSubject`, `SubjectTerm`) VALUES ('194', '6');


INSERT INTO `museu`.`IndexingSubjects` (`id_indexingSubjects`, `Object_Work_Record`) VALUES ('195', '195');
INSERT INTO `museu`.`IndexingSubjects_SubjectTerms` (`IndexingSubject`, `SubjectTerm`) VALUES ('195', '5');
INSERT INTO `museu`.`IndexingSubjects_SubjectTerms` (`IndexingSubject`, `SubjectTerm`) VALUES ('195', '6');


INSERT INTO `museu`.`IndexingSubjects` (`id_indexingSubjects`, `Object_Work_Record`) VALUES ('196', '196');
INSERT INTO `museu`.`IndexingSubjects_SubjectTerms` (`IndexingSubject`, `SubjectTerm`) VALUES ('196', '5');
INSERT INTO `museu`.`IndexingSubjects_SubjectTerms` (`IndexingSubject`, `SubjectTerm`) VALUES ('196', '6');


INSERT INTO `museu`.`IndexingSubjects` (`id_indexingSubjects`, `Object_Work_Record`) VALUES ('197', '197');
INSERT INTO `museu`.`IndexingSubjects_SubjectTerms` (`IndexingSubject`, `SubjectTerm`) VALUES ('197', '5');
INSERT INTO `museu`.`IndexingSubjects_SubjectTerms` (`IndexingSubject`, `SubjectTerm`) VALUES ('197', '6');


INSERT INTO `museu`.`IndexingSubjects` (`id_indexingSubjects`, `Object_Work_Record`) VALUES ('198', '198');
INSERT INTO `museu`.`IndexingSubjects_SubjectTerms` (`IndexingSubject`, `SubjectTerm`) VALUES ('198', '5');
INSERT INTO `museu`.`IndexingSubjects_SubjectTerms` (`IndexingSubject`, `SubjectTerm`) VALUES ('198', '6');


INSERT INTO `museu`.`IndexingSubjects` (`id_indexingSubjects`, `Object_Work_Record`) VALUES ('199', '199');
INSERT INTO `museu`.`IndexingSubjects_SubjectTerms` (`IndexingSubject`, `SubjectTerm`) VALUES ('199', '5');
INSERT INTO `museu`.`IndexingSubjects_SubjectTerms` (`IndexingSubject`, `SubjectTerm`) VALUES ('199', '6');


INSERT INTO `museu`.`IndexingSubjects` (`id_indexingSubjects`, `Object_Work_Record`) VALUES ('200', '200');
INSERT INTO `museu`.`IndexingSubjects_SubjectTerms` (`IndexingSubject`, `SubjectTerm`) VALUES ('200', '5');
INSERT INTO `museu`.`IndexingSubjects_SubjectTerms` (`IndexingSubject`, `SubjectTerm`) VALUES ('200', '6');


INSERT INTO `museu`.`IndexingSubjects` (`id_indexingSubjects`, `Object_Work_Record`) VALUES ('201', '201');
INSERT INTO `museu`.`IndexingSubjects_SubjectTerms` (`IndexingSubject`, `SubjectTerm`) VALUES ('201', '5');
INSERT INTO `museu`.`IndexingSubjects_SubjectTerms` (`IndexingSubject`, `SubjectTerm`) VALUES ('201', '6');


INSERT INTO `museu`.`IndexingSubjects` (`id_indexingSubjects`, `Object_Work_Record`) VALUES ('202', '202');
INSERT INTO `museu`.`IndexingSubjects_SubjectTerms` (`IndexingSubject`, `SubjectTerm`) VALUES ('202', '5');
INSERT INTO `museu`.`IndexingSubjects_SubjectTerms` (`IndexingSubject`, `SubjectTerm`) VALUES ('202', '6');


INSERT INTO `museu`.`IndexingSubjects` (`id_indexingSubjects`, `Object_Work_Record`) VALUES ('203', '203');
INSERT INTO `museu`.`IndexingSubjects_SubjectTerms` (`IndexingSubject`, `SubjectTerm`) VALUES ('203', '5');
INSERT INTO `museu`.`IndexingSubjects_SubjectTerms` (`IndexingSubject`, `SubjectTerm`) VALUES ('203', '6');


INSERT INTO `museu`.`IndexingSubjects` (`id_indexingSubjects`, `Object_Work_Record`) VALUES ('204', '204');
INSERT INTO `museu`.`IndexingSubjects_SubjectTerms` (`IndexingSubject`, `SubjectTerm`) VALUES ('204', '5');
INSERT INTO `museu`.`IndexingSubjects_SubjectTerms` (`IndexingSubject`, `SubjectTerm`) VALUES ('204', '6');


INSERT INTO `museu`.`IndexingSubjects` (`id_indexingSubjects`, `Object_Work_Record`) VALUES ('205', '205');
INSERT INTO `museu`.`IndexingSubjects_SubjectTerms` (`IndexingSubject`, `SubjectTerm`) VALUES ('205', '5');
INSERT INTO `museu`.`IndexingSubjects_SubjectTerms` (`IndexingSubject`, `SubjectTerm`) VALUES ('205', '6');


INSERT INTO `museu`.`IndexingSubjects` (`id_indexingSubjects`, `Object_Work_Record`) VALUES ('206', '206');
INSERT INTO `museu`.`IndexingSubjects_SubjectTerms` (`IndexingSubject`, `SubjectTerm`) VALUES ('206', '5');
INSERT INTO `museu`.`IndexingSubjects_SubjectTerms` (`IndexingSubject`, `SubjectTerm`) VALUES ('206', '6');


INSERT INTO `museu`.`IndexingSubjects` (`id_indexingSubjects`, `Object_Work_Record`) VALUES ('207', '207');
INSERT INTO `museu`.`IndexingSubjects_SubjectTerms` (`IndexingSubject`, `SubjectTerm`) VALUES ('207', '5');
INSERT INTO `museu`.`IndexingSubjects_SubjectTerms` (`IndexingSubject`, `SubjectTerm`) VALUES ('207', '6');


INSERT INTO `museu`.`IndexingSubjects` (`id_indexingSubjects`, `Object_Work_Record`) VALUES ('208', '208');
INSERT INTO `museu`.`IndexingSubjects_SubjectTerms` (`IndexingSubject`, `SubjectTerm`) VALUES ('208', '5');
INSERT INTO `museu`.`IndexingSubjects_SubjectTerms` (`IndexingSubject`, `SubjectTerm`) VALUES ('208', '6');


INSERT INTO `museu`.`IndexingSubjects` (`id_indexingSubjects`, `Object_Work_Record`) VALUES ('209', '209');
INSERT INTO `museu`.`IndexingSubjects_SubjectTerms` (`IndexingSubject`, `SubjectTerm`) VALUES ('209', '5');
INSERT INTO `museu`.`IndexingSubjects_SubjectTerms` (`IndexingSubject`, `SubjectTerm`) VALUES ('209', '6');


INSERT INTO `museu`.`IndexingSubjects` (`id_indexingSubjects`, `Object_Work_Record`) VALUES ('210', '210');
INSERT INTO `museu`.`IndexingSubjects_SubjectTerms` (`IndexingSubject`, `SubjectTerm`) VALUES ('210', '5');
INSERT INTO `museu`.`IndexingSubjects_SubjectTerms` (`IndexingSubject`, `SubjectTerm`) VALUES ('210', '6');


INSERT INTO `museu`.`IndexingSubjects` (`id_indexingSubjects`, `Object_Work_Record`) VALUES ('211', '211');
INSERT INTO `museu`.`IndexingSubjects_SubjectTerms` (`IndexingSubject`, `SubjectTerm`) VALUES ('211', '5');
INSERT INTO `museu`.`IndexingSubjects_SubjectTerms` (`IndexingSubject`, `SubjectTerm`) VALUES ('211', '6');


INSERT INTO `museu`.`IndexingSubjects` (`id_indexingSubjects`, `Object_Work_Record`) VALUES ('212', '212');
INSERT INTO `museu`.`IndexingSubjects_SubjectTerms` (`IndexingSubject`, `SubjectTerm`) VALUES ('212', '5');
INSERT INTO `museu`.`IndexingSubjects_SubjectTerms` (`IndexingSubject`, `SubjectTerm`) VALUES ('212', '6');


INSERT INTO `museu`.`IndexingSubjects` (`id_indexingSubjects`, `Object_Work_Record`) VALUES ('213', '213');
INSERT INTO `museu`.`IndexingSubjects_SubjectTerms` (`IndexingSubject`, `SubjectTerm`) VALUES ('213', '5');
INSERT INTO `museu`.`IndexingSubjects_SubjectTerms` (`IndexingSubject`, `SubjectTerm`) VALUES ('213', '6');


INSERT INTO `museu`.`IndexingSubjects` (`id_indexingSubjects`, `Object_Work_Record`) VALUES ('214', '214');
INSERT INTO `museu`.`IndexingSubjects_SubjectTerms` (`IndexingSubject`, `SubjectTerm`) VALUES ('214', '5');
INSERT INTO `museu`.`IndexingSubjects_SubjectTerms` (`IndexingSubject`, `SubjectTerm`) VALUES ('214', '6');


INSERT INTO `museu`.`IndexingSubjects` (`id_indexingSubjects`, `Object_Work_Record`) VALUES ('215', '215');
INSERT INTO `museu`.`IndexingSubjects_SubjectTerms` (`IndexingSubject`, `SubjectTerm`) VALUES ('215', '5');
INSERT INTO `museu`.`IndexingSubjects_SubjectTerms` (`IndexingSubject`, `SubjectTerm`) VALUES ('215', '6');


INSERT INTO `museu`.`IndexingSubjects` (`id_indexingSubjects`, `Object_Work_Record`) VALUES ('216', '216');
INSERT INTO `museu`.`IndexingSubjects_SubjectTerms` (`IndexingSubject`, `SubjectTerm`) VALUES ('216', '5');
INSERT INTO `museu`.`IndexingSubjects_SubjectTerms` (`IndexingSubject`, `SubjectTerm`) VALUES ('216', '6');


INSERT INTO `museu`.`IndexingSubjects` (`id_indexingSubjects`, `Object_Work_Record`) VALUES ('217', '217');
INSERT INTO `museu`.`IndexingSubjects_SubjectTerms` (`IndexingSubject`, `SubjectTerm`) VALUES ('217', '5');
INSERT INTO `museu`.`IndexingSubjects_SubjectTerms` (`IndexingSubject`, `SubjectTerm`) VALUES ('217', '6');


INSERT INTO `museu`.`IndexingSubjects` (`id_indexingSubjects`, `Object_Work_Record`) VALUES ('218', '218');
INSERT INTO `museu`.`IndexingSubjects_SubjectTerms` (`IndexingSubject`, `SubjectTerm`) VALUES ('218', '5');
INSERT INTO `museu`.`IndexingSubjects_SubjectTerms` (`IndexingSubject`, `SubjectTerm`) VALUES ('218', '6');


INSERT INTO `museu`.`IndexingSubjects` (`id_indexingSubjects`, `Object_Work_Record`) VALUES ('219', '219');
INSERT INTO `museu`.`IndexingSubjects_SubjectTerms` (`IndexingSubject`, `SubjectTerm`) VALUES ('219', '5');
INSERT INTO `museu`.`IndexingSubjects_SubjectTerms` (`IndexingSubject`, `SubjectTerm`) VALUES ('219', '6');


INSERT INTO `museu`.`IndexingSubjects` (`id_indexingSubjects`, `Object_Work_Record`) VALUES ('220', '220');
INSERT INTO `museu`.`IndexingSubjects_SubjectTerms` (`IndexingSubject`, `SubjectTerm`) VALUES ('220', '5');
INSERT INTO `museu`.`IndexingSubjects_SubjectTerms` (`IndexingSubject`, `SubjectTerm`) VALUES ('220', '6');


INSERT INTO `museu`.`IndexingSubjects` (`id_indexingSubjects`, `Object_Work_Record`) VALUES ('221', '221');
INSERT INTO `museu`.`IndexingSubjects_SubjectTerms` (`IndexingSubject`, `SubjectTerm`) VALUES ('221', '5');
INSERT INTO `museu`.`IndexingSubjects_SubjectTerms` (`IndexingSubject`, `SubjectTerm`) VALUES ('221', '6');


INSERT INTO `museu`.`IndexingSubjects` (`id_indexingSubjects`, `Object_Work_Record`) VALUES ('222', '222');
INSERT INTO `museu`.`IndexingSubjects_SubjectTerms` (`IndexingSubject`, `SubjectTerm`) VALUES ('222', '5');
INSERT INTO `museu`.`IndexingSubjects_SubjectTerms` (`IndexingSubject`, `SubjectTerm`) VALUES ('222', '6');


INSERT INTO `museu`.`IndexingSubjects` (`id_indexingSubjects`, `Object_Work_Record`) VALUES ('223', '223');
INSERT INTO `museu`.`IndexingSubjects_SubjectTerms` (`IndexingSubject`, `SubjectTerm`) VALUES ('223', '5');
INSERT INTO `museu`.`IndexingSubjects_SubjectTerms` (`IndexingSubject`, `SubjectTerm`) VALUES ('223', '6');


INSERT INTO `museu`.`IndexingSubjects` (`id_indexingSubjects`, `Object_Work_Record`) VALUES ('224', '224');
INSERT INTO `museu`.`IndexingSubjects_SubjectTerms` (`IndexingSubject`, `SubjectTerm`) VALUES ('224', '5');
INSERT INTO `museu`.`IndexingSubjects_SubjectTerms` (`IndexingSubject`, `SubjectTerm`) VALUES ('224', '6');


INSERT INTO `museu`.`IndexingSubjects` (`id_indexingSubjects`, `Object_Work_Record`) VALUES ('225', '225');
INSERT INTO `museu`.`IndexingSubjects_SubjectTerms` (`IndexingSubject`, `SubjectTerm`) VALUES ('225', '5');
INSERT INTO `museu`.`IndexingSubjects_SubjectTerms` (`IndexingSubject`, `SubjectTerm`) VALUES ('225', '6');


INSERT INTO `museu`.`IndexingSubjects` (`id_indexingSubjects`, `Object_Work_Record`) VALUES ('226', '226');
INSERT INTO `museu`.`IndexingSubjects_SubjectTerms` (`IndexingSubject`, `SubjectTerm`) VALUES ('226', '5');
INSERT INTO `museu`.`IndexingSubjects_SubjectTerms` (`IndexingSubject`, `SubjectTerm`) VALUES ('226', '6');


INSERT INTO `museu`.`IndexingSubjects` (`id_indexingSubjects`, `Object_Work_Record`) VALUES ('227', '227');
INSERT INTO `museu`.`IndexingSubjects_SubjectTerms` (`IndexingSubject`, `SubjectTerm`) VALUES ('227', '5');
INSERT INTO `museu`.`IndexingSubjects_SubjectTerms` (`IndexingSubject`, `SubjectTerm`) VALUES ('227', '6');


INSERT INTO `museu`.`IndexingSubjects` (`id_indexingSubjects`, `Object_Work_Record`) VALUES ('228', '228');
INSERT INTO `museu`.`IndexingSubjects_SubjectTerms` (`IndexingSubject`, `SubjectTerm`) VALUES ('228', '5');
INSERT INTO `museu`.`IndexingSubjects_SubjectTerms` (`IndexingSubject`, `SubjectTerm`) VALUES ('228', '6');


INSERT INTO `museu`.`IndexingSubjects` (`id_indexingSubjects`, `Object_Work_Record`) VALUES ('229', '229');
INSERT INTO `museu`.`IndexingSubjects_SubjectTerms` (`IndexingSubject`, `SubjectTerm`) VALUES ('229', '5');
INSERT INTO `museu`.`IndexingSubjects_SubjectTerms` (`IndexingSubject`, `SubjectTerm`) VALUES ('229', '6');


INSERT INTO `museu`.`IndexingSubjects` (`id_indexingSubjects`, `Object_Work_Record`) VALUES ('230', '230');
INSERT INTO `museu`.`IndexingSubjects_SubjectTerms` (`IndexingSubject`, `SubjectTerm`) VALUES ('230', '5');
INSERT INTO `museu`.`IndexingSubjects_SubjectTerms` (`IndexingSubject`, `SubjectTerm`) VALUES ('230', '6');


INSERT INTO `museu`.`IndexingSubjects` (`id_indexingSubjects`, `Object_Work_Record`) VALUES ('231', '231');
INSERT INTO `museu`.`IndexingSubjects_SubjectTerms` (`IndexingSubject`, `SubjectTerm`) VALUES ('231', '5');
INSERT INTO `museu`.`IndexingSubjects_SubjectTerms` (`IndexingSubject`, `SubjectTerm`) VALUES ('231', '6');


INSERT INTO `museu`.`IndexingSubjects` (`id_indexingSubjects`, `Object_Work_Record`) VALUES ('232', '232');
INSERT INTO `museu`.`IndexingSubjects_SubjectTerms` (`IndexingSubject`, `SubjectTerm`) VALUES ('232', '5');
INSERT INTO `museu`.`IndexingSubjects_SubjectTerms` (`IndexingSubject`, `SubjectTerm`) VALUES ('232', '6');


INSERT INTO `museu`.`IndexingSubjects` (`id_indexingSubjects`, `Object_Work_Record`) VALUES ('233', '233');
INSERT INTO `museu`.`IndexingSubjects_SubjectTerms` (`IndexingSubject`, `SubjectTerm`) VALUES ('233', '5');
INSERT INTO `museu`.`IndexingSubjects_SubjectTerms` (`IndexingSubject`, `SubjectTerm`) VALUES ('233', '6');


INSERT INTO `museu`.`IndexingSubjects` (`id_indexingSubjects`, `Object_Work_Record`) VALUES ('234', '234');
INSERT INTO `museu`.`IndexingSubjects_SubjectTerms` (`IndexingSubject`, `SubjectTerm`) VALUES ('234', '5');
INSERT INTO `museu`.`IndexingSubjects_SubjectTerms` (`IndexingSubject`, `SubjectTerm`) VALUES ('234', '6');


INSERT INTO `museu`.`IndexingSubjects` (`id_indexingSubjects`, `Object_Work_Record`) VALUES ('235', '235');
INSERT INTO `museu`.`IndexingSubjects_SubjectTerms` (`IndexingSubject`, `SubjectTerm`) VALUES ('235', '5');
INSERT INTO `museu`.`IndexingSubjects_SubjectTerms` (`IndexingSubject`, `SubjectTerm`) VALUES ('235', '6');


INSERT INTO `museu`.`IndexingSubjects` (`id_indexingSubjects`, `Object_Work_Record`) VALUES ('236', '236');
INSERT INTO `museu`.`IndexingSubjects_SubjectTerms` (`IndexingSubject`, `SubjectTerm`) VALUES ('236', '5');
INSERT INTO `museu`.`IndexingSubjects_SubjectTerms` (`IndexingSubject`, `SubjectTerm`) VALUES ('236', '6');


INSERT INTO `museu`.`IndexingSubjects` (`id_indexingSubjects`, `Object_Work_Record`) VALUES ('237', '237');
INSERT INTO `museu`.`IndexingSubjects_SubjectTerms` (`IndexingSubject`, `SubjectTerm`) VALUES ('237', '5');
INSERT INTO `museu`.`IndexingSubjects_SubjectTerms` (`IndexingSubject`, `SubjectTerm`) VALUES ('237', '6');


INSERT INTO `museu`.`IndexingSubjects` (`id_indexingSubjects`, `Object_Work_Record`) VALUES ('238', '238');
INSERT INTO `museu`.`IndexingSubjects_SubjectTerms` (`IndexingSubject`, `SubjectTerm`) VALUES ('238', '5');
INSERT INTO `museu`.`IndexingSubjects_SubjectTerms` (`IndexingSubject`, `SubjectTerm`) VALUES ('238', '6');


INSERT INTO `museu`.`IndexingSubjects` (`id_indexingSubjects`, `Object_Work_Record`) VALUES ('239', '239');
INSERT INTO `museu`.`IndexingSubjects_SubjectTerms` (`IndexingSubject`, `SubjectTerm`) VALUES ('239', '5');
INSERT INTO `museu`.`IndexingSubjects_SubjectTerms` (`IndexingSubject`, `SubjectTerm`) VALUES ('239', '6');


INSERT INTO `museu`.`IndexingSubjects` (`id_indexingSubjects`, `Object_Work_Record`) VALUES ('240', '240');
INSERT INTO `museu`.`IndexingSubjects_SubjectTerms` (`IndexingSubject`, `SubjectTerm`) VALUES ('240', '5');
INSERT INTO `museu`.`IndexingSubjects_SubjectTerms` (`IndexingSubject`, `SubjectTerm`) VALUES ('240', '6');


INSERT INTO `museu`.`IndexingSubjects` (`id_indexingSubjects`, `Object_Work_Record`) VALUES ('241', '241');
INSERT INTO `museu`.`IndexingSubjects_SubjectTerms` (`IndexingSubject`, `SubjectTerm`) VALUES ('241', '5');
INSERT INTO `museu`.`IndexingSubjects_SubjectTerms` (`IndexingSubject`, `SubjectTerm`) VALUES ('241', '6');


INSERT INTO `museu`.`IndexingSubjects` (`id_indexingSubjects`, `Object_Work_Record`) VALUES ('242', '242');
INSERT INTO `museu`.`IndexingSubjects_SubjectTerms` (`IndexingSubject`, `SubjectTerm`) VALUES ('242', '5');
INSERT INTO `museu`.`IndexingSubjects_SubjectTerms` (`IndexingSubject`, `SubjectTerm`) VALUES ('242', '6');


INSERT INTO `museu`.`IndexingSubjects` (`id_indexingSubjects`, `Object_Work_Record`) VALUES ('243', '243');
INSERT INTO `museu`.`IndexingSubjects_SubjectTerms` (`IndexingSubject`, `SubjectTerm`) VALUES ('243', '5');
INSERT INTO `museu`.`IndexingSubjects_SubjectTerms` (`IndexingSubject`, `SubjectTerm`) VALUES ('243', '6');


INSERT INTO `museu`.`IndexingSubjects` (`id_indexingSubjects`, `Object_Work_Record`) VALUES ('244', '244');
INSERT INTO `museu`.`IndexingSubjects_SubjectTerms` (`IndexingSubject`, `SubjectTerm`) VALUES ('244', '5');
INSERT INTO `museu`.`IndexingSubjects_SubjectTerms` (`IndexingSubject`, `SubjectTerm`) VALUES ('244', '6');


INSERT INTO `museu`.`IndexingSubjects` (`id_indexingSubjects`, `Object_Work_Record`) VALUES ('245', '245');
INSERT INTO `museu`.`IndexingSubjects_SubjectTerms` (`IndexingSubject`, `SubjectTerm`) VALUES ('245', '5');
INSERT INTO `museu`.`IndexingSubjects_SubjectTerms` (`IndexingSubject`, `SubjectTerm`) VALUES ('245', '6');


INSERT INTO `museu`.`IndexingSubjects` (`id_indexingSubjects`, `Object_Work_Record`) VALUES ('246', '246');
INSERT INTO `museu`.`IndexingSubjects_SubjectTerms` (`IndexingSubject`, `SubjectTerm`) VALUES ('246', '5');
INSERT INTO `museu`.`IndexingSubjects_SubjectTerms` (`IndexingSubject`, `SubjectTerm`) VALUES ('246', '6');


INSERT INTO `museu`.`IndexingSubjects` (`id_indexingSubjects`, `Object_Work_Record`) VALUES ('247', '247');
INSERT INTO `museu`.`IndexingSubjects_SubjectTerms` (`IndexingSubject`, `SubjectTerm`) VALUES ('247', '5');
INSERT INTO `museu`.`IndexingSubjects_SubjectTerms` (`IndexingSubject`, `SubjectTerm`) VALUES ('247', '6');


INSERT INTO `museu`.`IndexingSubjects` (`id_indexingSubjects`, `Object_Work_Record`) VALUES ('248', '248');
INSERT INTO `museu`.`IndexingSubjects_SubjectTerms` (`IndexingSubject`, `SubjectTerm`) VALUES ('248', '5');
INSERT INTO `museu`.`IndexingSubjects_SubjectTerms` (`IndexingSubject`, `SubjectTerm`) VALUES ('248', '6');


INSERT INTO `museu`.`IndexingSubjects` (`id_indexingSubjects`, `Object_Work_Record`) VALUES ('249', '249');
INSERT INTO `museu`.`IndexingSubjects_SubjectTerms` (`IndexingSubject`, `SubjectTerm`) VALUES ('249', '5');
INSERT INTO `museu`.`IndexingSubjects_SubjectTerms` (`IndexingSubject`, `SubjectTerm`) VALUES ('249', '6');


INSERT INTO `museu`.`IndexingSubjects` (`id_indexingSubjects`, `Object_Work_Record`) VALUES ('250', '250');
INSERT INTO `museu`.`IndexingSubjects_SubjectTerms` (`IndexingSubject`, `SubjectTerm`) VALUES ('250', '5');
INSERT INTO `museu`.`IndexingSubjects_SubjectTerms` (`IndexingSubject`, `SubjectTerm`) VALUES ('250', '6');


INSERT INTO `museu`.`IndexingSubjects` (`id_indexingSubjects`, `Object_Work_Record`) VALUES ('251', '251');
INSERT INTO `museu`.`IndexingSubjects_SubjectTerms` (`IndexingSubject`, `SubjectTerm`) VALUES ('251', '5');
INSERT INTO `museu`.`IndexingSubjects_SubjectTerms` (`IndexingSubject`, `SubjectTerm`) VALUES ('251', '6');


INSERT INTO `museu`.`IndexingSubjects` (`id_indexingSubjects`, `Object_Work_Record`) VALUES ('252', '252');
INSERT INTO `museu`.`IndexingSubjects_SubjectTerms` (`IndexingSubject`, `SubjectTerm`) VALUES ('252', '5');
INSERT INTO `museu`.`IndexingSubjects_SubjectTerms` (`IndexingSubject`, `SubjectTerm`) VALUES ('252', '6');


INSERT INTO `museu`.`IndexingSubjects` (`id_indexingSubjects`, `Object_Work_Record`) VALUES ('253', '253');
INSERT INTO `museu`.`IndexingSubjects_SubjectTerms` (`IndexingSubject`, `SubjectTerm`) VALUES ('253', '5');
INSERT INTO `museu`.`IndexingSubjects_SubjectTerms` (`IndexingSubject`, `SubjectTerm`) VALUES ('253', '6');


INSERT INTO `museu`.`IndexingSubjects` (`id_indexingSubjects`, `Object_Work_Record`) VALUES ('254', '254');
INSERT INTO `museu`.`IndexingSubjects_SubjectTerms` (`IndexingSubject`, `SubjectTerm`) VALUES ('254', '5');
INSERT INTO `museu`.`IndexingSubjects_SubjectTerms` (`IndexingSubject`, `SubjectTerm`) VALUES ('254', '6');


INSERT INTO `museu`.`IndexingSubjects` (`id_indexingSubjects`, `Object_Work_Record`) VALUES ('255', '255');
INSERT INTO `museu`.`IndexingSubjects_SubjectTerms` (`IndexingSubject`, `SubjectTerm`) VALUES ('255', '5');
INSERT INTO `museu`.`IndexingSubjects_SubjectTerms` (`IndexingSubject`, `SubjectTerm`) VALUES ('255', '6');


INSERT INTO `museu`.`IndexingSubjects` (`id_indexingSubjects`, `Object_Work_Record`) VALUES ('256', '256');
INSERT INTO `museu`.`IndexingSubjects_SubjectTerms` (`IndexingSubject`, `SubjectTerm`) VALUES ('256', '5');
INSERT INTO `museu`.`IndexingSubjects_SubjectTerms` (`IndexingSubject`, `SubjectTerm`) VALUES ('256', '6');


INSERT INTO `museu`.`IndexingSubjects` (`id_indexingSubjects`, `Object_Work_Record`) VALUES ('257', '257');
INSERT INTO `museu`.`IndexingSubjects_SubjectTerms` (`IndexingSubject`, `SubjectTerm`) VALUES ('257', '5');
INSERT INTO `museu`.`IndexingSubjects_SubjectTerms` (`IndexingSubject`, `SubjectTerm`) VALUES ('257', '6');


INSERT INTO `museu`.`IndexingSubjects` (`id_indexingSubjects`, `Object_Work_Record`) VALUES ('258', '258');
INSERT INTO `museu`.`IndexingSubjects_SubjectTerms` (`IndexingSubject`, `SubjectTerm`) VALUES ('258', '5');
INSERT INTO `museu`.`IndexingSubjects_SubjectTerms` (`IndexingSubject`, `SubjectTerm`) VALUES ('258', '6');


INSERT INTO `museu`.`IndexingSubjects` (`id_indexingSubjects`, `Object_Work_Record`) VALUES ('259', '259');
INSERT INTO `museu`.`IndexingSubjects_SubjectTerms` (`IndexingSubject`, `SubjectTerm`) VALUES ('259', '5');
INSERT INTO `museu`.`IndexingSubjects_SubjectTerms` (`IndexingSubject`, `SubjectTerm`) VALUES ('259', '6');


INSERT INTO `museu`.`IndexingSubjects` (`id_indexingSubjects`, `Object_Work_Record`) VALUES ('260', '260');
INSERT INTO `museu`.`IndexingSubjects_SubjectTerms` (`IndexingSubject`, `SubjectTerm`) VALUES ('260', '5');
INSERT INTO `museu`.`IndexingSubjects_SubjectTerms` (`IndexingSubject`, `SubjectTerm`) VALUES ('260', '6');


INSERT INTO `museu`.`IndexingSubjects` (`id_indexingSubjects`, `Object_Work_Record`) VALUES ('261', '261');
INSERT INTO `museu`.`IndexingSubjects_SubjectTerms` (`IndexingSubject`, `SubjectTerm`) VALUES ('261', '5');
INSERT INTO `museu`.`IndexingSubjects_SubjectTerms` (`IndexingSubject`, `SubjectTerm`) VALUES ('261', '6');


INSERT INTO `museu`.`IndexingSubjects` (`id_indexingSubjects`, `Object_Work_Record`) VALUES ('262', '262');
INSERT INTO `museu`.`IndexingSubjects_SubjectTerms` (`IndexingSubject`, `SubjectTerm`) VALUES ('262', '5');
INSERT INTO `museu`.`IndexingSubjects_SubjectTerms` (`IndexingSubject`, `SubjectTerm`) VALUES ('262', '6');


INSERT INTO `museu`.`IndexingSubjects` (`id_indexingSubjects`, `Object_Work_Record`) VALUES ('263', '263');
INSERT INTO `museu`.`IndexingSubjects_SubjectTerms` (`IndexingSubject`, `SubjectTerm`) VALUES ('263', '5');
INSERT INTO `museu`.`IndexingSubjects_SubjectTerms` (`IndexingSubject`, `SubjectTerm`) VALUES ('263', '6');


INSERT INTO `museu`.`IndexingSubjects` (`id_indexingSubjects`, `Object_Work_Record`) VALUES ('264', '264');
INSERT INTO `museu`.`IndexingSubjects_SubjectTerms` (`IndexingSubject`, `SubjectTerm`) VALUES ('264', '5');
INSERT INTO `museu`.`IndexingSubjects_SubjectTerms` (`IndexingSubject`, `SubjectTerm`) VALUES ('264', '6');


INSERT INTO `museu`.`IndexingSubjects` (`id_indexingSubjects`, `Object_Work_Record`) VALUES ('265', '265');
INSERT INTO `museu`.`IndexingSubjects_SubjectTerms` (`IndexingSubject`, `SubjectTerm`) VALUES ('265', '5');
INSERT INTO `museu`.`IndexingSubjects_SubjectTerms` (`IndexingSubject`, `SubjectTerm`) VALUES ('265', '6');


INSERT INTO `museu`.`IndexingSubjects` (`id_indexingSubjects`, `Object_Work_Record`) VALUES ('266', '266');
INSERT INTO `museu`.`IndexingSubjects_SubjectTerms` (`IndexingSubject`, `SubjectTerm`) VALUES ('266', '5');
INSERT INTO `museu`.`IndexingSubjects_SubjectTerms` (`IndexingSubject`, `SubjectTerm`) VALUES ('266', '6');


INSERT INTO `museu`.`IndexingSubjects` (`id_indexingSubjects`, `Object_Work_Record`) VALUES ('267', '267');
INSERT INTO `museu`.`IndexingSubjects_SubjectTerms` (`IndexingSubject`, `SubjectTerm`) VALUES ('267', '5');
INSERT INTO `museu`.`IndexingSubjects_SubjectTerms` (`IndexingSubject`, `SubjectTerm`) VALUES ('267', '6');


INSERT INTO `museu`.`IndexingSubjects` (`id_indexingSubjects`, `Object_Work_Record`) VALUES ('268', '268');
INSERT INTO `museu`.`IndexingSubjects_SubjectTerms` (`IndexingSubject`, `SubjectTerm`) VALUES ('268', '5');
INSERT INTO `museu`.`IndexingSubjects_SubjectTerms` (`IndexingSubject`, `SubjectTerm`) VALUES ('268', '6');


INSERT INTO `museu`.`IndexingSubjects` (`id_indexingSubjects`, `Object_Work_Record`) VALUES ('269', '269');
INSERT INTO `museu`.`IndexingSubjects_SubjectTerms` (`IndexingSubject`, `SubjectTerm`) VALUES ('269', '5');
INSERT INTO `museu`.`IndexingSubjects_SubjectTerms` (`IndexingSubject`, `SubjectTerm`) VALUES ('269', '6');


INSERT INTO `museu`.`IndexingSubjects` (`id_indexingSubjects`, `Object_Work_Record`) VALUES ('270', '270');
INSERT INTO `museu`.`IndexingSubjects_SubjectTerms` (`IndexingSubject`, `SubjectTerm`) VALUES ('270', '5');
INSERT INTO `museu`.`IndexingSubjects_SubjectTerms` (`IndexingSubject`, `SubjectTerm`) VALUES ('270', '6');


INSERT INTO `museu`.`IndexingSubjects` (`id_indexingSubjects`, `Object_Work_Record`) VALUES ('271', '271');
INSERT INTO `museu`.`IndexingSubjects_SubjectTerms` (`IndexingSubject`, `SubjectTerm`) VALUES ('271', '5');
INSERT INTO `museu`.`IndexingSubjects_SubjectTerms` (`IndexingSubject`, `SubjectTerm`) VALUES ('271', '6');


INSERT INTO `museu`.`IndexingSubjects` (`id_indexingSubjects`, `Object_Work_Record`) VALUES ('272', '272');
INSERT INTO `museu`.`IndexingSubjects_SubjectTerms` (`IndexingSubject`, `SubjectTerm`) VALUES ('272', '5');
INSERT INTO `museu`.`IndexingSubjects_SubjectTerms` (`IndexingSubject`, `SubjectTerm`) VALUES ('272', '6');


INSERT INTO `museu`.`IndexingSubjects` (`id_indexingSubjects`, `Object_Work_Record`) VALUES ('273', '273');
INSERT INTO `museu`.`IndexingSubjects_SubjectTerms` (`IndexingSubject`, `SubjectTerm`) VALUES ('273', '5');
INSERT INTO `museu`.`IndexingSubjects_SubjectTerms` (`IndexingSubject`, `SubjectTerm`) VALUES ('273', '6');


INSERT INTO `museu`.`IndexingSubjects` (`id_indexingSubjects`, `Object_Work_Record`) VALUES ('274', '274');
INSERT INTO `museu`.`IndexingSubjects_SubjectTerms` (`IndexingSubject`, `SubjectTerm`) VALUES ('274', '5');
INSERT INTO `museu`.`IndexingSubjects_SubjectTerms` (`IndexingSubject`, `SubjectTerm`) VALUES ('274', '6');


INSERT INTO `museu`.`IndexingSubjects` (`id_indexingSubjects`, `Object_Work_Record`) VALUES ('275', '275');
INSERT INTO `museu`.`IndexingSubjects_SubjectTerms` (`IndexingSubject`, `SubjectTerm`) VALUES ('275', '5');
INSERT INTO `museu`.`IndexingSubjects_SubjectTerms` (`IndexingSubject`, `SubjectTerm`) VALUES ('275', '6');


INSERT INTO `museu`.`IndexingSubjects` (`id_indexingSubjects`, `Object_Work_Record`) VALUES ('276', '276');
INSERT INTO `museu`.`IndexingSubjects_SubjectTerms` (`IndexingSubject`, `SubjectTerm`) VALUES ('276', '5');
INSERT INTO `museu`.`IndexingSubjects_SubjectTerms` (`IndexingSubject`, `SubjectTerm`) VALUES ('276', '6');


INSERT INTO `museu`.`IndexingSubjects` (`id_indexingSubjects`, `Object_Work_Record`) VALUES ('277', '277');
INSERT INTO `museu`.`IndexingSubjects_SubjectTerms` (`IndexingSubject`, `SubjectTerm`) VALUES ('277', '5');
INSERT INTO `museu`.`IndexingSubjects_SubjectTerms` (`IndexingSubject`, `SubjectTerm`) VALUES ('277', '6');


INSERT INTO `museu`.`IndexingSubjects` (`id_indexingSubjects`, `Object_Work_Record`) VALUES ('278', '278');
INSERT INTO `museu`.`IndexingSubjects_SubjectTerms` (`IndexingSubject`, `SubjectTerm`) VALUES ('278', '5');
INSERT INTO `museu`.`IndexingSubjects_SubjectTerms` (`IndexingSubject`, `SubjectTerm`) VALUES ('278', '6');


INSERT INTO `museu`.`IndexingSubjects` (`id_indexingSubjects`, `Object_Work_Record`) VALUES ('279', '279');
INSERT INTO `museu`.`IndexingSubjects_SubjectTerms` (`IndexingSubject`, `SubjectTerm`) VALUES ('279', '5');
INSERT INTO `museu`.`IndexingSubjects_SubjectTerms` (`IndexingSubject`, `SubjectTerm`) VALUES ('279', '6');


INSERT INTO `museu`.`IndexingSubjects` (`id_indexingSubjects`, `Object_Work_Record`) VALUES ('280', '280');
INSERT INTO `museu`.`IndexingSubjects_SubjectTerms` (`IndexingSubject`, `SubjectTerm`) VALUES ('280', '5');
INSERT INTO `museu`.`IndexingSubjects_SubjectTerms` (`IndexingSubject`, `SubjectTerm`) VALUES ('280', '6');


INSERT INTO `museu`.`IndexingSubjects` (`id_indexingSubjects`, `Object_Work_Record`) VALUES ('281', '281');
INSERT INTO `museu`.`IndexingSubjects_SubjectTerms` (`IndexingSubject`, `SubjectTerm`) VALUES ('281', '5');
INSERT INTO `museu`.`IndexingSubjects_SubjectTerms` (`IndexingSubject`, `SubjectTerm`) VALUES ('281', '6');


INSERT INTO `museu`.`IndexingSubjects` (`id_indexingSubjects`, `Object_Work_Record`) VALUES ('282', '282');
INSERT INTO `museu`.`IndexingSubjects_SubjectTerms` (`IndexingSubject`, `SubjectTerm`) VALUES ('282', '5');
INSERT INTO `museu`.`IndexingSubjects_SubjectTerms` (`IndexingSubject`, `SubjectTerm`) VALUES ('282', '6');


INSERT INTO `museu`.`IndexingSubjects` (`id_indexingSubjects`, `Object_Work_Record`) VALUES ('283', '283');
INSERT INTO `museu`.`IndexingSubjects_SubjectTerms` (`IndexingSubject`, `SubjectTerm`) VALUES ('283', '5');
INSERT INTO `museu`.`IndexingSubjects_SubjectTerms` (`IndexingSubject`, `SubjectTerm`) VALUES ('283', '6');


INSERT INTO `museu`.`IndexingSubjects` (`id_indexingSubjects`, `Object_Work_Record`) VALUES ('284', '284');
INSERT INTO `museu`.`IndexingSubjects_SubjectTerms` (`IndexingSubject`, `SubjectTerm`) VALUES ('284', '5');
INSERT INTO `museu`.`IndexingSubjects_SubjectTerms` (`IndexingSubject`, `SubjectTerm`) VALUES ('284', '6');


INSERT INTO `museu`.`IndexingSubjects` (`id_indexingSubjects`, `Object_Work_Record`) VALUES ('285', '285');
INSERT INTO `museu`.`IndexingSubjects_SubjectTerms` (`IndexingSubject`, `SubjectTerm`) VALUES ('285', '5');
INSERT INTO `museu`.`IndexingSubjects_SubjectTerms` (`IndexingSubject`, `SubjectTerm`) VALUES ('285', '6');


INSERT INTO `museu`.`IndexingSubjects` (`id_indexingSubjects`, `Object_Work_Record`) VALUES ('286', '286');
INSERT INTO `museu`.`IndexingSubjects_SubjectTerms` (`IndexingSubject`, `SubjectTerm`) VALUES ('286', '5');
INSERT INTO `museu`.`IndexingSubjects_SubjectTerms` (`IndexingSubject`, `SubjectTerm`) VALUES ('286', '6');


INSERT INTO `museu`.`IndexingSubjects` (`id_indexingSubjects`, `Object_Work_Record`) VALUES ('287', '287');
INSERT INTO `museu`.`IndexingSubjects_SubjectTerms` (`IndexingSubject`, `SubjectTerm`) VALUES ('287', '5');
INSERT INTO `museu`.`IndexingSubjects_SubjectTerms` (`IndexingSubject`, `SubjectTerm`) VALUES ('287', '6');


INSERT INTO `museu`.`IndexingSubjects` (`id_indexingSubjects`, `Object_Work_Record`) VALUES ('288', '288');
INSERT INTO `museu`.`IndexingSubjects_SubjectTerms` (`IndexingSubject`, `SubjectTerm`) VALUES ('288', '5');
INSERT INTO `museu`.`IndexingSubjects_SubjectTerms` (`IndexingSubject`, `SubjectTerm`) VALUES ('288', '6');


INSERT INTO `museu`.`IndexingSubjects` (`id_indexingSubjects`, `Object_Work_Record`) VALUES ('289', '289');
INSERT INTO `museu`.`IndexingSubjects_SubjectTerms` (`IndexingSubject`, `SubjectTerm`) VALUES ('289', '5');
INSERT INTO `museu`.`IndexingSubjects_SubjectTerms` (`IndexingSubject`, `SubjectTerm`) VALUES ('289', '6');


INSERT INTO `museu`.`IndexingSubjects` (`id_indexingSubjects`, `Object_Work_Record`) VALUES ('290', '290');
INSERT INTO `museu`.`IndexingSubjects_SubjectTerms` (`IndexingSubject`, `SubjectTerm`) VALUES ('290', '5');
INSERT INTO `museu`.`IndexingSubjects_SubjectTerms` (`IndexingSubject`, `SubjectTerm`) VALUES ('290', '6');


INSERT INTO `museu`.`IndexingSubjects` (`id_indexingSubjects`, `Object_Work_Record`) VALUES ('291', '291');
INSERT INTO `museu`.`IndexingSubjects_SubjectTerms` (`IndexingSubject`, `SubjectTerm`) VALUES ('291', '5');
INSERT INTO `museu`.`IndexingSubjects_SubjectTerms` (`IndexingSubject`, `SubjectTerm`) VALUES ('291', '6');


INSERT INTO `museu`.`IndexingSubjects` (`id_indexingSubjects`, `Object_Work_Record`) VALUES ('292', '292');
INSERT INTO `museu`.`IndexingSubjects_SubjectTerms` (`IndexingSubject`, `SubjectTerm`) VALUES ('292', '5');
INSERT INTO `museu`.`IndexingSubjects_SubjectTerms` (`IndexingSubject`, `SubjectTerm`) VALUES ('292', '6');


INSERT INTO `museu`.`IndexingSubjects` (`id_indexingSubjects`, `Object_Work_Record`) VALUES ('293', '293');
INSERT INTO `museu`.`IndexingSubjects_SubjectTerms` (`IndexingSubject`, `SubjectTerm`) VALUES ('293', '5');
INSERT INTO `museu`.`IndexingSubjects_SubjectTerms` (`IndexingSubject`, `SubjectTerm`) VALUES ('293', '6');


INSERT INTO `museu`.`IndexingSubjects` (`id_indexingSubjects`, `Object_Work_Record`) VALUES ('294', '294');
INSERT INTO `museu`.`IndexingSubjects_SubjectTerms` (`IndexingSubject`, `SubjectTerm`) VALUES ('294', '5');
INSERT INTO `museu`.`IndexingSubjects_SubjectTerms` (`IndexingSubject`, `SubjectTerm`) VALUES ('294', '6');


INSERT INTO `museu`.`IndexingSubjects` (`id_indexingSubjects`, `Object_Work_Record`) VALUES ('295', '295');
INSERT INTO `museu`.`IndexingSubjects_SubjectTerms` (`IndexingSubject`, `SubjectTerm`) VALUES ('295', '5');
INSERT INTO `museu`.`IndexingSubjects_SubjectTerms` (`IndexingSubject`, `SubjectTerm`) VALUES ('295', '6');


INSERT INTO `museu`.`IndexingSubjects` (`id_indexingSubjects`, `Object_Work_Record`) VALUES ('296', '296');
INSERT INTO `museu`.`IndexingSubjects_SubjectTerms` (`IndexingSubject`, `SubjectTerm`) VALUES ('296', '5');
INSERT INTO `museu`.`IndexingSubjects_SubjectTerms` (`IndexingSubject`, `SubjectTerm`) VALUES ('296', '6');


INSERT INTO `museu`.`IndexingSubjects` (`id_indexingSubjects`, `Object_Work_Record`) VALUES ('297', '297');
INSERT INTO `museu`.`IndexingSubjects_SubjectTerms` (`IndexingSubject`, `SubjectTerm`) VALUES ('297', '5');
INSERT INTO `museu`.`IndexingSubjects_SubjectTerms` (`IndexingSubject`, `SubjectTerm`) VALUES ('297', '6');


INSERT INTO `museu`.`IndexingSubjects` (`id_indexingSubjects`, `Object_Work_Record`) VALUES ('298', '298');
INSERT INTO `museu`.`IndexingSubjects_SubjectTerms` (`IndexingSubject`, `SubjectTerm`) VALUES ('298', '5');
INSERT INTO `museu`.`IndexingSubjects_SubjectTerms` (`IndexingSubject`, `SubjectTerm`) VALUES ('298', '6');


INSERT INTO `museu`.`IndexingSubjects` (`id_indexingSubjects`, `Object_Work_Record`) VALUES ('299', '299');
INSERT INTO `museu`.`IndexingSubjects_SubjectTerms` (`IndexingSubject`, `SubjectTerm`) VALUES ('299', '5');
INSERT INTO `museu`.`IndexingSubjects_SubjectTerms` (`IndexingSubject`, `SubjectTerm`) VALUES ('299', '6');


INSERT INTO `museu`.`IndexingSubjects` (`id_indexingSubjects`, `Object_Work_Record`) VALUES ('300', '300');
INSERT INTO `museu`.`IndexingSubjects_SubjectTerms` (`IndexingSubject`, `SubjectTerm`) VALUES ('300', '5');
INSERT INTO `museu`.`IndexingSubjects_SubjectTerms` (`IndexingSubject`, `SubjectTerm`) VALUES ('300', '6');


INSERT INTO `museu`.`IndexingSubjects` (`id_indexingSubjects`, `Object_Work_Record`) VALUES ('301', '301');
INSERT INTO `museu`.`IndexingSubjects_SubjectTerms` (`IndexingSubject`, `SubjectTerm`) VALUES ('301', '5');
INSERT INTO `museu`.`IndexingSubjects_SubjectTerms` (`IndexingSubject`, `SubjectTerm`) VALUES ('301', '6');


INSERT INTO `museu`.`IndexingSubjects` (`id_indexingSubjects`, `Object_Work_Record`) VALUES ('302', '302');
INSERT INTO `museu`.`IndexingSubjects_SubjectTerms` (`IndexingSubject`, `SubjectTerm`) VALUES ('302', '5');
INSERT INTO `museu`.`IndexingSubjects_SubjectTerms` (`IndexingSubject`, `SubjectTerm`) VALUES ('302', '6');


INSERT INTO `museu`.`IndexingSubjects` (`id_indexingSubjects`, `Object_Work_Record`) VALUES ('303', '303');
INSERT INTO `museu`.`IndexingSubjects_SubjectTerms` (`IndexingSubject`, `SubjectTerm`) VALUES ('303', '5');
INSERT INTO `museu`.`IndexingSubjects_SubjectTerms` (`IndexingSubject`, `SubjectTerm`) VALUES ('303', '6');


INSERT INTO `museu`.`IndexingSubjects` (`id_indexingSubjects`, `Object_Work_Record`) VALUES ('304', '304');
INSERT INTO `museu`.`IndexingSubjects_SubjectTerms` (`IndexingSubject`, `SubjectTerm`) VALUES ('304', '5');
INSERT INTO `museu`.`IndexingSubjects_SubjectTerms` (`IndexingSubject`, `SubjectTerm`) VALUES ('304', '6');


INSERT INTO `museu`.`IndexingSubjects` (`id_indexingSubjects`, `Object_Work_Record`) VALUES ('305', '305');
INSERT INTO `museu`.`IndexingSubjects_SubjectTerms` (`IndexingSubject`, `SubjectTerm`) VALUES ('305', '5');
INSERT INTO `museu`.`IndexingSubjects_SubjectTerms` (`IndexingSubject`, `SubjectTerm`) VALUES ('305', '6');


INSERT INTO `museu`.`IndexingSubjects` (`id_indexingSubjects`, `Object_Work_Record`) VALUES ('306', '306');
INSERT INTO `museu`.`IndexingSubjects_SubjectTerms` (`IndexingSubject`, `SubjectTerm`) VALUES ('306', '5');
INSERT INTO `museu`.`IndexingSubjects_SubjectTerms` (`IndexingSubject`, `SubjectTerm`) VALUES ('306', '6');


INSERT INTO `museu`.`IndexingSubjects` (`id_indexingSubjects`, `Object_Work_Record`) VALUES ('307', '307');
INSERT INTO `museu`.`IndexingSubjects_SubjectTerms` (`IndexingSubject`, `SubjectTerm`) VALUES ('307', '5');
INSERT INTO `museu`.`IndexingSubjects_SubjectTerms` (`IndexingSubject`, `SubjectTerm`) VALUES ('307', '6');


INSERT INTO `museu`.`IndexingSubjects` (`id_indexingSubjects`, `Object_Work_Record`) VALUES ('308', '308');
INSERT INTO `museu`.`IndexingSubjects_SubjectTerms` (`IndexingSubject`, `SubjectTerm`) VALUES ('308', '5');
INSERT INTO `museu`.`IndexingSubjects_SubjectTerms` (`IndexingSubject`, `SubjectTerm`) VALUES ('308', '6');


INSERT INTO `museu`.`IndexingSubjects` (`id_indexingSubjects`, `Object_Work_Record`) VALUES ('309', '309');
INSERT INTO `museu`.`IndexingSubjects_SubjectTerms` (`IndexingSubject`, `SubjectTerm`) VALUES ('309', '5');
INSERT INTO `museu`.`IndexingSubjects_SubjectTerms` (`IndexingSubject`, `SubjectTerm`) VALUES ('309', '6');


INSERT INTO `museu`.`IndexingSubjects` (`id_indexingSubjects`, `Object_Work_Record`) VALUES ('310', '310');
INSERT INTO `museu`.`IndexingSubjects_SubjectTerms` (`IndexingSubject`, `SubjectTerm`) VALUES ('310', '5');
INSERT INTO `museu`.`IndexingSubjects_SubjectTerms` (`IndexingSubject`, `SubjectTerm`) VALUES ('310', '6');


INSERT INTO `museu`.`IndexingSubjects` (`id_indexingSubjects`, `Object_Work_Record`) VALUES ('311', '311');
INSERT INTO `museu`.`IndexingSubjects_SubjectTerms` (`IndexingSubject`, `SubjectTerm`) VALUES ('311', '5');
INSERT INTO `museu`.`IndexingSubjects_SubjectTerms` (`IndexingSubject`, `SubjectTerm`) VALUES ('311', '6');


INSERT INTO `museu`.`IndexingSubjects` (`id_indexingSubjects`, `Object_Work_Record`) VALUES ('312', '312');
INSERT INTO `museu`.`IndexingSubjects_SubjectTerms` (`IndexingSubject`, `SubjectTerm`) VALUES ('312', '5');
INSERT INTO `museu`.`IndexingSubjects_SubjectTerms` (`IndexingSubject`, `SubjectTerm`) VALUES ('312', '6');


INSERT INTO `museu`.`IndexingSubjects` (`id_indexingSubjects`, `Object_Work_Record`) VALUES ('313', '313');
INSERT INTO `museu`.`IndexingSubjects_SubjectTerms` (`IndexingSubject`, `SubjectTerm`) VALUES ('313', '5');
INSERT INTO `museu`.`IndexingSubjects_SubjectTerms` (`IndexingSubject`, `SubjectTerm`) VALUES ('313', '6');


INSERT INTO `museu`.`IndexingSubjects` (`id_indexingSubjects`, `Object_Work_Record`) VALUES ('314', '314');
INSERT INTO `museu`.`IndexingSubjects_SubjectTerms` (`IndexingSubject`, `SubjectTerm`) VALUES ('314', '5');
INSERT INTO `museu`.`IndexingSubjects_SubjectTerms` (`IndexingSubject`, `SubjectTerm`) VALUES ('314', '6');


INSERT INTO `museu`.`IndexingSubjects` (`id_indexingSubjects`, `Object_Work_Record`) VALUES ('315', '315');
INSERT INTO `museu`.`IndexingSubjects_SubjectTerms` (`IndexingSubject`, `SubjectTerm`) VALUES ('315', '5');
INSERT INTO `museu`.`IndexingSubjects_SubjectTerms` (`IndexingSubject`, `SubjectTerm`) VALUES ('315', '6');


INSERT INTO `museu`.`IndexingSubjects` (`id_indexingSubjects`, `Object_Work_Record`) VALUES ('316', '316');
INSERT INTO `museu`.`IndexingSubjects_SubjectTerms` (`IndexingSubject`, `SubjectTerm`) VALUES ('316', '5');
INSERT INTO `museu`.`IndexingSubjects_SubjectTerms` (`IndexingSubject`, `SubjectTerm`) VALUES ('316', '6');


INSERT INTO `museu`.`IndexingSubjects` (`id_indexingSubjects`, `Object_Work_Record`) VALUES ('317', '317');
INSERT INTO `museu`.`IndexingSubjects_SubjectTerms` (`IndexingSubject`, `SubjectTerm`) VALUES ('317', '5');
INSERT INTO `museu`.`IndexingSubjects_SubjectTerms` (`IndexingSubject`, `SubjectTerm`) VALUES ('317', '6');


INSERT INTO `museu`.`IndexingSubjects` (`id_indexingSubjects`, `Object_Work_Record`) VALUES ('318', '318');
INSERT INTO `museu`.`IndexingSubjects_SubjectTerms` (`IndexingSubject`, `SubjectTerm`) VALUES ('318', '5');
INSERT INTO `museu`.`IndexingSubjects_SubjectTerms` (`IndexingSubject`, `SubjectTerm`) VALUES ('318', '6');


INSERT INTO `museu`.`IndexingSubjects` (`id_indexingSubjects`, `Object_Work_Record`) VALUES ('319', '319');
INSERT INTO `museu`.`IndexingSubjects_SubjectTerms` (`IndexingSubject`, `SubjectTerm`) VALUES ('319', '5');
INSERT INTO `museu`.`IndexingSubjects_SubjectTerms` (`IndexingSubject`, `SubjectTerm`) VALUES ('319', '6');


INSERT INTO `museu`.`IndexingSubjects` (`id_indexingSubjects`, `Object_Work_Record`) VALUES ('320', '320');
INSERT INTO `museu`.`IndexingSubjects_SubjectTerms` (`IndexingSubject`, `SubjectTerm`) VALUES ('320', '5');
INSERT INTO `museu`.`IndexingSubjects_SubjectTerms` (`IndexingSubject`, `SubjectTerm`) VALUES ('320', '6');


INSERT INTO `museu`.`IndexingSubjects` (`id_indexingSubjects`, `Object_Work_Record`) VALUES ('321', '321');
INSERT INTO `museu`.`IndexingSubjects_SubjectTerms` (`IndexingSubject`, `SubjectTerm`) VALUES ('321', '5');
INSERT INTO `museu`.`IndexingSubjects_SubjectTerms` (`IndexingSubject`, `SubjectTerm`) VALUES ('321', '6');


INSERT INTO `museu`.`IndexingSubjects` (`id_indexingSubjects`, `Object_Work_Record`) VALUES ('322', '322');
INSERT INTO `museu`.`IndexingSubjects_SubjectTerms` (`IndexingSubject`, `SubjectTerm`) VALUES ('322', '5');
INSERT INTO `museu`.`IndexingSubjects_SubjectTerms` (`IndexingSubject`, `SubjectTerm`) VALUES ('322', '6');


INSERT INTO `museu`.`IndexingSubjects` (`id_indexingSubjects`, `Object_Work_Record`) VALUES ('323', '323');
INSERT INTO `museu`.`IndexingSubjects_SubjectTerms` (`IndexingSubject`, `SubjectTerm`) VALUES ('323', '5');
INSERT INTO `museu`.`IndexingSubjects_SubjectTerms` (`IndexingSubject`, `SubjectTerm`) VALUES ('323', '6');


INSERT INTO `museu`.`IndexingSubjects` (`id_indexingSubjects`, `Object_Work_Record`) VALUES ('324', '324');
INSERT INTO `museu`.`IndexingSubjects_SubjectTerms` (`IndexingSubject`, `SubjectTerm`) VALUES ('324', '5');
INSERT INTO `museu`.`IndexingSubjects_SubjectTerms` (`IndexingSubject`, `SubjectTerm`) VALUES ('324', '6');


INSERT INTO `museu`.`IndexingSubjects` (`id_indexingSubjects`, `Object_Work_Record`) VALUES ('325', '325');
INSERT INTO `museu`.`IndexingSubjects_SubjectTerms` (`IndexingSubject`, `SubjectTerm`) VALUES ('325', '5');
INSERT INTO `museu`.`IndexingSubjects_SubjectTerms` (`IndexingSubject`, `SubjectTerm`) VALUES ('325', '6');


INSERT INTO `museu`.`IndexingSubjects` (`id_indexingSubjects`, `Object_Work_Record`) VALUES ('326', '326');
INSERT INTO `museu`.`IndexingSubjects_SubjectTerms` (`IndexingSubject`, `SubjectTerm`) VALUES ('326', '5');
INSERT INTO `museu`.`IndexingSubjects_SubjectTerms` (`IndexingSubject`, `SubjectTerm`) VALUES ('326', '6');


INSERT INTO `museu`.`IndexingSubjects` (`id_indexingSubjects`, `Object_Work_Record`) VALUES ('327', '327');
INSERT INTO `museu`.`IndexingSubjects_SubjectTerms` (`IndexingSubject`, `SubjectTerm`) VALUES ('327', '5');
INSERT INTO `museu`.`IndexingSubjects_SubjectTerms` (`IndexingSubject`, `SubjectTerm`) VALUES ('327', '6');


INSERT INTO `museu`.`IndexingSubjects` (`id_indexingSubjects`, `Object_Work_Record`) VALUES ('328', '328');
INSERT INTO `museu`.`IndexingSubjects_SubjectTerms` (`IndexingSubject`, `SubjectTerm`) VALUES ('328', '5');
INSERT INTO `museu`.`IndexingSubjects_SubjectTerms` (`IndexingSubject`, `SubjectTerm`) VALUES ('328', '6');


INSERT INTO `museu`.`IndexingSubjects` (`id_indexingSubjects`, `Object_Work_Record`) VALUES ('329', '329');
INSERT INTO `museu`.`IndexingSubjects_SubjectTerms` (`IndexingSubject`, `SubjectTerm`) VALUES ('329', '5');
INSERT INTO `museu`.`IndexingSubjects_SubjectTerms` (`IndexingSubject`, `SubjectTerm`) VALUES ('329', '6');


INSERT INTO `museu`.`IndexingSubjects` (`id_indexingSubjects`, `Object_Work_Record`) VALUES ('330', '330');
INSERT INTO `museu`.`IndexingSubjects_SubjectTerms` (`IndexingSubject`, `SubjectTerm`) VALUES ('330', '5');
INSERT INTO `museu`.`IndexingSubjects_SubjectTerms` (`IndexingSubject`, `SubjectTerm`) VALUES ('330', '6');


INSERT INTO `museu`.`IndexingSubjects` (`id_indexingSubjects`, `Object_Work_Record`) VALUES ('331', '331');
INSERT INTO `museu`.`IndexingSubjects_SubjectTerms` (`IndexingSubject`, `SubjectTerm`) VALUES ('331', '5');
INSERT INTO `museu`.`IndexingSubjects_SubjectTerms` (`IndexingSubject`, `SubjectTerm`) VALUES ('331', '6');


INSERT INTO `museu`.`IndexingSubjects` (`id_indexingSubjects`, `Object_Work_Record`) VALUES ('332', '332');
INSERT INTO `museu`.`IndexingSubjects_SubjectTerms` (`IndexingSubject`, `SubjectTerm`) VALUES ('332', '5');
INSERT INTO `museu`.`IndexingSubjects_SubjectTerms` (`IndexingSubject`, `SubjectTerm`) VALUES ('332', '6');


INSERT INTO `museu`.`IndexingSubjects` (`id_indexingSubjects`, `Object_Work_Record`) VALUES ('333', '333');
INSERT INTO `museu`.`IndexingSubjects_SubjectTerms` (`IndexingSubject`, `SubjectTerm`) VALUES ('333', '5');
INSERT INTO `museu`.`IndexingSubjects_SubjectTerms` (`IndexingSubject`, `SubjectTerm`) VALUES ('333', '6');


INSERT INTO `museu`.`IndexingSubjects` (`id_indexingSubjects`, `Object_Work_Record`) VALUES ('334', '334');
INSERT INTO `museu`.`IndexingSubjects_SubjectTerms` (`IndexingSubject`, `SubjectTerm`) VALUES ('334', '5');
INSERT INTO `museu`.`IndexingSubjects_SubjectTerms` (`IndexingSubject`, `SubjectTerm`) VALUES ('334', '6');


INSERT INTO `museu`.`IndexingSubjects` (`id_indexingSubjects`, `Object_Work_Record`) VALUES ('335', '335');
INSERT INTO `museu`.`IndexingSubjects_SubjectTerms` (`IndexingSubject`, `SubjectTerm`) VALUES ('335', '5');
INSERT INTO `museu`.`IndexingSubjects_SubjectTerms` (`IndexingSubject`, `SubjectTerm`) VALUES ('335', '6');


INSERT INTO `museu`.`IndexingSubjects` (`id_indexingSubjects`, `Object_Work_Record`) VALUES ('336', '336');
INSERT INTO `museu`.`IndexingSubjects_SubjectTerms` (`IndexingSubject`, `SubjectTerm`) VALUES ('336', '5');
INSERT INTO `museu`.`IndexingSubjects_SubjectTerms` (`IndexingSubject`, `SubjectTerm`) VALUES ('336', '6');


INSERT INTO `museu`.`IndexingSubjects` (`id_indexingSubjects`, `Object_Work_Record`) VALUES ('337', '337');
INSERT INTO `museu`.`IndexingSubjects_SubjectTerms` (`IndexingSubject`, `SubjectTerm`) VALUES ('337', '5');
INSERT INTO `museu`.`IndexingSubjects_SubjectTerms` (`IndexingSubject`, `SubjectTerm`) VALUES ('337', '6');


INSERT INTO `museu`.`IndexingSubjects` (`id_indexingSubjects`, `Object_Work_Record`) VALUES ('338', '338');
INSERT INTO `museu`.`IndexingSubjects_SubjectTerms` (`IndexingSubject`, `SubjectTerm`) VALUES ('338', '5');
INSERT INTO `museu`.`IndexingSubjects_SubjectTerms` (`IndexingSubject`, `SubjectTerm`) VALUES ('338', '6');


INSERT INTO `museu`.`IndexingSubjects` (`id_indexingSubjects`, `Object_Work_Record`) VALUES ('339', '339');
INSERT INTO `museu`.`IndexingSubjects_SubjectTerms` (`IndexingSubject`, `SubjectTerm`) VALUES ('339', '5');
INSERT INTO `museu`.`IndexingSubjects_SubjectTerms` (`IndexingSubject`, `SubjectTerm`) VALUES ('339', '6');


INSERT INTO `museu`.`IndexingSubjects` (`id_indexingSubjects`, `Object_Work_Record`) VALUES ('340', '340');
INSERT INTO `museu`.`IndexingSubjects_SubjectTerms` (`IndexingSubject`, `SubjectTerm`) VALUES ('340', '5');
INSERT INTO `museu`.`IndexingSubjects_SubjectTerms` (`IndexingSubject`, `SubjectTerm`) VALUES ('340', '6');


INSERT INTO `museu`.`IndexingSubjects` (`id_indexingSubjects`, `Object_Work_Record`) VALUES ('341', '341');
INSERT INTO `museu`.`IndexingSubjects_SubjectTerms` (`IndexingSubject`, `SubjectTerm`) VALUES ('341', '5');
INSERT INTO `museu`.`IndexingSubjects_SubjectTerms` (`IndexingSubject`, `SubjectTerm`) VALUES ('341', '6');


INSERT INTO `museu`.`IndexingSubjects` (`id_indexingSubjects`, `Object_Work_Record`) VALUES ('342', '342');
INSERT INTO `museu`.`IndexingSubjects_SubjectTerms` (`IndexingSubject`, `SubjectTerm`) VALUES ('342', '5');
INSERT INTO `museu`.`IndexingSubjects_SubjectTerms` (`IndexingSubject`, `SubjectTerm`) VALUES ('342', '6');


INSERT INTO `museu`.`IndexingSubjects` (`id_indexingSubjects`, `Object_Work_Record`) VALUES ('343', '343');
INSERT INTO `museu`.`IndexingSubjects_SubjectTerms` (`IndexingSubject`, `SubjectTerm`) VALUES ('343', '5');
INSERT INTO `museu`.`IndexingSubjects_SubjectTerms` (`IndexingSubject`, `SubjectTerm`) VALUES ('343', '6');


INSERT INTO `museu`.`IndexingSubjects` (`id_indexingSubjects`, `Object_Work_Record`) VALUES ('344', '344');
INSERT INTO `museu`.`IndexingSubjects_SubjectTerms` (`IndexingSubject`, `SubjectTerm`) VALUES ('344', '5');
INSERT INTO `museu`.`IndexingSubjects_SubjectTerms` (`IndexingSubject`, `SubjectTerm`) VALUES ('344', '6');


INSERT INTO `museu`.`IndexingSubjects` (`id_indexingSubjects`, `Object_Work_Record`) VALUES ('345', '345');
INSERT INTO `museu`.`IndexingSubjects_SubjectTerms` (`IndexingSubject`, `SubjectTerm`) VALUES ('345', '5');
INSERT INTO `museu`.`IndexingSubjects_SubjectTerms` (`IndexingSubject`, `SubjectTerm`) VALUES ('345', '6');


INSERT INTO `museu`.`IndexingSubjects` (`id_indexingSubjects`, `Object_Work_Record`) VALUES ('346', '346');
INSERT INTO `museu`.`IndexingSubjects_SubjectTerms` (`IndexingSubject`, `SubjectTerm`) VALUES ('346', '5');
INSERT INTO `museu`.`IndexingSubjects_SubjectTerms` (`IndexingSubject`, `SubjectTerm`) VALUES ('346', '6');


INSERT INTO `museu`.`IndexingSubjects` (`id_indexingSubjects`, `Object_Work_Record`) VALUES ('347', '347');
INSERT INTO `museu`.`IndexingSubjects_SubjectTerms` (`IndexingSubject`, `SubjectTerm`) VALUES ('347', '5');
INSERT INTO `museu`.`IndexingSubjects_SubjectTerms` (`IndexingSubject`, `SubjectTerm`) VALUES ('347', '6');


INSERT INTO `museu`.`IndexingSubjects` (`id_indexingSubjects`, `Object_Work_Record`) VALUES ('348', '348');
INSERT INTO `museu`.`IndexingSubjects_SubjectTerms` (`IndexingSubject`, `SubjectTerm`) VALUES ('348', '5');
INSERT INTO `museu`.`IndexingSubjects_SubjectTerms` (`IndexingSubject`, `SubjectTerm`) VALUES ('348', '6');


INSERT INTO `museu`.`IndexingSubjects` (`id_indexingSubjects`, `Object_Work_Record`) VALUES ('349', '349');
INSERT INTO `museu`.`IndexingSubjects_SubjectTerms` (`IndexingSubject`, `SubjectTerm`) VALUES ('349', '5');
INSERT INTO `museu`.`IndexingSubjects_SubjectTerms` (`IndexingSubject`, `SubjectTerm`) VALUES ('349', '6');


INSERT INTO `museu`.`IndexingSubjects` (`id_indexingSubjects`, `Object_Work_Record`) VALUES ('350', '350');
INSERT INTO `museu`.`IndexingSubjects_SubjectTerms` (`IndexingSubject`, `SubjectTerm`) VALUES ('350', '5');
INSERT INTO `museu`.`IndexingSubjects_SubjectTerms` (`IndexingSubject`, `SubjectTerm`) VALUES ('350', '6');


INSERT INTO `museu`.`IndexingSubjects` (`id_indexingSubjects`, `Object_Work_Record`) VALUES ('351', '351');
INSERT INTO `museu`.`IndexingSubjects_SubjectTerms` (`IndexingSubject`, `SubjectTerm`) VALUES ('351', '5');
INSERT INTO `museu`.`IndexingSubjects_SubjectTerms` (`IndexingSubject`, `SubjectTerm`) VALUES ('351', '6');


INSERT INTO `museu`.`IndexingSubjects` (`id_indexingSubjects`, `Object_Work_Record`) VALUES ('352', '352');
INSERT INTO `museu`.`IndexingSubjects_SubjectTerms` (`IndexingSubject`, `SubjectTerm`) VALUES ('352', '5');
INSERT INTO `museu`.`IndexingSubjects_SubjectTerms` (`IndexingSubject`, `SubjectTerm`) VALUES ('352', '6');


INSERT INTO `museu`.`IndexingSubjects` (`id_indexingSubjects`, `Object_Work_Record`) VALUES ('353', '353');
INSERT INTO `museu`.`IndexingSubjects_SubjectTerms` (`IndexingSubject`, `SubjectTerm`) VALUES ('353', '5');
INSERT INTO `museu`.`IndexingSubjects_SubjectTerms` (`IndexingSubject`, `SubjectTerm`) VALUES ('353', '6');


INSERT INTO `museu`.`IndexingSubjects` (`id_indexingSubjects`, `Object_Work_Record`) VALUES ('354', '354');
INSERT INTO `museu`.`IndexingSubjects_SubjectTerms` (`IndexingSubject`, `SubjectTerm`) VALUES ('354', '5');
INSERT INTO `museu`.`IndexingSubjects_SubjectTerms` (`IndexingSubject`, `SubjectTerm`) VALUES ('354', '6');


INSERT INTO `museu`.`IndexingSubjects` (`id_indexingSubjects`, `Object_Work_Record`) VALUES ('355', '355');
INSERT INTO `museu`.`IndexingSubjects_SubjectTerms` (`IndexingSubject`, `SubjectTerm`) VALUES ('355', '5');
INSERT INTO `museu`.`IndexingSubjects_SubjectTerms` (`IndexingSubject`, `SubjectTerm`) VALUES ('355', '6');


INSERT INTO `museu`.`IndexingSubjects` (`id_indexingSubjects`, `Object_Work_Record`) VALUES ('356', '356');
INSERT INTO `museu`.`IndexingSubjects_SubjectTerms` (`IndexingSubject`, `SubjectTerm`) VALUES ('356', '5');
INSERT INTO `museu`.`IndexingSubjects_SubjectTerms` (`IndexingSubject`, `SubjectTerm`) VALUES ('356', '6');


INSERT INTO `museu`.`IndexingSubjects` (`id_indexingSubjects`, `Object_Work_Record`) VALUES ('357', '357');
INSERT INTO `museu`.`IndexingSubjects_SubjectTerms` (`IndexingSubject`, `SubjectTerm`) VALUES ('357', '5');
INSERT INTO `museu`.`IndexingSubjects_SubjectTerms` (`IndexingSubject`, `SubjectTerm`) VALUES ('357', '6');


INSERT INTO `museu`.`IndexingSubjects` (`id_indexingSubjects`, `Object_Work_Record`) VALUES ('358', '358');
INSERT INTO `museu`.`IndexingSubjects_SubjectTerms` (`IndexingSubject`, `SubjectTerm`) VALUES ('358', '5');
INSERT INTO `museu`.`IndexingSubjects_SubjectTerms` (`IndexingSubject`, `SubjectTerm`) VALUES ('358', '6');


INSERT INTO `museu`.`IndexingSubjects` (`id_indexingSubjects`, `Object_Work_Record`) VALUES ('359', '359');
INSERT INTO `museu`.`IndexingSubjects_SubjectTerms` (`IndexingSubject`, `SubjectTerm`) VALUES ('359', '5');
INSERT INTO `museu`.`IndexingSubjects_SubjectTerms` (`IndexingSubject`, `SubjectTerm`) VALUES ('359', '6');


INSERT INTO `museu`.`IndexingSubjects` (`id_indexingSubjects`, `Object_Work_Record`) VALUES ('360', '360');
INSERT INTO `museu`.`IndexingSubjects_SubjectTerms` (`IndexingSubject`, `SubjectTerm`) VALUES ('360', '5');
INSERT INTO `museu`.`IndexingSubjects_SubjectTerms` (`IndexingSubject`, `SubjectTerm`) VALUES ('360', '6');


INSERT INTO `museu`.`IndexingSubjects` (`id_indexingSubjects`, `Object_Work_Record`) VALUES ('361', '361');
INSERT INTO `museu`.`IndexingSubjects_SubjectTerms` (`IndexingSubject`, `SubjectTerm`) VALUES ('361', '5');
INSERT INTO `museu`.`IndexingSubjects_SubjectTerms` (`IndexingSubject`, `SubjectTerm`) VALUES ('361', '6');


INSERT INTO `museu`.`IndexingSubjects` (`id_indexingSubjects`, `Object_Work_Record`) VALUES ('362', '362');
INSERT INTO `museu`.`IndexingSubjects_SubjectTerms` (`IndexingSubject`, `SubjectTerm`) VALUES ('362', '5');
INSERT INTO `museu`.`IndexingSubjects_SubjectTerms` (`IndexingSubject`, `SubjectTerm`) VALUES ('362', '6');


INSERT INTO `museu`.`IndexingSubjects` (`id_indexingSubjects`, `Object_Work_Record`) VALUES ('363', '363');
INSERT INTO `museu`.`IndexingSubjects_SubjectTerms` (`IndexingSubject`, `SubjectTerm`) VALUES ('363', '5');
INSERT INTO `museu`.`IndexingSubjects_SubjectTerms` (`IndexingSubject`, `SubjectTerm`) VALUES ('363', '6');


INSERT INTO `museu`.`IndexingSubjects` (`id_indexingSubjects`, `Object_Work_Record`) VALUES ('364', '364');
INSERT INTO `museu`.`IndexingSubjects_SubjectTerms` (`IndexingSubject`, `SubjectTerm`) VALUES ('364', '5');
INSERT INTO `museu`.`IndexingSubjects_SubjectTerms` (`IndexingSubject`, `SubjectTerm`) VALUES ('364', '6');


INSERT INTO `museu`.`IndexingSubjects` (`id_indexingSubjects`, `Object_Work_Record`) VALUES ('365', '365');
INSERT INTO `museu`.`IndexingSubjects_SubjectTerms` (`IndexingSubject`, `SubjectTerm`) VALUES ('365', '5');
INSERT INTO `museu`.`IndexingSubjects_SubjectTerms` (`IndexingSubject`, `SubjectTerm`) VALUES ('365', '6');


INSERT INTO `museu`.`IndexingSubjects` (`id_indexingSubjects`, `Object_Work_Record`) VALUES ('366', '366');
INSERT INTO `museu`.`IndexingSubjects_SubjectTerms` (`IndexingSubject`, `SubjectTerm`) VALUES ('366', '5');
INSERT INTO `museu`.`IndexingSubjects_SubjectTerms` (`IndexingSubject`, `SubjectTerm`) VALUES ('366', '6');


INSERT INTO `museu`.`IndexingSubjects` (`id_indexingSubjects`, `Object_Work_Record`) VALUES ('367', '367');
INSERT INTO `museu`.`IndexingSubjects_SubjectTerms` (`IndexingSubject`, `SubjectTerm`) VALUES ('367', '5');
INSERT INTO `museu`.`IndexingSubjects_SubjectTerms` (`IndexingSubject`, `SubjectTerm`) VALUES ('367', '6');


INSERT INTO `museu`.`IndexingSubjects` (`id_indexingSubjects`, `Object_Work_Record`) VALUES ('368', '368');
INSERT INTO `museu`.`IndexingSubjects_SubjectTerms` (`IndexingSubject`, `SubjectTerm`) VALUES ('368', '5');
INSERT INTO `museu`.`IndexingSubjects_SubjectTerms` (`IndexingSubject`, `SubjectTerm`) VALUES ('368', '6');


INSERT INTO `museu`.`IndexingSubjects` (`id_indexingSubjects`, `Object_Work_Record`) VALUES ('369', '369');
INSERT INTO `museu`.`IndexingSubjects_SubjectTerms` (`IndexingSubject`, `SubjectTerm`) VALUES ('369', '5');
INSERT INTO `museu`.`IndexingSubjects_SubjectTerms` (`IndexingSubject`, `SubjectTerm`) VALUES ('369', '6');


INSERT INTO `museu`.`IndexingSubjects` (`id_indexingSubjects`, `Object_Work_Record`) VALUES ('370', '370');
INSERT INTO `museu`.`IndexingSubjects_SubjectTerms` (`IndexingSubject`, `SubjectTerm`) VALUES ('370', '5');
INSERT INTO `museu`.`IndexingSubjects_SubjectTerms` (`IndexingSubject`, `SubjectTerm`) VALUES ('370', '6');


INSERT INTO `museu`.`IndexingSubjects` (`id_indexingSubjects`, `Object_Work_Record`) VALUES ('371', '371');
INSERT INTO `museu`.`IndexingSubjects_SubjectTerms` (`IndexingSubject`, `SubjectTerm`) VALUES ('371', '5');
INSERT INTO `museu`.`IndexingSubjects_SubjectTerms` (`IndexingSubject`, `SubjectTerm`) VALUES ('371', '6');


INSERT INTO `museu`.`IndexingSubjects` (`id_indexingSubjects`, `Object_Work_Record`) VALUES ('372', '372');
INSERT INTO `museu`.`IndexingSubjects_SubjectTerms` (`IndexingSubject`, `SubjectTerm`) VALUES ('372', '5');
INSERT INTO `museu`.`IndexingSubjects_SubjectTerms` (`IndexingSubject`, `SubjectTerm`) VALUES ('372', '6');


INSERT INTO `museu`.`IndexingSubjects` (`id_indexingSubjects`, `Object_Work_Record`) VALUES ('373', '373');
INSERT INTO `museu`.`IndexingSubjects_SubjectTerms` (`IndexingSubject`, `SubjectTerm`) VALUES ('373', '5');
INSERT INTO `museu`.`IndexingSubjects_SubjectTerms` (`IndexingSubject`, `SubjectTerm`) VALUES ('373', '6');


INSERT INTO `museu`.`IndexingSubjects` (`id_indexingSubjects`, `Object_Work_Record`) VALUES ('374', '374');
INSERT INTO `museu`.`IndexingSubjects_SubjectTerms` (`IndexingSubject`, `SubjectTerm`) VALUES ('374', '5');
INSERT INTO `museu`.`IndexingSubjects_SubjectTerms` (`IndexingSubject`, `SubjectTerm`) VALUES ('374', '6');


INSERT INTO `museu`.`IndexingSubjects` (`id_indexingSubjects`, `Object_Work_Record`) VALUES ('375', '375');
INSERT INTO `museu`.`IndexingSubjects_SubjectTerms` (`IndexingSubject`, `SubjectTerm`) VALUES ('375', '5');
INSERT INTO `museu`.`IndexingSubjects_SubjectTerms` (`IndexingSubject`, `SubjectTerm`) VALUES ('375', '6');


INSERT INTO `museu`.`IndexingSubjects` (`id_indexingSubjects`, `Object_Work_Record`) VALUES ('376', '376');
INSERT INTO `museu`.`IndexingSubjects_SubjectTerms` (`IndexingSubject`, `SubjectTerm`) VALUES ('376', '5');
INSERT INTO `museu`.`IndexingSubjects_SubjectTerms` (`IndexingSubject`, `SubjectTerm`) VALUES ('376', '6');


INSERT INTO `museu`.`IndexingSubjects` (`id_indexingSubjects`, `Object_Work_Record`) VALUES ('377', '377');
INSERT INTO `museu`.`IndexingSubjects_SubjectTerms` (`IndexingSubject`, `SubjectTerm`) VALUES ('377', '5');
INSERT INTO `museu`.`IndexingSubjects_SubjectTerms` (`IndexingSubject`, `SubjectTerm`) VALUES ('377', '6');


INSERT INTO `museu`.`IndexingSubjects` (`id_indexingSubjects`, `Object_Work_Record`) VALUES ('378', '378');
INSERT INTO `museu`.`IndexingSubjects_SubjectTerms` (`IndexingSubject`, `SubjectTerm`) VALUES ('378', '5');
INSERT INTO `museu`.`IndexingSubjects_SubjectTerms` (`IndexingSubject`, `SubjectTerm`) VALUES ('378', '6');


INSERT INTO `museu`.`IndexingSubjects` (`id_indexingSubjects`, `Object_Work_Record`) VALUES ('379', '379');
INSERT INTO `museu`.`IndexingSubjects_SubjectTerms` (`IndexingSubject`, `SubjectTerm`) VALUES ('379', '5');
INSERT INTO `museu`.`IndexingSubjects_SubjectTerms` (`IndexingSubject`, `SubjectTerm`) VALUES ('379', '6');


INSERT INTO `museu`.`IndexingSubjects` (`id_indexingSubjects`, `Object_Work_Record`) VALUES ('380', '380');
INSERT INTO `museu`.`IndexingSubjects_SubjectTerms` (`IndexingSubject`, `SubjectTerm`) VALUES ('380', '5');
INSERT INTO `museu`.`IndexingSubjects_SubjectTerms` (`IndexingSubject`, `SubjectTerm`) VALUES ('380', '6');


INSERT INTO `museu`.`IndexingSubjects` (`id_indexingSubjects`, `Object_Work_Record`) VALUES ('381', '381');
INSERT INTO `museu`.`IndexingSubjects_SubjectTerms` (`IndexingSubject`, `SubjectTerm`) VALUES ('381', '5');
INSERT INTO `museu`.`IndexingSubjects_SubjectTerms` (`IndexingSubject`, `SubjectTerm`) VALUES ('381', '6');


INSERT INTO `museu`.`IndexingSubjects` (`id_indexingSubjects`, `Object_Work_Record`) VALUES ('382', '382');
INSERT INTO `museu`.`IndexingSubjects_SubjectTerms` (`IndexingSubject`, `SubjectTerm`) VALUES ('382', '5');
INSERT INTO `museu`.`IndexingSubjects_SubjectTerms` (`IndexingSubject`, `SubjectTerm`) VALUES ('382', '6');


INSERT INTO `museu`.`IndexingSubjects` (`id_indexingSubjects`, `Object_Work_Record`) VALUES ('383', '383');
INSERT INTO `museu`.`IndexingSubjects_SubjectTerms` (`IndexingSubject`, `SubjectTerm`) VALUES ('383', '5');
INSERT INTO `museu`.`IndexingSubjects_SubjectTerms` (`IndexingSubject`, `SubjectTerm`) VALUES ('383', '6');


INSERT INTO `museu`.`IndexingSubjects` (`id_indexingSubjects`, `Object_Work_Record`) VALUES ('384', '384');
INSERT INTO `museu`.`IndexingSubjects_SubjectTerms` (`IndexingSubject`, `SubjectTerm`) VALUES ('384', '5');
INSERT INTO `museu`.`IndexingSubjects_SubjectTerms` (`IndexingSubject`, `SubjectTerm`) VALUES ('384', '6');


INSERT INTO `museu`.`IndexingSubjects` (`id_indexingSubjects`, `Object_Work_Record`) VALUES ('385', '385');
INSERT INTO `museu`.`IndexingSubjects_SubjectTerms` (`IndexingSubject`, `SubjectTerm`) VALUES ('385', '5');
INSERT INTO `museu`.`IndexingSubjects_SubjectTerms` (`IndexingSubject`, `SubjectTerm`) VALUES ('385', '6');


INSERT INTO `museu`.`IndexingSubjects` (`id_indexingSubjects`, `Object_Work_Record`) VALUES ('386', '386');
INSERT INTO `museu`.`IndexingSubjects_SubjectTerms` (`IndexingSubject`, `SubjectTerm`) VALUES ('386', '5');
INSERT INTO `museu`.`IndexingSubjects_SubjectTerms` (`IndexingSubject`, `SubjectTerm`) VALUES ('386', '6');


INSERT INTO `museu`.`IndexingSubjects` (`id_indexingSubjects`, `Object_Work_Record`) VALUES ('387', '387');
INSERT INTO `museu`.`IndexingSubjects_SubjectTerms` (`IndexingSubject`, `SubjectTerm`) VALUES ('387', '5');
INSERT INTO `museu`.`IndexingSubjects_SubjectTerms` (`IndexingSubject`, `SubjectTerm`) VALUES ('387', '6');


INSERT INTO `museu`.`IndexingSubjects` (`id_indexingSubjects`, `Object_Work_Record`) VALUES ('388', '388');
INSERT INTO `museu`.`IndexingSubjects_SubjectTerms` (`IndexingSubject`, `SubjectTerm`) VALUES ('388', '5');
INSERT INTO `museu`.`IndexingSubjects_SubjectTerms` (`IndexingSubject`, `SubjectTerm`) VALUES ('388', '6');


INSERT INTO `museu`.`IndexingSubjects` (`id_indexingSubjects`, `Object_Work_Record`) VALUES ('389', '389');
INSERT INTO `museu`.`IndexingSubjects_SubjectTerms` (`IndexingSubject`, `SubjectTerm`) VALUES ('389', '5');
INSERT INTO `museu`.`IndexingSubjects_SubjectTerms` (`IndexingSubject`, `SubjectTerm`) VALUES ('389', '6');


INSERT INTO `museu`.`IndexingSubjects` (`id_indexingSubjects`, `Object_Work_Record`) VALUES ('390', '390');
INSERT INTO `museu`.`IndexingSubjects_SubjectTerms` (`IndexingSubject`, `SubjectTerm`) VALUES ('390', '5');
INSERT INTO `museu`.`IndexingSubjects_SubjectTerms` (`IndexingSubject`, `SubjectTerm`) VALUES ('390', '6');


INSERT INTO `museu`.`IndexingSubjects` (`id_indexingSubjects`, `Object_Work_Record`) VALUES ('391', '391');
INSERT INTO `museu`.`IndexingSubjects_SubjectTerms` (`IndexingSubject`, `SubjectTerm`) VALUES ('391', '5');
INSERT INTO `museu`.`IndexingSubjects_SubjectTerms` (`IndexingSubject`, `SubjectTerm`) VALUES ('391', '6');


INSERT INTO `museu`.`IndexingSubjects` (`id_indexingSubjects`, `Object_Work_Record`) VALUES ('392', '392');
INSERT INTO `museu`.`IndexingSubjects_SubjectTerms` (`IndexingSubject`, `SubjectTerm`) VALUES ('392', '5');
INSERT INTO `museu`.`IndexingSubjects_SubjectTerms` (`IndexingSubject`, `SubjectTerm`) VALUES ('392', '6');


INSERT INTO `museu`.`IndexingSubjects` (`id_indexingSubjects`, `Object_Work_Record`) VALUES ('393', '393');
INSERT INTO `museu`.`IndexingSubjects_SubjectTerms` (`IndexingSubject`, `SubjectTerm`) VALUES ('393', '5');
INSERT INTO `museu`.`IndexingSubjects_SubjectTerms` (`IndexingSubject`, `SubjectTerm`) VALUES ('393', '6');


INSERT INTO `museu`.`IndexingSubjects` (`id_indexingSubjects`, `Object_Work_Record`) VALUES ('394', '394');
INSERT INTO `museu`.`IndexingSubjects_SubjectTerms` (`IndexingSubject`, `SubjectTerm`) VALUES ('394', '5');
INSERT INTO `museu`.`IndexingSubjects_SubjectTerms` (`IndexingSubject`, `SubjectTerm`) VALUES ('394', '6');


INSERT INTO `museu`.`IndexingSubjects` (`id_indexingSubjects`, `Object_Work_Record`) VALUES ('395', '395');
INSERT INTO `museu`.`IndexingSubjects_SubjectTerms` (`IndexingSubject`, `SubjectTerm`) VALUES ('395', '5');
INSERT INTO `museu`.`IndexingSubjects_SubjectTerms` (`IndexingSubject`, `SubjectTerm`) VALUES ('395', '6');


INSERT INTO `museu`.`IndexingSubjects` (`id_indexingSubjects`, `Object_Work_Record`) VALUES ('396', '396');
INSERT INTO `museu`.`IndexingSubjects_SubjectTerms` (`IndexingSubject`, `SubjectTerm`) VALUES ('396', '5');
INSERT INTO `museu`.`IndexingSubjects_SubjectTerms` (`IndexingSubject`, `SubjectTerm`) VALUES ('396', '6');


INSERT INTO `museu`.`IndexingSubjects` (`id_indexingSubjects`, `Object_Work_Record`) VALUES ('397', '397');
INSERT INTO `museu`.`IndexingSubjects_SubjectTerms` (`IndexingSubject`, `SubjectTerm`) VALUES ('397', '5');
INSERT INTO `museu`.`IndexingSubjects_SubjectTerms` (`IndexingSubject`, `SubjectTerm`) VALUES ('397', '6');


INSERT INTO `museu`.`IndexingSubjects` (`id_indexingSubjects`, `Object_Work_Record`) VALUES ('398', '398');
INSERT INTO `museu`.`IndexingSubjects_SubjectTerms` (`IndexingSubject`, `SubjectTerm`) VALUES ('398', '5');
INSERT INTO `museu`.`IndexingSubjects_SubjectTerms` (`IndexingSubject`, `SubjectTerm`) VALUES ('398', '6');


INSERT INTO `museu`.`IndexingSubjects` (`id_indexingSubjects`, `Object_Work_Record`) VALUES ('399', '399');
INSERT INTO `museu`.`IndexingSubjects_SubjectTerms` (`IndexingSubject`, `SubjectTerm`) VALUES ('399', '5');
INSERT INTO `museu`.`IndexingSubjects_SubjectTerms` (`IndexingSubject`, `SubjectTerm`) VALUES ('399', '6');


INSERT INTO `museu`.`IndexingSubjects` (`id_indexingSubjects`, `Object_Work_Record`) VALUES ('400', '400');
INSERT INTO `museu`.`IndexingSubjects_SubjectTerms` (`IndexingSubject`, `SubjectTerm`) VALUES ('400', '5');
INSERT INTO `museu`.`IndexingSubjects_SubjectTerms` (`IndexingSubject`, `SubjectTerm`) VALUES ('400', '6');


INSERT INTO `museu`.`IndexingSubjects` (`id_indexingSubjects`, `Object_Work_Record`) VALUES ('401', '401');
INSERT INTO `museu`.`IndexingSubjects_SubjectTerms` (`IndexingSubject`, `SubjectTerm`) VALUES ('401', '5');
INSERT INTO `museu`.`IndexingSubjects_SubjectTerms` (`IndexingSubject`, `SubjectTerm`) VALUES ('401', '6');


INSERT INTO `museu`.`IndexingSubjects` (`id_indexingSubjects`, `Object_Work_Record`) VALUES ('402', '402');
INSERT INTO `museu`.`IndexingSubjects_SubjectTerms` (`IndexingSubject`, `SubjectTerm`) VALUES ('402', '5');
INSERT INTO `museu`.`IndexingSubjects_SubjectTerms` (`IndexingSubject`, `SubjectTerm`) VALUES ('402', '6');


INSERT INTO `museu`.`IndexingSubjects` (`id_indexingSubjects`, `Object_Work_Record`) VALUES ('403', '403');
INSERT INTO `museu`.`IndexingSubjects_SubjectTerms` (`IndexingSubject`, `SubjectTerm`) VALUES ('403', '5');
INSERT INTO `museu`.`IndexingSubjects_SubjectTerms` (`IndexingSubject`, `SubjectTerm`) VALUES ('403', '6');


INSERT INTO `museu`.`IndexingSubjects` (`id_indexingSubjects`, `Object_Work_Record`) VALUES ('404', '404');
INSERT INTO `museu`.`IndexingSubjects_SubjectTerms` (`IndexingSubject`, `SubjectTerm`) VALUES ('404', '5');
INSERT INTO `museu`.`IndexingSubjects_SubjectTerms` (`IndexingSubject`, `SubjectTerm`) VALUES ('404', '6');


INSERT INTO `museu`.`IndexingSubjects` (`id_indexingSubjects`, `Object_Work_Record`) VALUES ('405', '405');
INSERT INTO `museu`.`IndexingSubjects_SubjectTerms` (`IndexingSubject`, `SubjectTerm`) VALUES ('405', '5');
INSERT INTO `museu`.`IndexingSubjects_SubjectTerms` (`IndexingSubject`, `SubjectTerm`) VALUES ('405', '6');


INSERT INTO `museu`.`IndexingSubjects` (`id_indexingSubjects`, `Object_Work_Record`) VALUES ('406', '406');
INSERT INTO `museu`.`IndexingSubjects_SubjectTerms` (`IndexingSubject`, `SubjectTerm`) VALUES ('406', '5');
INSERT INTO `museu`.`IndexingSubjects_SubjectTerms` (`IndexingSubject`, `SubjectTerm`) VALUES ('406', '6');


INSERT INTO `museu`.`IndexingSubjects` (`id_indexingSubjects`, `Object_Work_Record`) VALUES ('407', '407');
INSERT INTO `museu`.`IndexingSubjects_SubjectTerms` (`IndexingSubject`, `SubjectTerm`) VALUES ('407', '5');
INSERT INTO `museu`.`IndexingSubjects_SubjectTerms` (`IndexingSubject`, `SubjectTerm`) VALUES ('407', '6');


INSERT INTO `museu`.`IndexingSubjects` (`id_indexingSubjects`, `Object_Work_Record`) VALUES ('408', '408');
INSERT INTO `museu`.`IndexingSubjects_SubjectTerms` (`IndexingSubject`, `SubjectTerm`) VALUES ('408', '5');
INSERT INTO `museu`.`IndexingSubjects_SubjectTerms` (`IndexingSubject`, `SubjectTerm`) VALUES ('408', '6');


INSERT INTO `museu`.`IndexingSubjects` (`id_indexingSubjects`, `Object_Work_Record`) VALUES ('409', '409');
INSERT INTO `museu`.`IndexingSubjects_SubjectTerms` (`IndexingSubject`, `SubjectTerm`) VALUES ('409', '5');
INSERT INTO `museu`.`IndexingSubjects_SubjectTerms` (`IndexingSubject`, `SubjectTerm`) VALUES ('409', '6');


INSERT INTO `museu`.`IndexingSubjects` (`id_indexingSubjects`, `Object_Work_Record`) VALUES ('410', '410');
INSERT INTO `museu`.`IndexingSubjects_SubjectTerms` (`IndexingSubject`, `SubjectTerm`) VALUES ('410', '5');
INSERT INTO `museu`.`IndexingSubjects_SubjectTerms` (`IndexingSubject`, `SubjectTerm`) VALUES ('410', '6');


INSERT INTO `museu`.`IndexingSubjects` (`id_indexingSubjects`, `Object_Work_Record`) VALUES ('411', '411');
INSERT INTO `museu`.`IndexingSubjects_SubjectTerms` (`IndexingSubject`, `SubjectTerm`) VALUES ('411', '5');
INSERT INTO `museu`.`IndexingSubjects_SubjectTerms` (`IndexingSubject`, `SubjectTerm`) VALUES ('411', '6');


INSERT INTO `museu`.`IndexingSubjects` (`id_indexingSubjects`, `Object_Work_Record`) VALUES ('412', '412');
INSERT INTO `museu`.`IndexingSubjects_SubjectTerms` (`IndexingSubject`, `SubjectTerm`) VALUES ('412', '5');
INSERT INTO `museu`.`IndexingSubjects_SubjectTerms` (`IndexingSubject`, `SubjectTerm`) VALUES ('412', '6');


INSERT INTO `museu`.`IndexingSubjects` (`id_indexingSubjects`, `Object_Work_Record`) VALUES ('413', '413');
INSERT INTO `museu`.`IndexingSubjects_SubjectTerms` (`IndexingSubject`, `SubjectTerm`) VALUES ('413', '5');
INSERT INTO `museu`.`IndexingSubjects_SubjectTerms` (`IndexingSubject`, `SubjectTerm`) VALUES ('413', '6');


INSERT INTO `museu`.`IndexingSubjects` (`id_indexingSubjects`, `Object_Work_Record`) VALUES ('414', '414');
INSERT INTO `museu`.`IndexingSubjects_SubjectTerms` (`IndexingSubject`, `SubjectTerm`) VALUES ('414', '5');
INSERT INTO `museu`.`IndexingSubjects_SubjectTerms` (`IndexingSubject`, `SubjectTerm`) VALUES ('414', '6');


INSERT INTO `museu`.`IndexingSubjects` (`id_indexingSubjects`, `Object_Work_Record`) VALUES ('415', '415');
INSERT INTO `museu`.`IndexingSubjects_SubjectTerms` (`IndexingSubject`, `SubjectTerm`) VALUES ('415', '5');
INSERT INTO `museu`.`IndexingSubjects_SubjectTerms` (`IndexingSubject`, `SubjectTerm`) VALUES ('415', '6');


INSERT INTO `museu`.`IndexingSubjects` (`id_indexingSubjects`, `Object_Work_Record`) VALUES ('416', '416');
INSERT INTO `museu`.`IndexingSubjects_SubjectTerms` (`IndexingSubject`, `SubjectTerm`) VALUES ('416', '5');
INSERT INTO `museu`.`IndexingSubjects_SubjectTerms` (`IndexingSubject`, `SubjectTerm`) VALUES ('416', '6');


INSERT INTO `museu`.`IndexingSubjects` (`id_indexingSubjects`, `Object_Work_Record`) VALUES ('417', '417');
INSERT INTO `museu`.`IndexingSubjects_SubjectTerms` (`IndexingSubject`, `SubjectTerm`) VALUES ('417', '5');
INSERT INTO `museu`.`IndexingSubjects_SubjectTerms` (`IndexingSubject`, `SubjectTerm`) VALUES ('417', '6');


INSERT INTO `museu`.`IndexingSubjects` (`id_indexingSubjects`, `Object_Work_Record`) VALUES ('418', '418');
INSERT INTO `museu`.`IndexingSubjects_SubjectTerms` (`IndexingSubject`, `SubjectTerm`) VALUES ('418', '5');
INSERT INTO `museu`.`IndexingSubjects_SubjectTerms` (`IndexingSubject`, `SubjectTerm`) VALUES ('418', '6');


INSERT INTO `museu`.`IndexingSubjects` (`id_indexingSubjects`, `Object_Work_Record`) VALUES ('419', '419');
INSERT INTO `museu`.`IndexingSubjects_SubjectTerms` (`IndexingSubject`, `SubjectTerm`) VALUES ('419', '5');
INSERT INTO `museu`.`IndexingSubjects_SubjectTerms` (`IndexingSubject`, `SubjectTerm`) VALUES ('419', '6');


INSERT INTO `museu`.`IndexingSubjects` (`id_indexingSubjects`, `Object_Work_Record`) VALUES ('420', '420');
INSERT INTO `museu`.`IndexingSubjects_SubjectTerms` (`IndexingSubject`, `SubjectTerm`) VALUES ('420', '5');
INSERT INTO `museu`.`IndexingSubjects_SubjectTerms` (`IndexingSubject`, `SubjectTerm`) VALUES ('420', '6');


INSERT INTO `museu`.`IndexingSubjects` (`id_indexingSubjects`, `Object_Work_Record`) VALUES ('421', '421');
INSERT INTO `museu`.`IndexingSubjects_SubjectTerms` (`IndexingSubject`, `SubjectTerm`) VALUES ('421', '5');
INSERT INTO `museu`.`IndexingSubjects_SubjectTerms` (`IndexingSubject`, `SubjectTerm`) VALUES ('421', '6');


INSERT INTO `museu`.`IndexingSubjects` (`id_indexingSubjects`, `Object_Work_Record`) VALUES ('422', '422');
INSERT INTO `museu`.`IndexingSubjects_SubjectTerms` (`IndexingSubject`, `SubjectTerm`) VALUES ('422', '5');
INSERT INTO `museu`.`IndexingSubjects_SubjectTerms` (`IndexingSubject`, `SubjectTerm`) VALUES ('422', '6');


INSERT INTO `museu`.`IndexingSubjects` (`id_indexingSubjects`, `Object_Work_Record`) VALUES ('423', '423');
INSERT INTO `museu`.`IndexingSubjects_SubjectTerms` (`IndexingSubject`, `SubjectTerm`) VALUES ('423', '5');
INSERT INTO `museu`.`IndexingSubjects_SubjectTerms` (`IndexingSubject`, `SubjectTerm`) VALUES ('423', '6');


INSERT INTO `museu`.`IndexingSubjects` (`id_indexingSubjects`, `Object_Work_Record`) VALUES ('424', '424');
INSERT INTO `museu`.`IndexingSubjects_SubjectTerms` (`IndexingSubject`, `SubjectTerm`) VALUES ('424', '5');
INSERT INTO `museu`.`IndexingSubjects_SubjectTerms` (`IndexingSubject`, `SubjectTerm`) VALUES ('424', '6');


INSERT INTO `museu`.`IndexingSubjects` (`id_indexingSubjects`, `Object_Work_Record`) VALUES ('425', '425');
INSERT INTO `museu`.`IndexingSubjects_SubjectTerms` (`IndexingSubject`, `SubjectTerm`) VALUES ('425', '5');
INSERT INTO `museu`.`IndexingSubjects_SubjectTerms` (`IndexingSubject`, `SubjectTerm`) VALUES ('425', '6');


INSERT INTO `museu`.`IndexingSubjects` (`id_indexingSubjects`, `Object_Work_Record`) VALUES ('426', '426');
INSERT INTO `museu`.`IndexingSubjects_SubjectTerms` (`IndexingSubject`, `SubjectTerm`) VALUES ('426', '5');
INSERT INTO `museu`.`IndexingSubjects_SubjectTerms` (`IndexingSubject`, `SubjectTerm`) VALUES ('426', '6');


INSERT INTO `museu`.`IndexingSubjects` (`id_indexingSubjects`, `Object_Work_Record`) VALUES ('427', '427');
INSERT INTO `museu`.`IndexingSubjects_SubjectTerms` (`IndexingSubject`, `SubjectTerm`) VALUES ('427', '5');
INSERT INTO `museu`.`IndexingSubjects_SubjectTerms` (`IndexingSubject`, `SubjectTerm`) VALUES ('427', '6');


INSERT INTO `museu`.`IndexingSubjects` (`id_indexingSubjects`, `Object_Work_Record`) VALUES ('428', '428');
INSERT INTO `museu`.`IndexingSubjects_SubjectTerms` (`IndexingSubject`, `SubjectTerm`) VALUES ('428', '5');
INSERT INTO `museu`.`IndexingSubjects_SubjectTerms` (`IndexingSubject`, `SubjectTerm`) VALUES ('428', '6');


INSERT INTO `museu`.`IndexingSubjects` (`id_indexingSubjects`, `Object_Work_Record`) VALUES ('429', '429');
INSERT INTO `museu`.`IndexingSubjects_SubjectTerms` (`IndexingSubject`, `SubjectTerm`) VALUES ('429', '5');
INSERT INTO `museu`.`IndexingSubjects_SubjectTerms` (`IndexingSubject`, `SubjectTerm`) VALUES ('429', '6');


INSERT INTO `museu`.`IndexingSubjects` (`id_indexingSubjects`, `Object_Work_Record`) VALUES ('430', '430');
INSERT INTO `museu`.`IndexingSubjects_SubjectTerms` (`IndexingSubject`, `SubjectTerm`) VALUES ('430', '5');
INSERT INTO `museu`.`IndexingSubjects_SubjectTerms` (`IndexingSubject`, `SubjectTerm`) VALUES ('430', '6');


INSERT INTO `museu`.`IndexingSubjects` (`id_indexingSubjects`, `Object_Work_Record`) VALUES ('431', '431');
INSERT INTO `museu`.`IndexingSubjects_SubjectTerms` (`IndexingSubject`, `SubjectTerm`) VALUES ('431', '5');
INSERT INTO `museu`.`IndexingSubjects_SubjectTerms` (`IndexingSubject`, `SubjectTerm`) VALUES ('431', '6');


INSERT INTO `museu`.`IndexingSubjects` (`id_indexingSubjects`, `Object_Work_Record`) VALUES ('432', '432');
INSERT INTO `museu`.`IndexingSubjects_SubjectTerms` (`IndexingSubject`, `SubjectTerm`) VALUES ('432', '5');
INSERT INTO `museu`.`IndexingSubjects_SubjectTerms` (`IndexingSubject`, `SubjectTerm`) VALUES ('432', '6');


INSERT INTO `museu`.`IndexingSubjects` (`id_indexingSubjects`, `Object_Work_Record`) VALUES ('433', '433');
INSERT INTO `museu`.`IndexingSubjects_SubjectTerms` (`IndexingSubject`, `SubjectTerm`) VALUES ('433', '5');
INSERT INTO `museu`.`IndexingSubjects_SubjectTerms` (`IndexingSubject`, `SubjectTerm`) VALUES ('433', '6');


INSERT INTO `museu`.`IndexingSubjects` (`id_indexingSubjects`, `Object_Work_Record`) VALUES ('434', '434');
INSERT INTO `museu`.`IndexingSubjects_SubjectTerms` (`IndexingSubject`, `SubjectTerm`) VALUES ('434', '5');
INSERT INTO `museu`.`IndexingSubjects_SubjectTerms` (`IndexingSubject`, `SubjectTerm`) VALUES ('434', '6');


INSERT INTO `museu`.`IndexingSubjects` (`id_indexingSubjects`, `Object_Work_Record`) VALUES ('435', '435');
INSERT INTO `museu`.`IndexingSubjects_SubjectTerms` (`IndexingSubject`, `SubjectTerm`) VALUES ('435', '5');
INSERT INTO `museu`.`IndexingSubjects_SubjectTerms` (`IndexingSubject`, `SubjectTerm`) VALUES ('435', '6');


INSERT INTO `museu`.`IndexingSubjects` (`id_indexingSubjects`, `Object_Work_Record`) VALUES ('436', '436');
INSERT INTO `museu`.`IndexingSubjects_SubjectTerms` (`IndexingSubject`, `SubjectTerm`) VALUES ('436', '5');
INSERT INTO `museu`.`IndexingSubjects_SubjectTerms` (`IndexingSubject`, `SubjectTerm`) VALUES ('436', '6');


INSERT INTO `museu`.`IndexingSubjects` (`id_indexingSubjects`, `Object_Work_Record`) VALUES ('437', '437');
INSERT INTO `museu`.`IndexingSubjects_SubjectTerms` (`IndexingSubject`, `SubjectTerm`) VALUES ('437', '5');
INSERT INTO `museu`.`IndexingSubjects_SubjectTerms` (`IndexingSubject`, `SubjectTerm`) VALUES ('437', '6');


INSERT INTO `museu`.`IndexingSubjects` (`id_indexingSubjects`, `Object_Work_Record`) VALUES ('438', '438');
INSERT INTO `museu`.`IndexingSubjects_SubjectTerms` (`IndexingSubject`, `SubjectTerm`) VALUES ('438', '5');
INSERT INTO `museu`.`IndexingSubjects_SubjectTerms` (`IndexingSubject`, `SubjectTerm`) VALUES ('438', '6');


INSERT INTO `museu`.`IndexingSubjects` (`id_indexingSubjects`, `Object_Work_Record`) VALUES ('439', '439');
INSERT INTO `museu`.`IndexingSubjects_SubjectTerms` (`IndexingSubject`, `SubjectTerm`) VALUES ('439', '5');
INSERT INTO `museu`.`IndexingSubjects_SubjectTerms` (`IndexingSubject`, `SubjectTerm`) VALUES ('439', '6');


INSERT INTO `museu`.`IndexingSubjects` (`id_indexingSubjects`, `Object_Work_Record`) VALUES ('440', '440');
INSERT INTO `museu`.`IndexingSubjects_SubjectTerms` (`IndexingSubject`, `SubjectTerm`) VALUES ('440', '5');
INSERT INTO `museu`.`IndexingSubjects_SubjectTerms` (`IndexingSubject`, `SubjectTerm`) VALUES ('440', '6');


INSERT INTO `museu`.`IndexingSubjects` (`id_indexingSubjects`, `Object_Work_Record`) VALUES ('441', '441');
INSERT INTO `museu`.`IndexingSubjects_SubjectTerms` (`IndexingSubject`, `SubjectTerm`) VALUES ('441', '5');
INSERT INTO `museu`.`IndexingSubjects_SubjectTerms` (`IndexingSubject`, `SubjectTerm`) VALUES ('441', '6');


INSERT INTO `museu`.`IndexingSubjects` (`id_indexingSubjects`, `Object_Work_Record`) VALUES ('442', '442');
INSERT INTO `museu`.`IndexingSubjects_SubjectTerms` (`IndexingSubject`, `SubjectTerm`) VALUES ('442', '5');
INSERT INTO `museu`.`IndexingSubjects_SubjectTerms` (`IndexingSubject`, `SubjectTerm`) VALUES ('442', '6');


INSERT INTO `museu`.`IndexingSubjects` (`id_indexingSubjects`, `Object_Work_Record`) VALUES ('443', '443');
INSERT INTO `museu`.`IndexingSubjects_SubjectTerms` (`IndexingSubject`, `SubjectTerm`) VALUES ('443', '5');
INSERT INTO `museu`.`IndexingSubjects_SubjectTerms` (`IndexingSubject`, `SubjectTerm`) VALUES ('443', '6');


INSERT INTO `museu`.`IndexingSubjects` (`id_indexingSubjects`, `Object_Work_Record`) VALUES ('444', '444');
INSERT INTO `museu`.`IndexingSubjects_SubjectTerms` (`IndexingSubject`, `SubjectTerm`) VALUES ('444', '5');
INSERT INTO `museu`.`IndexingSubjects_SubjectTerms` (`IndexingSubject`, `SubjectTerm`) VALUES ('444', '6');


INSERT INTO `museu`.`IndexingSubjects` (`id_indexingSubjects`, `Object_Work_Record`) VALUES ('445', '445');
INSERT INTO `museu`.`IndexingSubjects_SubjectTerms` (`IndexingSubject`, `SubjectTerm`) VALUES ('445', '5');
INSERT INTO `museu`.`IndexingSubjects_SubjectTerms` (`IndexingSubject`, `SubjectTerm`) VALUES ('445', '6');


INSERT INTO `museu`.`IndexingSubjects` (`id_indexingSubjects`, `Object_Work_Record`) VALUES ('446', '446');
INSERT INTO `museu`.`IndexingSubjects_SubjectTerms` (`IndexingSubject`, `SubjectTerm`) VALUES ('446', '5');
INSERT INTO `museu`.`IndexingSubjects_SubjectTerms` (`IndexingSubject`, `SubjectTerm`) VALUES ('446', '6');


INSERT INTO `museu`.`IndexingSubjects` (`id_indexingSubjects`, `Object_Work_Record`) VALUES ('447', '447');
INSERT INTO `museu`.`IndexingSubjects_SubjectTerms` (`IndexingSubject`, `SubjectTerm`) VALUES ('447', '5');
INSERT INTO `museu`.`IndexingSubjects_SubjectTerms` (`IndexingSubject`, `SubjectTerm`) VALUES ('447', '6');


INSERT INTO `museu`.`IndexingSubjects` (`id_indexingSubjects`, `Object_Work_Record`) VALUES ('448', '448');
INSERT INTO `museu`.`IndexingSubjects_SubjectTerms` (`IndexingSubject`, `SubjectTerm`) VALUES ('448', '5');
INSERT INTO `museu`.`IndexingSubjects_SubjectTerms` (`IndexingSubject`, `SubjectTerm`) VALUES ('448', '6');


INSERT INTO `museu`.`IndexingSubjects` (`id_indexingSubjects`, `Object_Work_Record`) VALUES ('449', '449');
INSERT INTO `museu`.`IndexingSubjects_SubjectTerms` (`IndexingSubject`, `SubjectTerm`) VALUES ('449', '5');
INSERT INTO `museu`.`IndexingSubjects_SubjectTerms` (`IndexingSubject`, `SubjectTerm`) VALUES ('449', '6');


INSERT INTO `museu`.`IndexingSubjects` (`id_indexingSubjects`, `Object_Work_Record`) VALUES ('450', '450');
INSERT INTO `museu`.`IndexingSubjects_SubjectTerms` (`IndexingSubject`, `SubjectTerm`) VALUES ('450', '5');
INSERT INTO `museu`.`IndexingSubjects_SubjectTerms` (`IndexingSubject`, `SubjectTerm`) VALUES ('450', '6');


INSERT INTO `museu`.`IndexingSubjects` (`id_indexingSubjects`, `Object_Work_Record`) VALUES ('451', '451');
INSERT INTO `museu`.`IndexingSubjects_SubjectTerms` (`IndexingSubject`, `SubjectTerm`) VALUES ('451', '5');
INSERT INTO `museu`.`IndexingSubjects_SubjectTerms` (`IndexingSubject`, `SubjectTerm`) VALUES ('451', '6');


INSERT INTO `museu`.`IndexingSubjects` (`id_indexingSubjects`, `Object_Work_Record`) VALUES ('452', '452');
INSERT INTO `museu`.`IndexingSubjects_SubjectTerms` (`IndexingSubject`, `SubjectTerm`) VALUES ('452', '5');
INSERT INTO `museu`.`IndexingSubjects_SubjectTerms` (`IndexingSubject`, `SubjectTerm`) VALUES ('452', '6');


INSERT INTO `museu`.`IndexingSubjects` (`id_indexingSubjects`, `Object_Work_Record`) VALUES ('453', '453');
INSERT INTO `museu`.`IndexingSubjects_SubjectTerms` (`IndexingSubject`, `SubjectTerm`) VALUES ('453', '5');
INSERT INTO `museu`.`IndexingSubjects_SubjectTerms` (`IndexingSubject`, `SubjectTerm`) VALUES ('453', '6');


INSERT INTO `museu`.`IndexingSubjects` (`id_indexingSubjects`, `Object_Work_Record`) VALUES ('454', '454');
INSERT INTO `museu`.`IndexingSubjects_SubjectTerms` (`IndexingSubject`, `SubjectTerm`) VALUES ('454', '5');
INSERT INTO `museu`.`IndexingSubjects_SubjectTerms` (`IndexingSubject`, `SubjectTerm`) VALUES ('454', '6');


INSERT INTO `museu`.`IndexingSubjects` (`id_indexingSubjects`, `Object_Work_Record`) VALUES ('455', '455');
INSERT INTO `museu`.`IndexingSubjects_SubjectTerms` (`IndexingSubject`, `SubjectTerm`) VALUES ('455', '5');
INSERT INTO `museu`.`IndexingSubjects_SubjectTerms` (`IndexingSubject`, `SubjectTerm`) VALUES ('455', '6');


INSERT INTO `museu`.`IndexingSubjects` (`id_indexingSubjects`, `Object_Work_Record`) VALUES ('456', '456');
INSERT INTO `museu`.`IndexingSubjects_SubjectTerms` (`IndexingSubject`, `SubjectTerm`) VALUES ('456', '5');
INSERT INTO `museu`.`IndexingSubjects_SubjectTerms` (`IndexingSubject`, `SubjectTerm`) VALUES ('456', '6');


INSERT INTO `museu`.`IndexingSubjects` (`id_indexingSubjects`, `Object_Work_Record`) VALUES ('457', '457');
INSERT INTO `museu`.`IndexingSubjects_SubjectTerms` (`IndexingSubject`, `SubjectTerm`) VALUES ('457', '5');
INSERT INTO `museu`.`IndexingSubjects_SubjectTerms` (`IndexingSubject`, `SubjectTerm`) VALUES ('457', '6');


INSERT INTO `museu`.`IndexingSubjects` (`id_indexingSubjects`, `Object_Work_Record`) VALUES ('458', '458');
INSERT INTO `museu`.`IndexingSubjects_SubjectTerms` (`IndexingSubject`, `SubjectTerm`) VALUES ('458', '5');
INSERT INTO `museu`.`IndexingSubjects_SubjectTerms` (`IndexingSubject`, `SubjectTerm`) VALUES ('458', '6');


INSERT INTO `museu`.`IndexingSubjects` (`id_indexingSubjects`, `Object_Work_Record`) VALUES ('459', '459');
INSERT INTO `museu`.`IndexingSubjects_SubjectTerms` (`IndexingSubject`, `SubjectTerm`) VALUES ('459', '5');
INSERT INTO `museu`.`IndexingSubjects_SubjectTerms` (`IndexingSubject`, `SubjectTerm`) VALUES ('459', '6');


INSERT INTO `museu`.`IndexingSubjects` (`id_indexingSubjects`, `Object_Work_Record`) VALUES ('460', '460');
INSERT INTO `museu`.`IndexingSubjects_SubjectTerms` (`IndexingSubject`, `SubjectTerm`) VALUES ('460', '5');
INSERT INTO `museu`.`IndexingSubjects_SubjectTerms` (`IndexingSubject`, `SubjectTerm`) VALUES ('460', '6');


INSERT INTO `museu`.`IndexingSubjects` (`id_indexingSubjects`, `Object_Work_Record`) VALUES ('461', '461');
INSERT INTO `museu`.`IndexingSubjects_SubjectTerms` (`IndexingSubject`, `SubjectTerm`) VALUES ('461', '5');
INSERT INTO `museu`.`IndexingSubjects_SubjectTerms` (`IndexingSubject`, `SubjectTerm`) VALUES ('461', '6');


INSERT INTO `museu`.`IndexingSubjects` (`id_indexingSubjects`, `Object_Work_Record`) VALUES ('462', '462');
INSERT INTO `museu`.`IndexingSubjects_SubjectTerms` (`IndexingSubject`, `SubjectTerm`) VALUES ('462', '5');
INSERT INTO `museu`.`IndexingSubjects_SubjectTerms` (`IndexingSubject`, `SubjectTerm`) VALUES ('462', '6');


INSERT INTO `museu`.`IndexingSubjects` (`id_indexingSubjects`, `Object_Work_Record`) VALUES ('463', '463');
INSERT INTO `museu`.`IndexingSubjects_SubjectTerms` (`IndexingSubject`, `SubjectTerm`) VALUES ('463', '5');
INSERT INTO `museu`.`IndexingSubjects_SubjectTerms` (`IndexingSubject`, `SubjectTerm`) VALUES ('463', '6');


INSERT INTO `museu`.`IndexingSubjects` (`id_indexingSubjects`, `Object_Work_Record`) VALUES ('464', '464');
INSERT INTO `museu`.`IndexingSubjects_SubjectTerms` (`IndexingSubject`, `SubjectTerm`) VALUES ('464', '5');
INSERT INTO `museu`.`IndexingSubjects_SubjectTerms` (`IndexingSubject`, `SubjectTerm`) VALUES ('464', '6');


INSERT INTO `museu`.`IndexingSubjects` (`id_indexingSubjects`, `Object_Work_Record`) VALUES ('465', '465');
INSERT INTO `museu`.`IndexingSubjects_SubjectTerms` (`IndexingSubject`, `SubjectTerm`) VALUES ('465', '5');
INSERT INTO `museu`.`IndexingSubjects_SubjectTerms` (`IndexingSubject`, `SubjectTerm`) VALUES ('465', '6');


INSERT INTO `museu`.`IndexingSubjects` (`id_indexingSubjects`, `Object_Work_Record`) VALUES ('466', '466');
INSERT INTO `museu`.`IndexingSubjects_SubjectTerms` (`IndexingSubject`, `SubjectTerm`) VALUES ('466', '5');
INSERT INTO `museu`.`IndexingSubjects_SubjectTerms` (`IndexingSubject`, `SubjectTerm`) VALUES ('466', '6');


INSERT INTO `museu`.`IndexingSubjects` (`id_indexingSubjects`, `Object_Work_Record`) VALUES ('467', '467');
INSERT INTO `museu`.`IndexingSubjects_SubjectTerms` (`IndexingSubject`, `SubjectTerm`) VALUES ('467', '5');
INSERT INTO `museu`.`IndexingSubjects_SubjectTerms` (`IndexingSubject`, `SubjectTerm`) VALUES ('467', '6');


INSERT INTO `museu`.`IndexingSubjects` (`id_indexingSubjects`, `Object_Work_Record`) VALUES ('468', '468');
INSERT INTO `museu`.`IndexingSubjects_SubjectTerms` (`IndexingSubject`, `SubjectTerm`) VALUES ('468', '5');
INSERT INTO `museu`.`IndexingSubjects_SubjectTerms` (`IndexingSubject`, `SubjectTerm`) VALUES ('468', '6');


INSERT INTO `museu`.`IndexingSubjects` (`id_indexingSubjects`, `Object_Work_Record`) VALUES ('469', '469');
INSERT INTO `museu`.`IndexingSubjects_SubjectTerms` (`IndexingSubject`, `SubjectTerm`) VALUES ('469', '5');
INSERT INTO `museu`.`IndexingSubjects_SubjectTerms` (`IndexingSubject`, `SubjectTerm`) VALUES ('469', '6');


INSERT INTO `museu`.`IndexingSubjects` (`id_indexingSubjects`, `Object_Work_Record`) VALUES ('470', '470');
INSERT INTO `museu`.`IndexingSubjects_SubjectTerms` (`IndexingSubject`, `SubjectTerm`) VALUES ('470', '5');
INSERT INTO `museu`.`IndexingSubjects_SubjectTerms` (`IndexingSubject`, `SubjectTerm`) VALUES ('470', '6');


INSERT INTO `museu`.`IndexingSubjects` (`id_indexingSubjects`, `Object_Work_Record`) VALUES ('471', '471');
INSERT INTO `museu`.`IndexingSubjects_SubjectTerms` (`IndexingSubject`, `SubjectTerm`) VALUES ('471', '5');
INSERT INTO `museu`.`IndexingSubjects_SubjectTerms` (`IndexingSubject`, `SubjectTerm`) VALUES ('471', '6');


INSERT INTO `museu`.`IndexingSubjects` (`id_indexingSubjects`, `Object_Work_Record`) VALUES ('472', '472');
INSERT INTO `museu`.`IndexingSubjects_SubjectTerms` (`IndexingSubject`, `SubjectTerm`) VALUES ('472', '5');
INSERT INTO `museu`.`IndexingSubjects_SubjectTerms` (`IndexingSubject`, `SubjectTerm`) VALUES ('472', '6');


INSERT INTO `museu`.`IndexingSubjects` (`id_indexingSubjects`, `Object_Work_Record`) VALUES ('473', '473');
INSERT INTO `museu`.`IndexingSubjects_SubjectTerms` (`IndexingSubject`, `SubjectTerm`) VALUES ('473', '5');
INSERT INTO `museu`.`IndexingSubjects_SubjectTerms` (`IndexingSubject`, `SubjectTerm`) VALUES ('473', '6');


INSERT INTO `museu`.`IndexingSubjects` (`id_indexingSubjects`, `Object_Work_Record`) VALUES ('474', '474');
INSERT INTO `museu`.`IndexingSubjects_SubjectTerms` (`IndexingSubject`, `SubjectTerm`) VALUES ('474', '5');
INSERT INTO `museu`.`IndexingSubjects_SubjectTerms` (`IndexingSubject`, `SubjectTerm`) VALUES ('474', '6');


INSERT INTO `museu`.`IndexingSubjects` (`id_indexingSubjects`, `Object_Work_Record`) VALUES ('475', '475');
INSERT INTO `museu`.`IndexingSubjects_SubjectTerms` (`IndexingSubject`, `SubjectTerm`) VALUES ('475', '5');
INSERT INTO `museu`.`IndexingSubjects_SubjectTerms` (`IndexingSubject`, `SubjectTerm`) VALUES ('475', '6');


INSERT INTO `museu`.`IndexingSubjects` (`id_indexingSubjects`, `Object_Work_Record`) VALUES ('476', '476');
INSERT INTO `museu`.`IndexingSubjects_SubjectTerms` (`IndexingSubject`, `SubjectTerm`) VALUES ('476', '5');
INSERT INTO `museu`.`IndexingSubjects_SubjectTerms` (`IndexingSubject`, `SubjectTerm`) VALUES ('476', '6');


INSERT INTO `museu`.`IndexingSubjects` (`id_indexingSubjects`, `Object_Work_Record`) VALUES ('477', '477');
INSERT INTO `museu`.`IndexingSubjects_SubjectTerms` (`IndexingSubject`, `SubjectTerm`) VALUES ('477', '5');
INSERT INTO `museu`.`IndexingSubjects_SubjectTerms` (`IndexingSubject`, `SubjectTerm`) VALUES ('477', '6');


INSERT INTO `museu`.`IndexingSubjects` (`id_indexingSubjects`, `Object_Work_Record`) VALUES ('478', '478');
INSERT INTO `museu`.`IndexingSubjects_SubjectTerms` (`IndexingSubject`, `SubjectTerm`) VALUES ('478', '5');
INSERT INTO `museu`.`IndexingSubjects_SubjectTerms` (`IndexingSubject`, `SubjectTerm`) VALUES ('478', '6');


INSERT INTO `museu`.`IndexingSubjects` (`id_indexingSubjects`, `Object_Work_Record`) VALUES ('479', '479');
INSERT INTO `museu`.`IndexingSubjects_SubjectTerms` (`IndexingSubject`, `SubjectTerm`) VALUES ('479', '5');
INSERT INTO `museu`.`IndexingSubjects_SubjectTerms` (`IndexingSubject`, `SubjectTerm`) VALUES ('479', '6');


INSERT INTO `museu`.`IndexingSubjects` (`id_indexingSubjects`, `Object_Work_Record`) VALUES ('480', '480');
INSERT INTO `museu`.`IndexingSubjects_SubjectTerms` (`IndexingSubject`, `SubjectTerm`) VALUES ('480', '5');
INSERT INTO `museu`.`IndexingSubjects_SubjectTerms` (`IndexingSubject`, `SubjectTerm`) VALUES ('480', '6');


INSERT INTO `museu`.`IndexingSubjects` (`id_indexingSubjects`, `Object_Work_Record`) VALUES ('481', '481');
INSERT INTO `museu`.`IndexingSubjects_SubjectTerms` (`IndexingSubject`, `SubjectTerm`) VALUES ('481', '5');
INSERT INTO `museu`.`IndexingSubjects_SubjectTerms` (`IndexingSubject`, `SubjectTerm`) VALUES ('481', '6');


INSERT INTO `museu`.`IndexingSubjects` (`id_indexingSubjects`, `Object_Work_Record`) VALUES ('482', '482');
INSERT INTO `museu`.`IndexingSubjects_SubjectTerms` (`IndexingSubject`, `SubjectTerm`) VALUES ('482', '5');
INSERT INTO `museu`.`IndexingSubjects_SubjectTerms` (`IndexingSubject`, `SubjectTerm`) VALUES ('482', '6');


INSERT INTO `museu`.`IndexingSubjects` (`id_indexingSubjects`, `Object_Work_Record`) VALUES ('483', '483');
INSERT INTO `museu`.`IndexingSubjects_SubjectTerms` (`IndexingSubject`, `SubjectTerm`) VALUES ('483', '5');
INSERT INTO `museu`.`IndexingSubjects_SubjectTerms` (`IndexingSubject`, `SubjectTerm`) VALUES ('483', '6');


INSERT INTO `museu`.`IndexingSubjects` (`id_indexingSubjects`, `Object_Work_Record`) VALUES ('484', '484');
INSERT INTO `museu`.`IndexingSubjects_SubjectTerms` (`IndexingSubject`, `SubjectTerm`) VALUES ('484', '5');
INSERT INTO `museu`.`IndexingSubjects_SubjectTerms` (`IndexingSubject`, `SubjectTerm`) VALUES ('484', '6');


INSERT INTO `museu`.`IndexingSubjects` (`id_indexingSubjects`, `Object_Work_Record`) VALUES ('485', '485');
INSERT INTO `museu`.`IndexingSubjects_SubjectTerms` (`IndexingSubject`, `SubjectTerm`) VALUES ('485', '5');
INSERT INTO `museu`.`IndexingSubjects_SubjectTerms` (`IndexingSubject`, `SubjectTerm`) VALUES ('485', '6');


INSERT INTO `museu`.`IndexingSubjects` (`id_indexingSubjects`, `Object_Work_Record`) VALUES ('486', '486');
INSERT INTO `museu`.`IndexingSubjects_SubjectTerms` (`IndexingSubject`, `SubjectTerm`) VALUES ('486', '5');
INSERT INTO `museu`.`IndexingSubjects_SubjectTerms` (`IndexingSubject`, `SubjectTerm`) VALUES ('486', '6');


INSERT INTO `museu`.`IndexingSubjects` (`id_indexingSubjects`, `Object_Work_Record`) VALUES ('487', '487');
INSERT INTO `museu`.`IndexingSubjects_SubjectTerms` (`IndexingSubject`, `SubjectTerm`) VALUES ('487', '5');
INSERT INTO `museu`.`IndexingSubjects_SubjectTerms` (`IndexingSubject`, `SubjectTerm`) VALUES ('487', '6');


INSERT INTO `museu`.`IndexingSubjects` (`id_indexingSubjects`, `Object_Work_Record`) VALUES ('488', '488');
INSERT INTO `museu`.`IndexingSubjects_SubjectTerms` (`IndexingSubject`, `SubjectTerm`) VALUES ('488', '5');
INSERT INTO `museu`.`IndexingSubjects_SubjectTerms` (`IndexingSubject`, `SubjectTerm`) VALUES ('488', '6');


INSERT INTO `museu`.`IndexingSubjects` (`id_indexingSubjects`, `Object_Work_Record`) VALUES ('489', '489');
INSERT INTO `museu`.`IndexingSubjects_SubjectTerms` (`IndexingSubject`, `SubjectTerm`) VALUES ('489', '5');
INSERT INTO `museu`.`IndexingSubjects_SubjectTerms` (`IndexingSubject`, `SubjectTerm`) VALUES ('489', '6');


INSERT INTO `museu`.`IndexingSubjects` (`id_indexingSubjects`, `Object_Work_Record`) VALUES ('490', '490');
INSERT INTO `museu`.`IndexingSubjects_SubjectTerms` (`IndexingSubject`, `SubjectTerm`) VALUES ('490', '5');
INSERT INTO `museu`.`IndexingSubjects_SubjectTerms` (`IndexingSubject`, `SubjectTerm`) VALUES ('490', '6');


INSERT INTO `museu`.`IndexingSubjects` (`id_indexingSubjects`, `Object_Work_Record`) VALUES ('491', '491');
INSERT INTO `museu`.`IndexingSubjects_SubjectTerms` (`IndexingSubject`, `SubjectTerm`) VALUES ('491', '5');
INSERT INTO `museu`.`IndexingSubjects_SubjectTerms` (`IndexingSubject`, `SubjectTerm`) VALUES ('491', '6');


INSERT INTO `museu`.`IndexingSubjects` (`id_indexingSubjects`, `Object_Work_Record`) VALUES ('492', '492');
INSERT INTO `museu`.`IndexingSubjects_SubjectTerms` (`IndexingSubject`, `SubjectTerm`) VALUES ('492', '5');
INSERT INTO `museu`.`IndexingSubjects_SubjectTerms` (`IndexingSubject`, `SubjectTerm`) VALUES ('492', '6');


INSERT INTO `museu`.`IndexingSubjects` (`id_indexingSubjects`, `Object_Work_Record`) VALUES ('493', '493');
INSERT INTO `museu`.`IndexingSubjects_SubjectTerms` (`IndexingSubject`, `SubjectTerm`) VALUES ('493', '5');
INSERT INTO `museu`.`IndexingSubjects_SubjectTerms` (`IndexingSubject`, `SubjectTerm`) VALUES ('493', '6');


INSERT INTO `museu`.`IndexingSubjects` (`id_indexingSubjects`, `Object_Work_Record`) VALUES ('494', '494');
INSERT INTO `museu`.`IndexingSubjects_SubjectTerms` (`IndexingSubject`, `SubjectTerm`) VALUES ('494', '5');
INSERT INTO `museu`.`IndexingSubjects_SubjectTerms` (`IndexingSubject`, `SubjectTerm`) VALUES ('494', '6');


INSERT INTO `museu`.`IndexingSubjects` (`id_indexingSubjects`, `Object_Work_Record`) VALUES ('495', '495');
INSERT INTO `museu`.`IndexingSubjects_SubjectTerms` (`IndexingSubject`, `SubjectTerm`) VALUES ('495', '5');
INSERT INTO `museu`.`IndexingSubjects_SubjectTerms` (`IndexingSubject`, `SubjectTerm`) VALUES ('495', '6');


INSERT INTO `museu`.`IndexingSubjects` (`id_indexingSubjects`, `Object_Work_Record`) VALUES ('496', '496');
INSERT INTO `museu`.`IndexingSubjects_SubjectTerms` (`IndexingSubject`, `SubjectTerm`) VALUES ('496', '5');
INSERT INTO `museu`.`IndexingSubjects_SubjectTerms` (`IndexingSubject`, `SubjectTerm`) VALUES ('496', '6');


INSERT INTO `museu`.`IndexingSubjects` (`id_indexingSubjects`, `Object_Work_Record`) VALUES ('497', '497');
INSERT INTO `museu`.`IndexingSubjects_SubjectTerms` (`IndexingSubject`, `SubjectTerm`) VALUES ('497', '5');
INSERT INTO `museu`.`IndexingSubjects_SubjectTerms` (`IndexingSubject`, `SubjectTerm`) VALUES ('497', '6');


INSERT INTO `museu`.`IndexingSubjects` (`id_indexingSubjects`, `Object_Work_Record`) VALUES ('498', '498');
INSERT INTO `museu`.`IndexingSubjects_SubjectTerms` (`IndexingSubject`, `SubjectTerm`) VALUES ('498', '5');
INSERT INTO `museu`.`IndexingSubjects_SubjectTerms` (`IndexingSubject`, `SubjectTerm`) VALUES ('498', '6');


INSERT INTO `museu`.`IndexingSubjects` (`id_indexingSubjects`, `Object_Work_Record`) VALUES ('499', '499');
INSERT INTO `museu`.`IndexingSubjects_SubjectTerms` (`IndexingSubject`, `SubjectTerm`) VALUES ('499', '5');
INSERT INTO `museu`.`IndexingSubjects_SubjectTerms` (`IndexingSubject`, `SubjectTerm`) VALUES ('499', '6');


INSERT INTO `museu`.`IndexingSubjects` (`id_indexingSubjects`, `Object_Work_Record`) VALUES ('500', '500');
INSERT INTO `museu`.`IndexingSubjects_SubjectTerms` (`IndexingSubject`, `SubjectTerm`) VALUES ('500', '5');
INSERT INTO `museu`.`IndexingSubjects_SubjectTerms` (`IndexingSubject`, `SubjectTerm`) VALUES ('500', '6');


INSERT INTO `museu`.`IndexingSubjects` (`id_indexingSubjects`, `Object_Work_Record`) VALUES ('501', '501');
INSERT INTO `museu`.`IndexingSubjects_SubjectTerms` (`IndexingSubject`, `SubjectTerm`) VALUES ('501', '5');
INSERT INTO `museu`.`IndexingSubjects_SubjectTerms` (`IndexingSubject`, `SubjectTerm`) VALUES ('501', '6');


INSERT INTO `museu`.`IndexingSubjects` (`id_indexingSubjects`, `Object_Work_Record`) VALUES ('502', '502');
INSERT INTO `museu`.`IndexingSubjects_SubjectTerms` (`IndexingSubject`, `SubjectTerm`) VALUES ('502', '5');
INSERT INTO `museu`.`IndexingSubjects_SubjectTerms` (`IndexingSubject`, `SubjectTerm`) VALUES ('502', '6');


INSERT INTO `museu`.`IndexingSubjects` (`id_indexingSubjects`, `Object_Work_Record`) VALUES ('503', '503');
INSERT INTO `museu`.`IndexingSubjects_SubjectTerms` (`IndexingSubject`, `SubjectTerm`) VALUES ('503', '5');
INSERT INTO `museu`.`IndexingSubjects_SubjectTerms` (`IndexingSubject`, `SubjectTerm`) VALUES ('503', '6');


INSERT INTO `museu`.`IndexingSubjects` (`id_indexingSubjects`, `Object_Work_Record`) VALUES ('504', '504');
INSERT INTO `museu`.`IndexingSubjects_SubjectTerms` (`IndexingSubject`, `SubjectTerm`) VALUES ('504', '5');
INSERT INTO `museu`.`IndexingSubjects_SubjectTerms` (`IndexingSubject`, `SubjectTerm`) VALUES ('504', '6');


INSERT INTO `museu`.`IndexingSubjects` (`id_indexingSubjects`, `Object_Work_Record`) VALUES ('505', '505');
INSERT INTO `museu`.`IndexingSubjects_SubjectTerms` (`IndexingSubject`, `SubjectTerm`) VALUES ('505', '5');
INSERT INTO `museu`.`IndexingSubjects_SubjectTerms` (`IndexingSubject`, `SubjectTerm`) VALUES ('505', '6');


INSERT INTO `museu`.`IndexingSubjects` (`id_indexingSubjects`, `Object_Work_Record`) VALUES ('506', '506');
INSERT INTO `museu`.`IndexingSubjects_SubjectTerms` (`IndexingSubject`, `SubjectTerm`) VALUES ('506', '5');
INSERT INTO `museu`.`IndexingSubjects_SubjectTerms` (`IndexingSubject`, `SubjectTerm`) VALUES ('506', '6');


INSERT INTO `museu`.`IndexingSubjects` (`id_indexingSubjects`, `Object_Work_Record`) VALUES ('507', '507');
INSERT INTO `museu`.`IndexingSubjects_SubjectTerms` (`IndexingSubject`, `SubjectTerm`) VALUES ('507', '5');
INSERT INTO `museu`.`IndexingSubjects_SubjectTerms` (`IndexingSubject`, `SubjectTerm`) VALUES ('507', '6');


INSERT INTO `museu`.`IndexingSubjects` (`id_indexingSubjects`, `Object_Work_Record`) VALUES ('508', '508');
INSERT INTO `museu`.`IndexingSubjects_SubjectTerms` (`IndexingSubject`, `SubjectTerm`) VALUES ('508', '5');
INSERT INTO `museu`.`IndexingSubjects_SubjectTerms` (`IndexingSubject`, `SubjectTerm`) VALUES ('508', '6');


INSERT INTO `museu`.`IndexingSubjects` (`id_indexingSubjects`, `Object_Work_Record`) VALUES ('509', '509');
INSERT INTO `museu`.`IndexingSubjects_SubjectTerms` (`IndexingSubject`, `SubjectTerm`) VALUES ('509', '5');
INSERT INTO `museu`.`IndexingSubjects_SubjectTerms` (`IndexingSubject`, `SubjectTerm`) VALUES ('509', '6');


INSERT INTO `museu`.`IndexingSubjects` (`id_indexingSubjects`, `Object_Work_Record`) VALUES ('510', '510');
INSERT INTO `museu`.`IndexingSubjects_SubjectTerms` (`IndexingSubject`, `SubjectTerm`) VALUES ('510', '5');
INSERT INTO `museu`.`IndexingSubjects_SubjectTerms` (`IndexingSubject`, `SubjectTerm`) VALUES ('510', '6');


INSERT INTO `museu`.`IndexingSubjects` (`id_indexingSubjects`, `Object_Work_Record`) VALUES ('511', '511');
INSERT INTO `museu`.`IndexingSubjects_SubjectTerms` (`IndexingSubject`, `SubjectTerm`) VALUES ('511', '5');
INSERT INTO `museu`.`IndexingSubjects_SubjectTerms` (`IndexingSubject`, `SubjectTerm`) VALUES ('511', '6');


INSERT INTO `museu`.`IndexingSubjects` (`id_indexingSubjects`, `Object_Work_Record`) VALUES ('512', '512');
INSERT INTO `museu`.`IndexingSubjects_SubjectTerms` (`IndexingSubject`, `SubjectTerm`) VALUES ('512', '5');
INSERT INTO `museu`.`IndexingSubjects_SubjectTerms` (`IndexingSubject`, `SubjectTerm`) VALUES ('512', '6');


INSERT INTO `museu`.`IndexingSubjects` (`id_indexingSubjects`, `Object_Work_Record`) VALUES ('513', '513');
INSERT INTO `museu`.`IndexingSubjects_SubjectTerms` (`IndexingSubject`, `SubjectTerm`) VALUES ('513', '5');
INSERT INTO `museu`.`IndexingSubjects_SubjectTerms` (`IndexingSubject`, `SubjectTerm`) VALUES ('513', '6');


INSERT INTO `museu`.`IndexingSubjects` (`id_indexingSubjects`, `Object_Work_Record`) VALUES ('514', '514');
INSERT INTO `museu`.`IndexingSubjects_SubjectTerms` (`IndexingSubject`, `SubjectTerm`) VALUES ('514', '5');
INSERT INTO `museu`.`IndexingSubjects_SubjectTerms` (`IndexingSubject`, `SubjectTerm`) VALUES ('514', '6');


INSERT INTO `museu`.`IndexingSubjects` (`id_indexingSubjects`, `Object_Work_Record`) VALUES ('515', '515');
INSERT INTO `museu`.`IndexingSubjects_SubjectTerms` (`IndexingSubject`, `SubjectTerm`) VALUES ('515', '5');
INSERT INTO `museu`.`IndexingSubjects_SubjectTerms` (`IndexingSubject`, `SubjectTerm`) VALUES ('515', '6');


INSERT INTO `museu`.`IndexingSubjects` (`id_indexingSubjects`, `Object_Work_Record`) VALUES ('516', '516');
INSERT INTO `museu`.`IndexingSubjects_SubjectTerms` (`IndexingSubject`, `SubjectTerm`) VALUES ('516', '5');
INSERT INTO `museu`.`IndexingSubjects_SubjectTerms` (`IndexingSubject`, `SubjectTerm`) VALUES ('516', '6');


INSERT INTO `museu`.`IndexingSubjects` (`id_indexingSubjects`, `Object_Work_Record`) VALUES ('517', '517');
INSERT INTO `museu`.`IndexingSubjects_SubjectTerms` (`IndexingSubject`, `SubjectTerm`) VALUES ('517', '5');
INSERT INTO `museu`.`IndexingSubjects_SubjectTerms` (`IndexingSubject`, `SubjectTerm`) VALUES ('517', '6');


INSERT INTO `museu`.`IndexingSubjects` (`id_indexingSubjects`, `Object_Work_Record`) VALUES ('518', '518');
INSERT INTO `museu`.`IndexingSubjects_SubjectTerms` (`IndexingSubject`, `SubjectTerm`) VALUES ('518', '5');
INSERT INTO `museu`.`IndexingSubjects_SubjectTerms` (`IndexingSubject`, `SubjectTerm`) VALUES ('518', '6');


INSERT INTO `museu`.`IndexingSubjects` (`id_indexingSubjects`, `Object_Work_Record`) VALUES ('519', '519');
INSERT INTO `museu`.`IndexingSubjects_SubjectTerms` (`IndexingSubject`, `SubjectTerm`) VALUES ('519', '5');
INSERT INTO `museu`.`IndexingSubjects_SubjectTerms` (`IndexingSubject`, `SubjectTerm`) VALUES ('519', '6');


INSERT INTO `museu`.`IndexingSubjects` (`id_indexingSubjects`, `Object_Work_Record`) VALUES ('520', '520');
INSERT INTO `museu`.`IndexingSubjects_SubjectTerms` (`IndexingSubject`, `SubjectTerm`) VALUES ('520', '5');
INSERT INTO `museu`.`IndexingSubjects_SubjectTerms` (`IndexingSubject`, `SubjectTerm`) VALUES ('520', '6');


INSERT INTO `museu`.`IndexingSubjects` (`id_indexingSubjects`, `Object_Work_Record`) VALUES ('521', '521');
INSERT INTO `museu`.`IndexingSubjects_SubjectTerms` (`IndexingSubject`, `SubjectTerm`) VALUES ('521', '5');
INSERT INTO `museu`.`IndexingSubjects_SubjectTerms` (`IndexingSubject`, `SubjectTerm`) VALUES ('521', '6');


INSERT INTO `museu`.`IndexingSubjects` (`id_indexingSubjects`, `Object_Work_Record`) VALUES ('522', '522');
INSERT INTO `museu`.`IndexingSubjects_SubjectTerms` (`IndexingSubject`, `SubjectTerm`) VALUES ('522', '5');
INSERT INTO `museu`.`IndexingSubjects_SubjectTerms` (`IndexingSubject`, `SubjectTerm`) VALUES ('522', '6');


INSERT INTO `museu`.`IndexingSubjects` (`id_indexingSubjects`, `Object_Work_Record`) VALUES ('523', '523');
INSERT INTO `museu`.`IndexingSubjects_SubjectTerms` (`IndexingSubject`, `SubjectTerm`) VALUES ('523', '5');
INSERT INTO `museu`.`IndexingSubjects_SubjectTerms` (`IndexingSubject`, `SubjectTerm`) VALUES ('523', '6');


INSERT INTO `museu`.`IndexingSubjects` (`id_indexingSubjects`, `Object_Work_Record`) VALUES ('524', '524');
INSERT INTO `museu`.`IndexingSubjects_SubjectTerms` (`IndexingSubject`, `SubjectTerm`) VALUES ('524', '5');
INSERT INTO `museu`.`IndexingSubjects_SubjectTerms` (`IndexingSubject`, `SubjectTerm`) VALUES ('524', '6');


INSERT INTO `museu`.`IndexingSubjects` (`id_indexingSubjects`, `Object_Work_Record`) VALUES ('525', '525');
INSERT INTO `museu`.`IndexingSubjects_SubjectTerms` (`IndexingSubject`, `SubjectTerm`) VALUES ('525', '5');
INSERT INTO `museu`.`IndexingSubjects_SubjectTerms` (`IndexingSubject`, `SubjectTerm`) VALUES ('525', '6');


INSERT INTO `museu`.`IndexingSubjects` (`id_indexingSubjects`, `Object_Work_Record`) VALUES ('526', '526');
INSERT INTO `museu`.`IndexingSubjects_SubjectTerms` (`IndexingSubject`, `SubjectTerm`) VALUES ('526', '5');
INSERT INTO `museu`.`IndexingSubjects_SubjectTerms` (`IndexingSubject`, `SubjectTerm`) VALUES ('526', '6');


INSERT INTO `museu`.`IndexingSubjects` (`id_indexingSubjects`, `Object_Work_Record`) VALUES ('527', '527');
INSERT INTO `museu`.`IndexingSubjects_SubjectTerms` (`IndexingSubject`, `SubjectTerm`) VALUES ('527', '5');
INSERT INTO `museu`.`IndexingSubjects_SubjectTerms` (`IndexingSubject`, `SubjectTerm`) VALUES ('527', '6');


INSERT INTO `museu`.`IndexingSubjects` (`id_indexingSubjects`, `Object_Work_Record`) VALUES ('528', '528');
INSERT INTO `museu`.`IndexingSubjects_SubjectTerms` (`IndexingSubject`, `SubjectTerm`) VALUES ('528', '5');
INSERT INTO `museu`.`IndexingSubjects_SubjectTerms` (`IndexingSubject`, `SubjectTerm`) VALUES ('528', '6');


INSERT INTO `museu`.`IndexingSubjects` (`id_indexingSubjects`, `Object_Work_Record`) VALUES ('529', '529');
INSERT INTO `museu`.`IndexingSubjects_SubjectTerms` (`IndexingSubject`, `SubjectTerm`) VALUES ('529', '5');
INSERT INTO `museu`.`IndexingSubjects_SubjectTerms` (`IndexingSubject`, `SubjectTerm`) VALUES ('529', '6');


INSERT INTO `museu`.`IndexingSubjects` (`id_indexingSubjects`, `Object_Work_Record`) VALUES ('530', '530');
INSERT INTO `museu`.`IndexingSubjects_SubjectTerms` (`IndexingSubject`, `SubjectTerm`) VALUES ('530', '5');
INSERT INTO `museu`.`IndexingSubjects_SubjectTerms` (`IndexingSubject`, `SubjectTerm`) VALUES ('530', '6');


INSERT INTO `museu`.`IndexingSubjects` (`id_indexingSubjects`, `Object_Work_Record`) VALUES ('531', '531');
INSERT INTO `museu`.`IndexingSubjects_SubjectTerms` (`IndexingSubject`, `SubjectTerm`) VALUES ('531', '5');
INSERT INTO `museu`.`IndexingSubjects_SubjectTerms` (`IndexingSubject`, `SubjectTerm`) VALUES ('531', '6');


INSERT INTO `museu`.`IndexingSubjects` (`id_indexingSubjects`, `Object_Work_Record`) VALUES ('532', '532');
INSERT INTO `museu`.`IndexingSubjects_SubjectTerms` (`IndexingSubject`, `SubjectTerm`) VALUES ('532', '5');
INSERT INTO `museu`.`IndexingSubjects_SubjectTerms` (`IndexingSubject`, `SubjectTerm`) VALUES ('532', '6');


INSERT INTO `museu`.`IndexingSubjects` (`id_indexingSubjects`, `Object_Work_Record`) VALUES ('533', '533');
INSERT INTO `museu`.`IndexingSubjects_SubjectTerms` (`IndexingSubject`, `SubjectTerm`) VALUES ('533', '5');
INSERT INTO `museu`.`IndexingSubjects_SubjectTerms` (`IndexingSubject`, `SubjectTerm`) VALUES ('533', '6');


INSERT INTO `museu`.`IndexingSubjects` (`id_indexingSubjects`, `Object_Work_Record`) VALUES ('534', '534');
INSERT INTO `museu`.`IndexingSubjects_SubjectTerms` (`IndexingSubject`, `SubjectTerm`) VALUES ('534', '5');
INSERT INTO `museu`.`IndexingSubjects_SubjectTerms` (`IndexingSubject`, `SubjectTerm`) VALUES ('534', '6');


INSERT INTO `museu`.`IndexingSubjects` (`id_indexingSubjects`, `Object_Work_Record`) VALUES ('535', '535');
INSERT INTO `museu`.`IndexingSubjects_SubjectTerms` (`IndexingSubject`, `SubjectTerm`) VALUES ('535', '5');
INSERT INTO `museu`.`IndexingSubjects_SubjectTerms` (`IndexingSubject`, `SubjectTerm`) VALUES ('535', '6');


INSERT INTO `museu`.`IndexingSubjects` (`id_indexingSubjects`, `Object_Work_Record`) VALUES ('536', '536');
INSERT INTO `museu`.`IndexingSubjects_SubjectTerms` (`IndexingSubject`, `SubjectTerm`) VALUES ('536', '5');
INSERT INTO `museu`.`IndexingSubjects_SubjectTerms` (`IndexingSubject`, `SubjectTerm`) VALUES ('536', '6');


INSERT INTO `museu`.`IndexingSubjects` (`id_indexingSubjects`, `Object_Work_Record`) VALUES ('537', '537');
INSERT INTO `museu`.`IndexingSubjects_SubjectTerms` (`IndexingSubject`, `SubjectTerm`) VALUES ('537', '5');
INSERT INTO `museu`.`IndexingSubjects_SubjectTerms` (`IndexingSubject`, `SubjectTerm`) VALUES ('537', '6');


INSERT INTO `museu`.`IndexingSubjects` (`id_indexingSubjects`, `Object_Work_Record`) VALUES ('538', '538');
INSERT INTO `museu`.`IndexingSubjects_SubjectTerms` (`IndexingSubject`, `SubjectTerm`) VALUES ('538', '5');
INSERT INTO `museu`.`IndexingSubjects_SubjectTerms` (`IndexingSubject`, `SubjectTerm`) VALUES ('538', '6');


INSERT INTO `museu`.`IndexingSubjects` (`id_indexingSubjects`, `Object_Work_Record`) VALUES ('539', '539');
INSERT INTO `museu`.`IndexingSubjects_SubjectTerms` (`IndexingSubject`, `SubjectTerm`) VALUES ('539', '5');
INSERT INTO `museu`.`IndexingSubjects_SubjectTerms` (`IndexingSubject`, `SubjectTerm`) VALUES ('539', '6');


INSERT INTO `museu`.`IndexingSubjects` (`id_indexingSubjects`, `Object_Work_Record`) VALUES ('540', '540');
INSERT INTO `museu`.`IndexingSubjects_SubjectTerms` (`IndexingSubject`, `SubjectTerm`) VALUES ('540', '5');
INSERT INTO `museu`.`IndexingSubjects_SubjectTerms` (`IndexingSubject`, `SubjectTerm`) VALUES ('540', '6');


INSERT INTO `museu`.`IndexingSubjects` (`id_indexingSubjects`, `Object_Work_Record`) VALUES ('541', '541');
INSERT INTO `museu`.`IndexingSubjects_SubjectTerms` (`IndexingSubject`, `SubjectTerm`) VALUES ('541', '5');
INSERT INTO `museu`.`IndexingSubjects_SubjectTerms` (`IndexingSubject`, `SubjectTerm`) VALUES ('541', '6');


INSERT INTO `museu`.`IndexingSubjects` (`id_indexingSubjects`, `Object_Work_Record`) VALUES ('542', '542');
INSERT INTO `museu`.`IndexingSubjects_SubjectTerms` (`IndexingSubject`, `SubjectTerm`) VALUES ('542', '5');
INSERT INTO `museu`.`IndexingSubjects_SubjectTerms` (`IndexingSubject`, `SubjectTerm`) VALUES ('542', '6');


INSERT INTO `museu`.`IndexingSubjects` (`id_indexingSubjects`, `Object_Work_Record`) VALUES ('543', '543');
INSERT INTO `museu`.`IndexingSubjects_SubjectTerms` (`IndexingSubject`, `SubjectTerm`) VALUES ('543', '5');
INSERT INTO `museu`.`IndexingSubjects_SubjectTerms` (`IndexingSubject`, `SubjectTerm`) VALUES ('543', '6');


INSERT INTO `museu`.`IndexingSubjects` (`id_indexingSubjects`, `Object_Work_Record`) VALUES ('544', '544');
INSERT INTO `museu`.`IndexingSubjects_SubjectTerms` (`IndexingSubject`, `SubjectTerm`) VALUES ('544', '5');
INSERT INTO `museu`.`IndexingSubjects_SubjectTerms` (`IndexingSubject`, `SubjectTerm`) VALUES ('544', '6');


INSERT INTO `museu`.`IndexingSubjects` (`id_indexingSubjects`, `Object_Work_Record`) VALUES ('545', '545');
INSERT INTO `museu`.`IndexingSubjects_SubjectTerms` (`IndexingSubject`, `SubjectTerm`) VALUES ('545', '5');
INSERT INTO `museu`.`IndexingSubjects_SubjectTerms` (`IndexingSubject`, `SubjectTerm`) VALUES ('545', '6');


INSERT INTO `museu`.`IndexingSubjects` (`id_indexingSubjects`, `Object_Work_Record`) VALUES ('546', '546');
INSERT INTO `museu`.`IndexingSubjects_SubjectTerms` (`IndexingSubject`, `SubjectTerm`) VALUES ('546', '5');
INSERT INTO `museu`.`IndexingSubjects_SubjectTerms` (`IndexingSubject`, `SubjectTerm`) VALUES ('546', '6');


INSERT INTO `museu`.`IndexingSubjects` (`id_indexingSubjects`, `Object_Work_Record`) VALUES ('547', '547');
INSERT INTO `museu`.`IndexingSubjects_SubjectTerms` (`IndexingSubject`, `SubjectTerm`) VALUES ('547', '5');
INSERT INTO `museu`.`IndexingSubjects_SubjectTerms` (`IndexingSubject`, `SubjectTerm`) VALUES ('547', '6');


INSERT INTO `museu`.`IndexingSubjects` (`id_indexingSubjects`, `Object_Work_Record`) VALUES ('548', '548');
INSERT INTO `museu`.`IndexingSubjects_SubjectTerms` (`IndexingSubject`, `SubjectTerm`) VALUES ('548', '5');
INSERT INTO `museu`.`IndexingSubjects_SubjectTerms` (`IndexingSubject`, `SubjectTerm`) VALUES ('548', '6');


INSERT INTO `museu`.`IndexingSubjects` (`id_indexingSubjects`, `Object_Work_Record`) VALUES ('549', '549');
INSERT INTO `museu`.`IndexingSubjects_SubjectTerms` (`IndexingSubject`, `SubjectTerm`) VALUES ('549', '5');
INSERT INTO `museu`.`IndexingSubjects_SubjectTerms` (`IndexingSubject`, `SubjectTerm`) VALUES ('549', '6');


INSERT INTO `museu`.`IndexingSubjects` (`id_indexingSubjects`, `Object_Work_Record`) VALUES ('550', '550');
INSERT INTO `museu`.`IndexingSubjects_SubjectTerms` (`IndexingSubject`, `SubjectTerm`) VALUES ('550', '5');
INSERT INTO `museu`.`IndexingSubjects_SubjectTerms` (`IndexingSubject`, `SubjectTerm`) VALUES ('550', '6');


INSERT INTO `museu`.`IndexingSubjects` (`id_indexingSubjects`, `Object_Work_Record`) VALUES ('551', '551');
INSERT INTO `museu`.`IndexingSubjects_SubjectTerms` (`IndexingSubject`, `SubjectTerm`) VALUES ('551', '5');
INSERT INTO `museu`.`IndexingSubjects_SubjectTerms` (`IndexingSubject`, `SubjectTerm`) VALUES ('551', '6');


INSERT INTO `museu`.`IndexingSubjects` (`id_indexingSubjects`, `Object_Work_Record`) VALUES ('552', '552');
INSERT INTO `museu`.`IndexingSubjects_SubjectTerms` (`IndexingSubject`, `SubjectTerm`) VALUES ('552', '5');
INSERT INTO `museu`.`IndexingSubjects_SubjectTerms` (`IndexingSubject`, `SubjectTerm`) VALUES ('552', '6');


INSERT INTO `museu`.`IndexingSubjects` (`id_indexingSubjects`, `Object_Work_Record`) VALUES ('553', '553');
INSERT INTO `museu`.`IndexingSubjects_SubjectTerms` (`IndexingSubject`, `SubjectTerm`) VALUES ('553', '5');
INSERT INTO `museu`.`IndexingSubjects_SubjectTerms` (`IndexingSubject`, `SubjectTerm`) VALUES ('553', '6');


INSERT INTO `museu`.`IndexingSubjects` (`id_indexingSubjects`, `Object_Work_Record`) VALUES ('554', '554');
INSERT INTO `museu`.`IndexingSubjects_SubjectTerms` (`IndexingSubject`, `SubjectTerm`) VALUES ('554', '5');
INSERT INTO `museu`.`IndexingSubjects_SubjectTerms` (`IndexingSubject`, `SubjectTerm`) VALUES ('554', '6');


INSERT INTO `museu`.`IndexingSubjects` (`id_indexingSubjects`, `Object_Work_Record`) VALUES ('555', '555');
INSERT INTO `museu`.`IndexingSubjects_SubjectTerms` (`IndexingSubject`, `SubjectTerm`) VALUES ('555', '5');
INSERT INTO `museu`.`IndexingSubjects_SubjectTerms` (`IndexingSubject`, `SubjectTerm`) VALUES ('555', '6');


INSERT INTO `museu`.`IndexingSubjects` (`id_indexingSubjects`, `Object_Work_Record`) VALUES ('556', '556');
INSERT INTO `museu`.`IndexingSubjects_SubjectTerms` (`IndexingSubject`, `SubjectTerm`) VALUES ('556', '5');
INSERT INTO `museu`.`IndexingSubjects_SubjectTerms` (`IndexingSubject`, `SubjectTerm`) VALUES ('556', '6');


INSERT INTO `museu`.`IndexingSubjects` (`id_indexingSubjects`, `Object_Work_Record`) VALUES ('557', '557');
INSERT INTO `museu`.`IndexingSubjects_SubjectTerms` (`IndexingSubject`, `SubjectTerm`) VALUES ('557', '5');
INSERT INTO `museu`.`IndexingSubjects_SubjectTerms` (`IndexingSubject`, `SubjectTerm`) VALUES ('557', '6');


INSERT INTO `museu`.`IndexingSubjects` (`id_indexingSubjects`, `Object_Work_Record`) VALUES ('558', '558');
INSERT INTO `museu`.`IndexingSubjects_SubjectTerms` (`IndexingSubject`, `SubjectTerm`) VALUES ('558', '5');
INSERT INTO `museu`.`IndexingSubjects_SubjectTerms` (`IndexingSubject`, `SubjectTerm`) VALUES ('558', '6');


INSERT INTO `museu`.`IndexingSubjects` (`id_indexingSubjects`, `Object_Work_Record`) VALUES ('559', '559');
INSERT INTO `museu`.`IndexingSubjects_SubjectTerms` (`IndexingSubject`, `SubjectTerm`) VALUES ('559', '5');
INSERT INTO `museu`.`IndexingSubjects_SubjectTerms` (`IndexingSubject`, `SubjectTerm`) VALUES ('559', '6');


INSERT INTO `museu`.`IndexingSubjects` (`id_indexingSubjects`, `Object_Work_Record`) VALUES ('560', '560');
INSERT INTO `museu`.`IndexingSubjects_SubjectTerms` (`IndexingSubject`, `SubjectTerm`) VALUES ('560', '5');
INSERT INTO `museu`.`IndexingSubjects_SubjectTerms` (`IndexingSubject`, `SubjectTerm`) VALUES ('560', '6');


INSERT INTO `museu`.`IndexingSubjects` (`id_indexingSubjects`, `Object_Work_Record`) VALUES ('561', '561');
INSERT INTO `museu`.`IndexingSubjects_SubjectTerms` (`IndexingSubject`, `SubjectTerm`) VALUES ('561', '5');
INSERT INTO `museu`.`IndexingSubjects_SubjectTerms` (`IndexingSubject`, `SubjectTerm`) VALUES ('561', '6');


INSERT INTO `museu`.`IndexingSubjects` (`id_indexingSubjects`, `Object_Work_Record`) VALUES ('562', '562');
INSERT INTO `museu`.`IndexingSubjects_SubjectTerms` (`IndexingSubject`, `SubjectTerm`) VALUES ('562', '5');
INSERT INTO `museu`.`IndexingSubjects_SubjectTerms` (`IndexingSubject`, `SubjectTerm`) VALUES ('562', '6');


INSERT INTO `museu`.`IndexingSubjects` (`id_indexingSubjects`, `Object_Work_Record`) VALUES ('563', '563');
INSERT INTO `museu`.`IndexingSubjects_SubjectTerms` (`IndexingSubject`, `SubjectTerm`) VALUES ('563', '5');
INSERT INTO `museu`.`IndexingSubjects_SubjectTerms` (`IndexingSubject`, `SubjectTerm`) VALUES ('563', '6');


INSERT INTO `museu`.`IndexingSubjects` (`id_indexingSubjects`, `Object_Work_Record`) VALUES ('564', '564');
INSERT INTO `museu`.`IndexingSubjects_SubjectTerms` (`IndexingSubject`, `SubjectTerm`) VALUES ('564', '5');
INSERT INTO `museu`.`IndexingSubjects_SubjectTerms` (`IndexingSubject`, `SubjectTerm`) VALUES ('564', '6');


INSERT INTO `museu`.`IndexingSubjects` (`id_indexingSubjects`, `Object_Work_Record`) VALUES ('565', '565');
INSERT INTO `museu`.`IndexingSubjects_SubjectTerms` (`IndexingSubject`, `SubjectTerm`) VALUES ('565', '5');
INSERT INTO `museu`.`IndexingSubjects_SubjectTerms` (`IndexingSubject`, `SubjectTerm`) VALUES ('565', '6');


INSERT INTO `museu`.`IndexingSubjects` (`id_indexingSubjects`, `Object_Work_Record`) VALUES ('566', '566');
INSERT INTO `museu`.`IndexingSubjects_SubjectTerms` (`IndexingSubject`, `SubjectTerm`) VALUES ('566', '5');
INSERT INTO `museu`.`IndexingSubjects_SubjectTerms` (`IndexingSubject`, `SubjectTerm`) VALUES ('566', '6');


INSERT INTO `museu`.`IndexingSubjects` (`id_indexingSubjects`, `Object_Work_Record`) VALUES ('567', '567');
INSERT INTO `museu`.`IndexingSubjects_SubjectTerms` (`IndexingSubject`, `SubjectTerm`) VALUES ('567', '5');
INSERT INTO `museu`.`IndexingSubjects_SubjectTerms` (`IndexingSubject`, `SubjectTerm`) VALUES ('567', '6');


INSERT INTO `museu`.`IndexingSubjects` (`id_indexingSubjects`, `Object_Work_Record`) VALUES ('568', '568');
INSERT INTO `museu`.`IndexingSubjects_SubjectTerms` (`IndexingSubject`, `SubjectTerm`) VALUES ('568', '5');
INSERT INTO `museu`.`IndexingSubjects_SubjectTerms` (`IndexingSubject`, `SubjectTerm`) VALUES ('568', '6');


INSERT INTO `museu`.`IndexingSubjects` (`id_indexingSubjects`, `Object_Work_Record`) VALUES ('569', '569');
INSERT INTO `museu`.`IndexingSubjects_SubjectTerms` (`IndexingSubject`, `SubjectTerm`) VALUES ('569', '5');
INSERT INTO `museu`.`IndexingSubjects_SubjectTerms` (`IndexingSubject`, `SubjectTerm`) VALUES ('569', '6');


INSERT INTO `museu`.`IndexingSubjects` (`id_indexingSubjects`, `Object_Work_Record`) VALUES ('570', '570');
INSERT INTO `museu`.`IndexingSubjects_SubjectTerms` (`IndexingSubject`, `SubjectTerm`) VALUES ('570', '5');
INSERT INTO `museu`.`IndexingSubjects_SubjectTerms` (`IndexingSubject`, `SubjectTerm`) VALUES ('570', '6');


INSERT INTO `museu`.`IndexingSubjects` (`id_indexingSubjects`, `Object_Work_Record`) VALUES ('571', '571');
INSERT INTO `museu`.`IndexingSubjects_SubjectTerms` (`IndexingSubject`, `SubjectTerm`) VALUES ('571', '5');
INSERT INTO `museu`.`IndexingSubjects_SubjectTerms` (`IndexingSubject`, `SubjectTerm`) VALUES ('571', '6');


INSERT INTO `museu`.`IndexingSubjects` (`id_indexingSubjects`, `Object_Work_Record`) VALUES ('572', '572');
INSERT INTO `museu`.`IndexingSubjects_SubjectTerms` (`IndexingSubject`, `SubjectTerm`) VALUES ('572', '5');
INSERT INTO `museu`.`IndexingSubjects_SubjectTerms` (`IndexingSubject`, `SubjectTerm`) VALUES ('572', '6');


INSERT INTO `museu`.`IndexingSubjects` (`id_indexingSubjects`, `Object_Work_Record`) VALUES ('573', '573');
INSERT INTO `museu`.`IndexingSubjects_SubjectTerms` (`IndexingSubject`, `SubjectTerm`) VALUES ('573', '5');
INSERT INTO `museu`.`IndexingSubjects_SubjectTerms` (`IndexingSubject`, `SubjectTerm`) VALUES ('573', '6');


INSERT INTO `museu`.`IndexingSubjects` (`id_indexingSubjects`, `Object_Work_Record`) VALUES ('574', '574');
INSERT INTO `museu`.`IndexingSubjects_SubjectTerms` (`IndexingSubject`, `SubjectTerm`) VALUES ('574', '5');
INSERT INTO `museu`.`IndexingSubjects_SubjectTerms` (`IndexingSubject`, `SubjectTerm`) VALUES ('574', '6');


INSERT INTO `museu`.`IndexingSubjects` (`id_indexingSubjects`, `Object_Work_Record`) VALUES ('575', '575');
INSERT INTO `museu`.`IndexingSubjects_SubjectTerms` (`IndexingSubject`, `SubjectTerm`) VALUES ('575', '5');
INSERT INTO `museu`.`IndexingSubjects_SubjectTerms` (`IndexingSubject`, `SubjectTerm`) VALUES ('575', '6');


INSERT INTO `museu`.`IndexingSubjects` (`id_indexingSubjects`, `Object_Work_Record`) VALUES ('576', '576');
INSERT INTO `museu`.`IndexingSubjects_SubjectTerms` (`IndexingSubject`, `SubjectTerm`) VALUES ('576', '5');
INSERT INTO `museu`.`IndexingSubjects_SubjectTerms` (`IndexingSubject`, `SubjectTerm`) VALUES ('576', '6');


INSERT INTO `museu`.`IndexingSubjects` (`id_indexingSubjects`, `Object_Work_Record`) VALUES ('577', '577');
INSERT INTO `museu`.`IndexingSubjects_SubjectTerms` (`IndexingSubject`, `SubjectTerm`) VALUES ('577', '5');
INSERT INTO `museu`.`IndexingSubjects_SubjectTerms` (`IndexingSubject`, `SubjectTerm`) VALUES ('577', '6');


INSERT INTO `museu`.`IndexingSubjects` (`id_indexingSubjects`, `Object_Work_Record`) VALUES ('578', '578');
INSERT INTO `museu`.`IndexingSubjects_SubjectTerms` (`IndexingSubject`, `SubjectTerm`) VALUES ('578', '5');
INSERT INTO `museu`.`IndexingSubjects_SubjectTerms` (`IndexingSubject`, `SubjectTerm`) VALUES ('578', '6');


INSERT INTO `museu`.`IndexingSubjects` (`id_indexingSubjects`, `Object_Work_Record`) VALUES ('579', '579');
INSERT INTO `museu`.`IndexingSubjects_SubjectTerms` (`IndexingSubject`, `SubjectTerm`) VALUES ('579', '5');
INSERT INTO `museu`.`IndexingSubjects_SubjectTerms` (`IndexingSubject`, `SubjectTerm`) VALUES ('579', '6');


INSERT INTO `museu`.`IndexingSubjects` (`id_indexingSubjects`, `Object_Work_Record`) VALUES ('580', '580');
INSERT INTO `museu`.`IndexingSubjects_SubjectTerms` (`IndexingSubject`, `SubjectTerm`) VALUES ('580', '5');
INSERT INTO `museu`.`IndexingSubjects_SubjectTerms` (`IndexingSubject`, `SubjectTerm`) VALUES ('580', '6');


INSERT INTO `museu`.`IndexingSubjects` (`id_indexingSubjects`, `Object_Work_Record`) VALUES ('581', '581');
INSERT INTO `museu`.`IndexingSubjects_SubjectTerms` (`IndexingSubject`, `SubjectTerm`) VALUES ('581', '5');
INSERT INTO `museu`.`IndexingSubjects_SubjectTerms` (`IndexingSubject`, `SubjectTerm`) VALUES ('581', '6');


INSERT INTO `museu`.`IndexingSubjects` (`id_indexingSubjects`, `Object_Work_Record`) VALUES ('582', '582');
INSERT INTO `museu`.`IndexingSubjects_SubjectTerms` (`IndexingSubject`, `SubjectTerm`) VALUES ('582', '5');
INSERT INTO `museu`.`IndexingSubjects_SubjectTerms` (`IndexingSubject`, `SubjectTerm`) VALUES ('582', '6');


INSERT INTO `museu`.`IndexingSubjects` (`id_indexingSubjects`, `Object_Work_Record`) VALUES ('583', '583');
INSERT INTO `museu`.`IndexingSubjects_SubjectTerms` (`IndexingSubject`, `SubjectTerm`) VALUES ('583', '5');
INSERT INTO `museu`.`IndexingSubjects_SubjectTerms` (`IndexingSubject`, `SubjectTerm`) VALUES ('583', '6');


INSERT INTO `museu`.`IndexingSubjects` (`id_indexingSubjects`, `Object_Work_Record`) VALUES ('584', '584');
INSERT INTO `museu`.`IndexingSubjects_SubjectTerms` (`IndexingSubject`, `SubjectTerm`) VALUES ('584', '5');
INSERT INTO `museu`.`IndexingSubjects_SubjectTerms` (`IndexingSubject`, `SubjectTerm`) VALUES ('584', '6');


INSERT INTO `museu`.`IndexingSubjects` (`id_indexingSubjects`, `Object_Work_Record`) VALUES ('585', '585');
INSERT INTO `museu`.`IndexingSubjects_SubjectTerms` (`IndexingSubject`, `SubjectTerm`) VALUES ('585', '5');
INSERT INTO `museu`.`IndexingSubjects_SubjectTerms` (`IndexingSubject`, `SubjectTerm`) VALUES ('585', '6');


INSERT INTO `museu`.`IndexingSubjects` (`id_indexingSubjects`, `Object_Work_Record`) VALUES ('586', '586');
INSERT INTO `museu`.`IndexingSubjects_SubjectTerms` (`IndexingSubject`, `SubjectTerm`) VALUES ('586', '5');
INSERT INTO `museu`.`IndexingSubjects_SubjectTerms` (`IndexingSubject`, `SubjectTerm`) VALUES ('586', '6');


INSERT INTO `museu`.`IndexingSubjects` (`id_indexingSubjects`, `Object_Work_Record`) VALUES ('587', '587');
INSERT INTO `museu`.`IndexingSubjects_SubjectTerms` (`IndexingSubject`, `SubjectTerm`) VALUES ('587', '5');
INSERT INTO `museu`.`IndexingSubjects_SubjectTerms` (`IndexingSubject`, `SubjectTerm`) VALUES ('587', '6');


INSERT INTO `museu`.`IndexingSubjects` (`id_indexingSubjects`, `Object_Work_Record`) VALUES ('588', '588');
INSERT INTO `museu`.`IndexingSubjects_SubjectTerms` (`IndexingSubject`, `SubjectTerm`) VALUES ('588', '5');
INSERT INTO `museu`.`IndexingSubjects_SubjectTerms` (`IndexingSubject`, `SubjectTerm`) VALUES ('588', '6');


INSERT INTO `museu`.`IndexingSubjects` (`id_indexingSubjects`, `Object_Work_Record`) VALUES ('589', '589');
INSERT INTO `museu`.`IndexingSubjects_SubjectTerms` (`IndexingSubject`, `SubjectTerm`) VALUES ('589', '5');
INSERT INTO `museu`.`IndexingSubjects_SubjectTerms` (`IndexingSubject`, `SubjectTerm`) VALUES ('589', '6');


INSERT INTO `museu`.`IndexingSubjects` (`id_indexingSubjects`, `Object_Work_Record`) VALUES ('590', '590');
INSERT INTO `museu`.`IndexingSubjects_SubjectTerms` (`IndexingSubject`, `SubjectTerm`) VALUES ('590', '5');
INSERT INTO `museu`.`IndexingSubjects_SubjectTerms` (`IndexingSubject`, `SubjectTerm`) VALUES ('590', '6');


INSERT INTO `museu`.`IndexingSubjects` (`id_indexingSubjects`, `Object_Work_Record`) VALUES ('591', '591');
INSERT INTO `museu`.`IndexingSubjects_SubjectTerms` (`IndexingSubject`, `SubjectTerm`) VALUES ('591', '5');
INSERT INTO `museu`.`IndexingSubjects_SubjectTerms` (`IndexingSubject`, `SubjectTerm`) VALUES ('591', '6');


INSERT INTO `museu`.`IndexingSubjects` (`id_indexingSubjects`, `Object_Work_Record`) VALUES ('592', '592');
INSERT INTO `museu`.`IndexingSubjects_SubjectTerms` (`IndexingSubject`, `SubjectTerm`) VALUES ('592', '5');
INSERT INTO `museu`.`IndexingSubjects_SubjectTerms` (`IndexingSubject`, `SubjectTerm`) VALUES ('592', '6');


INSERT INTO `museu`.`IndexingSubjects` (`id_indexingSubjects`, `Object_Work_Record`) VALUES ('593', '593');
INSERT INTO `museu`.`IndexingSubjects_SubjectTerms` (`IndexingSubject`, `SubjectTerm`) VALUES ('593', '5');
INSERT INTO `museu`.`IndexingSubjects_SubjectTerms` (`IndexingSubject`, `SubjectTerm`) VALUES ('593', '6');


INSERT INTO `museu`.`IndexingSubjects` (`id_indexingSubjects`, `Object_Work_Record`) VALUES ('594', '594');
INSERT INTO `museu`.`IndexingSubjects_SubjectTerms` (`IndexingSubject`, `SubjectTerm`) VALUES ('594', '5');
INSERT INTO `museu`.`IndexingSubjects_SubjectTerms` (`IndexingSubject`, `SubjectTerm`) VALUES ('594', '6');


INSERT INTO `museu`.`IndexingSubjects` (`id_indexingSubjects`, `Object_Work_Record`) VALUES ('595', '595');
INSERT INTO `museu`.`IndexingSubjects_SubjectTerms` (`IndexingSubject`, `SubjectTerm`) VALUES ('595', '5');
INSERT INTO `museu`.`IndexingSubjects_SubjectTerms` (`IndexingSubject`, `SubjectTerm`) VALUES ('595', '6');


INSERT INTO `museu`.`IndexingSubjects` (`id_indexingSubjects`, `Object_Work_Record`) VALUES ('596', '596');
INSERT INTO `museu`.`IndexingSubjects_SubjectTerms` (`IndexingSubject`, `SubjectTerm`) VALUES ('596', '5');
INSERT INTO `museu`.`IndexingSubjects_SubjectTerms` (`IndexingSubject`, `SubjectTerm`) VALUES ('596', '6');


INSERT INTO `museu`.`IndexingSubjects` (`id_indexingSubjects`, `Object_Work_Record`) VALUES ('597', '597');
INSERT INTO `museu`.`IndexingSubjects_SubjectTerms` (`IndexingSubject`, `SubjectTerm`) VALUES ('597', '5');
INSERT INTO `museu`.`IndexingSubjects_SubjectTerms` (`IndexingSubject`, `SubjectTerm`) VALUES ('597', '6');


INSERT INTO `museu`.`IndexingSubjects` (`id_indexingSubjects`, `Object_Work_Record`) VALUES ('598', '598');
INSERT INTO `museu`.`IndexingSubjects_SubjectTerms` (`IndexingSubject`, `SubjectTerm`) VALUES ('598', '5');
INSERT INTO `museu`.`IndexingSubjects_SubjectTerms` (`IndexingSubject`, `SubjectTerm`) VALUES ('598', '6');


INSERT INTO `museu`.`IndexingSubjects` (`id_indexingSubjects`, `Object_Work_Record`) VALUES ('599', '599');
INSERT INTO `museu`.`IndexingSubjects_SubjectTerms` (`IndexingSubject`, `SubjectTerm`) VALUES ('599', '5');
INSERT INTO `museu`.`IndexingSubjects_SubjectTerms` (`IndexingSubject`, `SubjectTerm`) VALUES ('599', '6');


INSERT INTO `museu`.`IndexingSubjects` (`id_indexingSubjects`, `Object_Work_Record`) VALUES ('600', '600');
INSERT INTO `museu`.`IndexingSubjects_SubjectTerms` (`IndexingSubject`, `SubjectTerm`) VALUES ('600', '5');
INSERT INTO `museu`.`IndexingSubjects_SubjectTerms` (`IndexingSubject`, `SubjectTerm`) VALUES ('600', '6');


INSERT INTO `museu`.`IndexingSubjects` (`id_indexingSubjects`, `Object_Work_Record`) VALUES ('601', '601');
INSERT INTO `museu`.`IndexingSubjects_SubjectTerms` (`IndexingSubject`, `SubjectTerm`) VALUES ('601', '5');
INSERT INTO `museu`.`IndexingSubjects_SubjectTerms` (`IndexingSubject`, `SubjectTerm`) VALUES ('601', '6');


INSERT INTO `museu`.`IndexingSubjects` (`id_indexingSubjects`, `Object_Work_Record`) VALUES ('602', '602');
INSERT INTO `museu`.`IndexingSubjects_SubjectTerms` (`IndexingSubject`, `SubjectTerm`) VALUES ('602', '5');
INSERT INTO `museu`.`IndexingSubjects_SubjectTerms` (`IndexingSubject`, `SubjectTerm`) VALUES ('602', '6');


INSERT INTO `museu`.`IndexingSubjects` (`id_indexingSubjects`, `Object_Work_Record`) VALUES ('603', '603');
INSERT INTO `museu`.`IndexingSubjects_SubjectTerms` (`IndexingSubject`, `SubjectTerm`) VALUES ('603', '5');
INSERT INTO `museu`.`IndexingSubjects_SubjectTerms` (`IndexingSubject`, `SubjectTerm`) VALUES ('603', '6');


INSERT INTO `museu`.`IndexingSubjects` (`id_indexingSubjects`, `Object_Work_Record`) VALUES ('604', '604');
INSERT INTO `museu`.`IndexingSubjects_SubjectTerms` (`IndexingSubject`, `SubjectTerm`) VALUES ('604', '5');
INSERT INTO `museu`.`IndexingSubjects_SubjectTerms` (`IndexingSubject`, `SubjectTerm`) VALUES ('604', '6');


INSERT INTO `museu`.`IndexingSubjects` (`id_indexingSubjects`, `Object_Work_Record`) VALUES ('605', '605');
INSERT INTO `museu`.`IndexingSubjects_SubjectTerms` (`IndexingSubject`, `SubjectTerm`) VALUES ('605', '5');
INSERT INTO `museu`.`IndexingSubjects_SubjectTerms` (`IndexingSubject`, `SubjectTerm`) VALUES ('605', '6');


INSERT INTO `museu`.`IndexingSubjects` (`id_indexingSubjects`, `Object_Work_Record`) VALUES ('606', '606');
INSERT INTO `museu`.`IndexingSubjects_SubjectTerms` (`IndexingSubject`, `SubjectTerm`) VALUES ('606', '5');
INSERT INTO `museu`.`IndexingSubjects_SubjectTerms` (`IndexingSubject`, `SubjectTerm`) VALUES ('606', '6');


INSERT INTO `museu`.`IndexingSubjects` (`id_indexingSubjects`, `Object_Work_Record`) VALUES ('607', '607');
INSERT INTO `museu`.`IndexingSubjects_SubjectTerms` (`IndexingSubject`, `SubjectTerm`) VALUES ('607', '5');
INSERT INTO `museu`.`IndexingSubjects_SubjectTerms` (`IndexingSubject`, `SubjectTerm`) VALUES ('607', '6');


INSERT INTO `museu`.`IndexingSubjects` (`id_indexingSubjects`, `Object_Work_Record`) VALUES ('608', '608');
INSERT INTO `museu`.`IndexingSubjects_SubjectTerms` (`IndexingSubject`, `SubjectTerm`) VALUES ('608', '5');
INSERT INTO `museu`.`IndexingSubjects_SubjectTerms` (`IndexingSubject`, `SubjectTerm`) VALUES ('608', '6');


INSERT INTO `museu`.`IndexingSubjects` (`id_indexingSubjects`, `Object_Work_Record`) VALUES ('609', '609');
INSERT INTO `museu`.`IndexingSubjects_SubjectTerms` (`IndexingSubject`, `SubjectTerm`) VALUES ('609', '5');
INSERT INTO `museu`.`IndexingSubjects_SubjectTerms` (`IndexingSubject`, `SubjectTerm`) VALUES ('609', '6');


INSERT INTO `museu`.`IndexingSubjects` (`id_indexingSubjects`, `Object_Work_Record`) VALUES ('610', '610');
INSERT INTO `museu`.`IndexingSubjects_SubjectTerms` (`IndexingSubject`, `SubjectTerm`) VALUES ('610', '5');
INSERT INTO `museu`.`IndexingSubjects_SubjectTerms` (`IndexingSubject`, `SubjectTerm`) VALUES ('610', '6');


INSERT INTO `museu`.`IndexingSubjects` (`id_indexingSubjects`, `Object_Work_Record`) VALUES ('611', '611');
INSERT INTO `museu`.`IndexingSubjects_SubjectTerms` (`IndexingSubject`, `SubjectTerm`) VALUES ('611', '5');
INSERT INTO `museu`.`IndexingSubjects_SubjectTerms` (`IndexingSubject`, `SubjectTerm`) VALUES ('611', '6');


INSERT INTO `museu`.`IndexingSubjects` (`id_indexingSubjects`, `Object_Work_Record`) VALUES ('612', '612');
INSERT INTO `museu`.`IndexingSubjects_SubjectTerms` (`IndexingSubject`, `SubjectTerm`) VALUES ('612', '5');
INSERT INTO `museu`.`IndexingSubjects_SubjectTerms` (`IndexingSubject`, `SubjectTerm`) VALUES ('612', '6');


INSERT INTO `museu`.`IndexingSubjects` (`id_indexingSubjects`, `Object_Work_Record`) VALUES ('613', '613');
INSERT INTO `museu`.`IndexingSubjects_SubjectTerms` (`IndexingSubject`, `SubjectTerm`) VALUES ('613', '5');
INSERT INTO `museu`.`IndexingSubjects_SubjectTerms` (`IndexingSubject`, `SubjectTerm`) VALUES ('613', '6');


INSERT INTO `museu`.`IndexingSubjects` (`id_indexingSubjects`, `Object_Work_Record`) VALUES ('614', '614');
INSERT INTO `museu`.`IndexingSubjects_SubjectTerms` (`IndexingSubject`, `SubjectTerm`) VALUES ('614', '5');
INSERT INTO `museu`.`IndexingSubjects_SubjectTerms` (`IndexingSubject`, `SubjectTerm`) VALUES ('614', '6');


INSERT INTO `museu`.`IndexingSubjects` (`id_indexingSubjects`, `Object_Work_Record`) VALUES ('615', '615');
INSERT INTO `museu`.`IndexingSubjects_SubjectTerms` (`IndexingSubject`, `SubjectTerm`) VALUES ('615', '5');
INSERT INTO `museu`.`IndexingSubjects_SubjectTerms` (`IndexingSubject`, `SubjectTerm`) VALUES ('615', '6');


INSERT INTO `museu`.`IndexingSubjects` (`id_indexingSubjects`, `Object_Work_Record`) VALUES ('616', '616');
INSERT INTO `museu`.`IndexingSubjects_SubjectTerms` (`IndexingSubject`, `SubjectTerm`) VALUES ('616', '5');
INSERT INTO `museu`.`IndexingSubjects_SubjectTerms` (`IndexingSubject`, `SubjectTerm`) VALUES ('616', '6');


INSERT INTO `museu`.`IndexingSubjects` (`id_indexingSubjects`, `Object_Work_Record`) VALUES ('617', '617');
INSERT INTO `museu`.`IndexingSubjects_SubjectTerms` (`IndexingSubject`, `SubjectTerm`) VALUES ('617', '5');
INSERT INTO `museu`.`IndexingSubjects_SubjectTerms` (`IndexingSubject`, `SubjectTerm`) VALUES ('617', '6');


INSERT INTO `museu`.`IndexingSubjects` (`id_indexingSubjects`, `Object_Work_Record`) VALUES ('618', '618');
INSERT INTO `museu`.`IndexingSubjects_SubjectTerms` (`IndexingSubject`, `SubjectTerm`) VALUES ('618', '5');
INSERT INTO `museu`.`IndexingSubjects_SubjectTerms` (`IndexingSubject`, `SubjectTerm`) VALUES ('618', '6');


INSERT INTO `museu`.`IndexingSubjects` (`id_indexingSubjects`, `Object_Work_Record`) VALUES ('619', '619');
INSERT INTO `museu`.`IndexingSubjects_SubjectTerms` (`IndexingSubject`, `SubjectTerm`) VALUES ('619', '5');
INSERT INTO `museu`.`IndexingSubjects_SubjectTerms` (`IndexingSubject`, `SubjectTerm`) VALUES ('619', '6');


INSERT INTO `museu`.`IndexingSubjects` (`id_indexingSubjects`, `Object_Work_Record`) VALUES ('620', '620');
INSERT INTO `museu`.`IndexingSubjects_SubjectTerms` (`IndexingSubject`, `SubjectTerm`) VALUES ('620', '5');
INSERT INTO `museu`.`IndexingSubjects_SubjectTerms` (`IndexingSubject`, `SubjectTerm`) VALUES ('620', '6');


INSERT INTO `museu`.`IndexingSubjects` (`id_indexingSubjects`, `Object_Work_Record`) VALUES ('621', '621');
INSERT INTO `museu`.`IndexingSubjects_SubjectTerms` (`IndexingSubject`, `SubjectTerm`) VALUES ('621', '5');
INSERT INTO `museu`.`IndexingSubjects_SubjectTerms` (`IndexingSubject`, `SubjectTerm`) VALUES ('621', '6');


INSERT INTO `museu`.`IndexingSubjects` (`id_indexingSubjects`, `Object_Work_Record`) VALUES ('622', '622');
INSERT INTO `museu`.`IndexingSubjects_SubjectTerms` (`IndexingSubject`, `SubjectTerm`) VALUES ('622', '5');
INSERT INTO `museu`.`IndexingSubjects_SubjectTerms` (`IndexingSubject`, `SubjectTerm`) VALUES ('622', '6');


INSERT INTO `museu`.`IndexingSubjects` (`id_indexingSubjects`, `Object_Work_Record`) VALUES ('623', '623');
INSERT INTO `museu`.`IndexingSubjects_SubjectTerms` (`IndexingSubject`, `SubjectTerm`) VALUES ('623', '5');
INSERT INTO `museu`.`IndexingSubjects_SubjectTerms` (`IndexingSubject`, `SubjectTerm`) VALUES ('623', '6');


INSERT INTO `museu`.`IndexingSubjects` (`id_indexingSubjects`, `Object_Work_Record`) VALUES ('624', '624');
INSERT INTO `museu`.`IndexingSubjects_SubjectTerms` (`IndexingSubject`, `SubjectTerm`) VALUES ('624', '5');
INSERT INTO `museu`.`IndexingSubjects_SubjectTerms` (`IndexingSubject`, `SubjectTerm`) VALUES ('624', '6');


INSERT INTO `museu`.`IndexingSubjects` (`id_indexingSubjects`, `Object_Work_Record`) VALUES ('625', '625');
INSERT INTO `museu`.`IndexingSubjects_SubjectTerms` (`IndexingSubject`, `SubjectTerm`) VALUES ('625', '5');
INSERT INTO `museu`.`IndexingSubjects_SubjectTerms` (`IndexingSubject`, `SubjectTerm`) VALUES ('625', '6');


INSERT INTO `museu`.`IndexingSubjects` (`id_indexingSubjects`, `Object_Work_Record`) VALUES ('626', '626');
INSERT INTO `museu`.`IndexingSubjects_SubjectTerms` (`IndexingSubject`, `SubjectTerm`) VALUES ('626', '5');
INSERT INTO `museu`.`IndexingSubjects_SubjectTerms` (`IndexingSubject`, `SubjectTerm`) VALUES ('626', '6');


INSERT INTO `museu`.`IndexingSubjects` (`id_indexingSubjects`, `Object_Work_Record`) VALUES ('627', '627');
INSERT INTO `museu`.`IndexingSubjects_SubjectTerms` (`IndexingSubject`, `SubjectTerm`) VALUES ('627', '5');
INSERT INTO `museu`.`IndexingSubjects_SubjectTerms` (`IndexingSubject`, `SubjectTerm`) VALUES ('627', '6');


INSERT INTO `museu`.`IndexingSubjects` (`id_indexingSubjects`, `Object_Work_Record`) VALUES ('628', '628');
INSERT INTO `museu`.`IndexingSubjects_SubjectTerms` (`IndexingSubject`, `SubjectTerm`) VALUES ('628', '5');
INSERT INTO `museu`.`IndexingSubjects_SubjectTerms` (`IndexingSubject`, `SubjectTerm`) VALUES ('628', '6');


INSERT INTO `museu`.`IndexingSubjects` (`id_indexingSubjects`, `Object_Work_Record`) VALUES ('629', '629');
INSERT INTO `museu`.`IndexingSubjects_SubjectTerms` (`IndexingSubject`, `SubjectTerm`) VALUES ('629', '5');
INSERT INTO `museu`.`IndexingSubjects_SubjectTerms` (`IndexingSubject`, `SubjectTerm`) VALUES ('629', '6');


INSERT INTO `museu`.`IndexingSubjects` (`id_indexingSubjects`, `Object_Work_Record`) VALUES ('630', '630');
INSERT INTO `museu`.`IndexingSubjects_SubjectTerms` (`IndexingSubject`, `SubjectTerm`) VALUES ('630', '5');
INSERT INTO `museu`.`IndexingSubjects_SubjectTerms` (`IndexingSubject`, `SubjectTerm`) VALUES ('630', '6');


INSERT INTO `museu`.`IndexingSubjects` (`id_indexingSubjects`, `Object_Work_Record`) VALUES ('631', '631');
INSERT INTO `museu`.`IndexingSubjects_SubjectTerms` (`IndexingSubject`, `SubjectTerm`) VALUES ('631', '5');
INSERT INTO `museu`.`IndexingSubjects_SubjectTerms` (`IndexingSubject`, `SubjectTerm`) VALUES ('631', '6');


INSERT INTO `museu`.`IndexingSubjects` (`id_indexingSubjects`, `Object_Work_Record`) VALUES ('632', '632');
INSERT INTO `museu`.`IndexingSubjects_SubjectTerms` (`IndexingSubject`, `SubjectTerm`) VALUES ('632', '5');
INSERT INTO `museu`.`IndexingSubjects_SubjectTerms` (`IndexingSubject`, `SubjectTerm`) VALUES ('632', '6');


INSERT INTO `museu`.`IndexingSubjects` (`id_indexingSubjects`, `Object_Work_Record`) VALUES ('633', '633');
INSERT INTO `museu`.`IndexingSubjects_SubjectTerms` (`IndexingSubject`, `SubjectTerm`) VALUES ('633', '5');
INSERT INTO `museu`.`IndexingSubjects_SubjectTerms` (`IndexingSubject`, `SubjectTerm`) VALUES ('633', '6');


INSERT INTO `museu`.`IndexingSubjects` (`id_indexingSubjects`, `Object_Work_Record`) VALUES ('634', '634');
INSERT INTO `museu`.`IndexingSubjects_SubjectTerms` (`IndexingSubject`, `SubjectTerm`) VALUES ('634', '5');
INSERT INTO `museu`.`IndexingSubjects_SubjectTerms` (`IndexingSubject`, `SubjectTerm`) VALUES ('634', '6');


INSERT INTO `museu`.`IndexingSubjects` (`id_indexingSubjects`, `Object_Work_Record`) VALUES ('635', '635');
INSERT INTO `museu`.`IndexingSubjects_SubjectTerms` (`IndexingSubject`, `SubjectTerm`) VALUES ('635', '5');
INSERT INTO `museu`.`IndexingSubjects_SubjectTerms` (`IndexingSubject`, `SubjectTerm`) VALUES ('635', '6');


INSERT INTO `museu`.`IndexingSubjects` (`id_indexingSubjects`, `Object_Work_Record`) VALUES ('636', '636');
INSERT INTO `museu`.`IndexingSubjects_SubjectTerms` (`IndexingSubject`, `SubjectTerm`) VALUES ('636', '5');
INSERT INTO `museu`.`IndexingSubjects_SubjectTerms` (`IndexingSubject`, `SubjectTerm`) VALUES ('636', '6');


INSERT INTO `museu`.`IndexingSubjects` (`id_indexingSubjects`, `Object_Work_Record`) VALUES ('637', '637');
INSERT INTO `museu`.`IndexingSubjects_SubjectTerms` (`IndexingSubject`, `SubjectTerm`) VALUES ('637', '5');
INSERT INTO `museu`.`IndexingSubjects_SubjectTerms` (`IndexingSubject`, `SubjectTerm`) VALUES ('637', '6');


INSERT INTO `museu`.`IndexingSubjects` (`id_indexingSubjects`, `Object_Work_Record`) VALUES ('638', '638');
INSERT INTO `museu`.`IndexingSubjects_SubjectTerms` (`IndexingSubject`, `SubjectTerm`) VALUES ('638', '5');
INSERT INTO `museu`.`IndexingSubjects_SubjectTerms` (`IndexingSubject`, `SubjectTerm`) VALUES ('638', '6');


INSERT INTO `museu`.`IndexingSubjects` (`id_indexingSubjects`, `Object_Work_Record`) VALUES ('639', '639');
INSERT INTO `museu`.`IndexingSubjects_SubjectTerms` (`IndexingSubject`, `SubjectTerm`) VALUES ('639', '5');
INSERT INTO `museu`.`IndexingSubjects_SubjectTerms` (`IndexingSubject`, `SubjectTerm`) VALUES ('639', '6');


INSERT INTO `museu`.`IndexingSubjects` (`id_indexingSubjects`, `Object_Work_Record`) VALUES ('640', '640');
INSERT INTO `museu`.`IndexingSubjects_SubjectTerms` (`IndexingSubject`, `SubjectTerm`) VALUES ('640', '5');
INSERT INTO `museu`.`IndexingSubjects_SubjectTerms` (`IndexingSubject`, `SubjectTerm`) VALUES ('640', '6');


INSERT INTO `museu`.`IndexingSubjects` (`id_indexingSubjects`, `Object_Work_Record`) VALUES ('641', '641');
INSERT INTO `museu`.`IndexingSubjects_SubjectTerms` (`IndexingSubject`, `SubjectTerm`) VALUES ('641', '5');
INSERT INTO `museu`.`IndexingSubjects_SubjectTerms` (`IndexingSubject`, `SubjectTerm`) VALUES ('641', '6');


INSERT INTO `museu`.`IndexingSubjects` (`id_indexingSubjects`, `Object_Work_Record`) VALUES ('642', '642');
INSERT INTO `museu`.`IndexingSubjects_SubjectTerms` (`IndexingSubject`, `SubjectTerm`) VALUES ('642', '5');
INSERT INTO `museu`.`IndexingSubjects_SubjectTerms` (`IndexingSubject`, `SubjectTerm`) VALUES ('642', '6');


INSERT INTO `museu`.`IndexingSubjects` (`id_indexingSubjects`, `Object_Work_Record`) VALUES ('643', '643');
INSERT INTO `museu`.`IndexingSubjects_SubjectTerms` (`IndexingSubject`, `SubjectTerm`) VALUES ('643', '5');
INSERT INTO `museu`.`IndexingSubjects_SubjectTerms` (`IndexingSubject`, `SubjectTerm`) VALUES ('643', '6');


INSERT INTO `museu`.`IndexingSubjects` (`id_indexingSubjects`, `Object_Work_Record`) VALUES ('644', '644');
INSERT INTO `museu`.`IndexingSubjects_SubjectTerms` (`IndexingSubject`, `SubjectTerm`) VALUES ('644', '5');
INSERT INTO `museu`.`IndexingSubjects_SubjectTerms` (`IndexingSubject`, `SubjectTerm`) VALUES ('644', '6');


INSERT INTO `museu`.`IndexingSubjects` (`id_indexingSubjects`, `Object_Work_Record`) VALUES ('645', '645');
INSERT INTO `museu`.`IndexingSubjects_SubjectTerms` (`IndexingSubject`, `SubjectTerm`) VALUES ('645', '5');
INSERT INTO `museu`.`IndexingSubjects_SubjectTerms` (`IndexingSubject`, `SubjectTerm`) VALUES ('645', '6');


INSERT INTO `museu`.`IndexingSubjects` (`id_indexingSubjects`, `Object_Work_Record`) VALUES ('646', '646');
INSERT INTO `museu`.`IndexingSubjects_SubjectTerms` (`IndexingSubject`, `SubjectTerm`) VALUES ('646', '5');
INSERT INTO `museu`.`IndexingSubjects_SubjectTerms` (`IndexingSubject`, `SubjectTerm`) VALUES ('646', '6');


INSERT INTO `museu`.`IndexingSubjects` (`id_indexingSubjects`, `Object_Work_Record`) VALUES ('647', '647');
INSERT INTO `museu`.`IndexingSubjects_SubjectTerms` (`IndexingSubject`, `SubjectTerm`) VALUES ('647', '5');
INSERT INTO `museu`.`IndexingSubjects_SubjectTerms` (`IndexingSubject`, `SubjectTerm`) VALUES ('647', '6');


INSERT INTO `museu`.`IndexingSubjects` (`id_indexingSubjects`, `Object_Work_Record`) VALUES ('648', '648');
INSERT INTO `museu`.`IndexingSubjects_SubjectTerms` (`IndexingSubject`, `SubjectTerm`) VALUES ('648', '5');
INSERT INTO `museu`.`IndexingSubjects_SubjectTerms` (`IndexingSubject`, `SubjectTerm`) VALUES ('648', '6');


INSERT INTO `museu`.`IndexingSubjects` (`id_indexingSubjects`, `Object_Work_Record`) VALUES ('649', '649');
INSERT INTO `museu`.`IndexingSubjects_SubjectTerms` (`IndexingSubject`, `SubjectTerm`) VALUES ('649', '5');
INSERT INTO `museu`.`IndexingSubjects_SubjectTerms` (`IndexingSubject`, `SubjectTerm`) VALUES ('649', '6');


INSERT INTO `museu`.`IndexingSubjects` (`id_indexingSubjects`, `Object_Work_Record`) VALUES ('650', '650');
INSERT INTO `museu`.`IndexingSubjects_SubjectTerms` (`IndexingSubject`, `SubjectTerm`) VALUES ('650', '5');
INSERT INTO `museu`.`IndexingSubjects_SubjectTerms` (`IndexingSubject`, `SubjectTerm`) VALUES ('650', '6');


INSERT INTO `museu`.`IndexingSubjects` (`id_indexingSubjects`, `Object_Work_Record`) VALUES ('651', '651');
INSERT INTO `museu`.`IndexingSubjects_SubjectTerms` (`IndexingSubject`, `SubjectTerm`) VALUES ('651', '5');
INSERT INTO `museu`.`IndexingSubjects_SubjectTerms` (`IndexingSubject`, `SubjectTerm`) VALUES ('651', '6');


INSERT INTO `museu`.`IndexingSubjects` (`id_indexingSubjects`, `Object_Work_Record`) VALUES ('652', '652');
INSERT INTO `museu`.`IndexingSubjects_SubjectTerms` (`IndexingSubject`, `SubjectTerm`) VALUES ('652', '5');
INSERT INTO `museu`.`IndexingSubjects_SubjectTerms` (`IndexingSubject`, `SubjectTerm`) VALUES ('652', '6');


INSERT INTO `museu`.`IndexingSubjects` (`id_indexingSubjects`, `Object_Work_Record`) VALUES ('653', '653');
INSERT INTO `museu`.`IndexingSubjects_SubjectTerms` (`IndexingSubject`, `SubjectTerm`) VALUES ('653', '5');
INSERT INTO `museu`.`IndexingSubjects_SubjectTerms` (`IndexingSubject`, `SubjectTerm`) VALUES ('653', '6');


INSERT INTO `museu`.`IndexingSubjects` (`id_indexingSubjects`, `Object_Work_Record`) VALUES ('654', '654');
INSERT INTO `museu`.`IndexingSubjects_SubjectTerms` (`IndexingSubject`, `SubjectTerm`) VALUES ('654', '5');
INSERT INTO `museu`.`IndexingSubjects_SubjectTerms` (`IndexingSubject`, `SubjectTerm`) VALUES ('654', '6');


INSERT INTO `museu`.`IndexingSubjects` (`id_indexingSubjects`, `Object_Work_Record`) VALUES ('655', '655');
INSERT INTO `museu`.`IndexingSubjects_SubjectTerms` (`IndexingSubject`, `SubjectTerm`) VALUES ('655', '5');
INSERT INTO `museu`.`IndexingSubjects_SubjectTerms` (`IndexingSubject`, `SubjectTerm`) VALUES ('655', '6');


INSERT INTO `museu`.`IndexingSubjects` (`id_indexingSubjects`, `Object_Work_Record`) VALUES ('656', '656');
INSERT INTO `museu`.`IndexingSubjects_SubjectTerms` (`IndexingSubject`, `SubjectTerm`) VALUES ('656', '5');
INSERT INTO `museu`.`IndexingSubjects_SubjectTerms` (`IndexingSubject`, `SubjectTerm`) VALUES ('656', '6');


INSERT INTO `museu`.`IndexingSubjects` (`id_indexingSubjects`, `Object_Work_Record`) VALUES ('657', '657');
INSERT INTO `museu`.`IndexingSubjects_SubjectTerms` (`IndexingSubject`, `SubjectTerm`) VALUES ('657', '5');
INSERT INTO `museu`.`IndexingSubjects_SubjectTerms` (`IndexingSubject`, `SubjectTerm`) VALUES ('657', '6');


INSERT INTO `museu`.`IndexingSubjects` (`id_indexingSubjects`, `Object_Work_Record`) VALUES ('658', '658');
INSERT INTO `museu`.`IndexingSubjects_SubjectTerms` (`IndexingSubject`, `SubjectTerm`) VALUES ('658', '5');
INSERT INTO `museu`.`IndexingSubjects_SubjectTerms` (`IndexingSubject`, `SubjectTerm`) VALUES ('658', '6');


INSERT INTO `museu`.`IndexingSubjects` (`id_indexingSubjects`, `Object_Work_Record`) VALUES ('659', '659');
INSERT INTO `museu`.`IndexingSubjects_SubjectTerms` (`IndexingSubject`, `SubjectTerm`) VALUES ('659', '5');
INSERT INTO `museu`.`IndexingSubjects_SubjectTerms` (`IndexingSubject`, `SubjectTerm`) VALUES ('659', '6');


INSERT INTO `museu`.`IndexingSubjects` (`id_indexingSubjects`, `Object_Work_Record`) VALUES ('660', '660');
INSERT INTO `museu`.`IndexingSubjects_SubjectTerms` (`IndexingSubject`, `SubjectTerm`) VALUES ('660', '5');
INSERT INTO `museu`.`IndexingSubjects_SubjectTerms` (`IndexingSubject`, `SubjectTerm`) VALUES ('660', '6');


INSERT INTO `museu`.`IndexingSubjects` (`id_indexingSubjects`, `Object_Work_Record`) VALUES ('661', '661');
INSERT INTO `museu`.`IndexingSubjects_SubjectTerms` (`IndexingSubject`, `SubjectTerm`) VALUES ('661', '5');
INSERT INTO `museu`.`IndexingSubjects_SubjectTerms` (`IndexingSubject`, `SubjectTerm`) VALUES ('661', '6');


INSERT INTO `museu`.`IndexingSubjects` (`id_indexingSubjects`, `Object_Work_Record`) VALUES ('662', '662');
INSERT INTO `museu`.`IndexingSubjects_SubjectTerms` (`IndexingSubject`, `SubjectTerm`) VALUES ('662', '5');
INSERT INTO `museu`.`IndexingSubjects_SubjectTerms` (`IndexingSubject`, `SubjectTerm`) VALUES ('662', '6');


INSERT INTO `museu`.`IndexingSubjects` (`id_indexingSubjects`, `Object_Work_Record`) VALUES ('663', '663');
INSERT INTO `museu`.`IndexingSubjects_SubjectTerms` (`IndexingSubject`, `SubjectTerm`) VALUES ('663', '5');
INSERT INTO `museu`.`IndexingSubjects_SubjectTerms` (`IndexingSubject`, `SubjectTerm`) VALUES ('663', '6');


INSERT INTO `museu`.`IndexingSubjects` (`id_indexingSubjects`, `Object_Work_Record`) VALUES ('664', '664');
INSERT INTO `museu`.`IndexingSubjects_SubjectTerms` (`IndexingSubject`, `SubjectTerm`) VALUES ('664', '5');
INSERT INTO `museu`.`IndexingSubjects_SubjectTerms` (`IndexingSubject`, `SubjectTerm`) VALUES ('664', '6');


INSERT INTO `museu`.`IndexingSubjects` (`id_indexingSubjects`, `Object_Work_Record`) VALUES ('665', '665');
INSERT INTO `museu`.`IndexingSubjects_SubjectTerms` (`IndexingSubject`, `SubjectTerm`) VALUES ('665', '5');
INSERT INTO `museu`.`IndexingSubjects_SubjectTerms` (`IndexingSubject`, `SubjectTerm`) VALUES ('665', '6');


INSERT INTO `museu`.`IndexingSubjects` (`id_indexingSubjects`, `Object_Work_Record`) VALUES ('666', '666');
INSERT INTO `museu`.`IndexingSubjects_SubjectTerms` (`IndexingSubject`, `SubjectTerm`) VALUES ('666', '5');
INSERT INTO `museu`.`IndexingSubjects_SubjectTerms` (`IndexingSubject`, `SubjectTerm`) VALUES ('666', '6');


INSERT INTO `museu`.`IndexingSubjects` (`id_indexingSubjects`, `Object_Work_Record`) VALUES ('667', '667');
INSERT INTO `museu`.`IndexingSubjects_SubjectTerms` (`IndexingSubject`, `SubjectTerm`) VALUES ('667', '5');
INSERT INTO `museu`.`IndexingSubjects_SubjectTerms` (`IndexingSubject`, `SubjectTerm`) VALUES ('667', '6');


INSERT INTO `museu`.`IndexingSubjects` (`id_indexingSubjects`, `Object_Work_Record`) VALUES ('668', '668');
INSERT INTO `museu`.`IndexingSubjects_SubjectTerms` (`IndexingSubject`, `SubjectTerm`) VALUES ('668', '5');
INSERT INTO `museu`.`IndexingSubjects_SubjectTerms` (`IndexingSubject`, `SubjectTerm`) VALUES ('668', '6');


INSERT INTO `museu`.`IndexingSubjects` (`id_indexingSubjects`, `Object_Work_Record`) VALUES ('669', '669');
INSERT INTO `museu`.`IndexingSubjects_SubjectTerms` (`IndexingSubject`, `SubjectTerm`) VALUES ('669', '5');
INSERT INTO `museu`.`IndexingSubjects_SubjectTerms` (`IndexingSubject`, `SubjectTerm`) VALUES ('669', '6');


INSERT INTO `museu`.`IndexingSubjects` (`id_indexingSubjects`, `Object_Work_Record`) VALUES ('670', '670');
INSERT INTO `museu`.`IndexingSubjects_SubjectTerms` (`IndexingSubject`, `SubjectTerm`) VALUES ('670', '5');
INSERT INTO `museu`.`IndexingSubjects_SubjectTerms` (`IndexingSubject`, `SubjectTerm`) VALUES ('670', '6');


INSERT INTO `museu`.`IndexingSubjects` (`id_indexingSubjects`, `Object_Work_Record`) VALUES ('671', '671');
INSERT INTO `museu`.`IndexingSubjects_SubjectTerms` (`IndexingSubject`, `SubjectTerm`) VALUES ('671', '5');
INSERT INTO `museu`.`IndexingSubjects_SubjectTerms` (`IndexingSubject`, `SubjectTerm`) VALUES ('671', '6');


INSERT INTO `museu`.`IndexingSubjects` (`id_indexingSubjects`, `Object_Work_Record`) VALUES ('672', '672');
INSERT INTO `museu`.`IndexingSubjects_SubjectTerms` (`IndexingSubject`, `SubjectTerm`) VALUES ('672', '5');
INSERT INTO `museu`.`IndexingSubjects_SubjectTerms` (`IndexingSubject`, `SubjectTerm`) VALUES ('672', '6');


INSERT INTO `museu`.`IndexingSubjects` (`id_indexingSubjects`, `Object_Work_Record`) VALUES ('673', '673');
INSERT INTO `museu`.`IndexingSubjects_SubjectTerms` (`IndexingSubject`, `SubjectTerm`) VALUES ('673', '5');
INSERT INTO `museu`.`IndexingSubjects_SubjectTerms` (`IndexingSubject`, `SubjectTerm`) VALUES ('673', '6');


INSERT INTO `museu`.`IndexingSubjects` (`id_indexingSubjects`, `Object_Work_Record`) VALUES ('674', '674');
INSERT INTO `museu`.`IndexingSubjects_SubjectTerms` (`IndexingSubject`, `SubjectTerm`) VALUES ('674', '5');
INSERT INTO `museu`.`IndexingSubjects_SubjectTerms` (`IndexingSubject`, `SubjectTerm`) VALUES ('674', '6');


INSERT INTO `museu`.`IndexingSubjects` (`id_indexingSubjects`, `Object_Work_Record`) VALUES ('675', '675');
INSERT INTO `museu`.`IndexingSubjects_SubjectTerms` (`IndexingSubject`, `SubjectTerm`) VALUES ('675', '5');
INSERT INTO `museu`.`IndexingSubjects_SubjectTerms` (`IndexingSubject`, `SubjectTerm`) VALUES ('675', '6');


INSERT INTO `museu`.`IndexingSubjects` (`id_indexingSubjects`, `Object_Work_Record`) VALUES ('676', '676');
INSERT INTO `museu`.`IndexingSubjects_SubjectTerms` (`IndexingSubject`, `SubjectTerm`) VALUES ('676', '5');
INSERT INTO `museu`.`IndexingSubjects_SubjectTerms` (`IndexingSubject`, `SubjectTerm`) VALUES ('676', '6');


INSERT INTO `museu`.`IndexingSubjects` (`id_indexingSubjects`, `Object_Work_Record`) VALUES ('677', '677');
INSERT INTO `museu`.`IndexingSubjects_SubjectTerms` (`IndexingSubject`, `SubjectTerm`) VALUES ('677', '5');
INSERT INTO `museu`.`IndexingSubjects_SubjectTerms` (`IndexingSubject`, `SubjectTerm`) VALUES ('677', '6');


INSERT INTO `museu`.`IndexingSubjects` (`id_indexingSubjects`, `Object_Work_Record`) VALUES ('678', '678');
INSERT INTO `museu`.`IndexingSubjects_SubjectTerms` (`IndexingSubject`, `SubjectTerm`) VALUES ('678', '5');
INSERT INTO `museu`.`IndexingSubjects_SubjectTerms` (`IndexingSubject`, `SubjectTerm`) VALUES ('678', '6');


INSERT INTO `museu`.`IndexingSubjects` (`id_indexingSubjects`, `Object_Work_Record`) VALUES ('679', '679');
INSERT INTO `museu`.`IndexingSubjects_SubjectTerms` (`IndexingSubject`, `SubjectTerm`) VALUES ('679', '5');
INSERT INTO `museu`.`IndexingSubjects_SubjectTerms` (`IndexingSubject`, `SubjectTerm`) VALUES ('679', '6');


INSERT INTO `museu`.`IndexingSubjects` (`id_indexingSubjects`, `Object_Work_Record`) VALUES ('680', '680');
INSERT INTO `museu`.`IndexingSubjects_SubjectTerms` (`IndexingSubject`, `SubjectTerm`) VALUES ('680', '5');
INSERT INTO `museu`.`IndexingSubjects_SubjectTerms` (`IndexingSubject`, `SubjectTerm`) VALUES ('680', '6');


INSERT INTO `museu`.`IndexingSubjects` (`id_indexingSubjects`, `Object_Work_Record`) VALUES ('681', '681');
INSERT INTO `museu`.`IndexingSubjects_SubjectTerms` (`IndexingSubject`, `SubjectTerm`) VALUES ('681', '5');
INSERT INTO `museu`.`IndexingSubjects_SubjectTerms` (`IndexingSubject`, `SubjectTerm`) VALUES ('681', '6');


INSERT INTO `museu`.`IndexingSubjects` (`id_indexingSubjects`, `Object_Work_Record`) VALUES ('682', '682');
INSERT INTO `museu`.`IndexingSubjects_SubjectTerms` (`IndexingSubject`, `SubjectTerm`) VALUES ('682', '5');
INSERT INTO `museu`.`IndexingSubjects_SubjectTerms` (`IndexingSubject`, `SubjectTerm`) VALUES ('682', '6');


INSERT INTO `museu`.`IndexingSubjects` (`id_indexingSubjects`, `Object_Work_Record`) VALUES ('683', '683');
INSERT INTO `museu`.`IndexingSubjects_SubjectTerms` (`IndexingSubject`, `SubjectTerm`) VALUES ('683', '5');
INSERT INTO `museu`.`IndexingSubjects_SubjectTerms` (`IndexingSubject`, `SubjectTerm`) VALUES ('683', '6');


INSERT INTO `museu`.`IndexingSubjects` (`id_indexingSubjects`, `Object_Work_Record`) VALUES ('684', '684');
INSERT INTO `museu`.`IndexingSubjects_SubjectTerms` (`IndexingSubject`, `SubjectTerm`) VALUES ('684', '5');
INSERT INTO `museu`.`IndexingSubjects_SubjectTerms` (`IndexingSubject`, `SubjectTerm`) VALUES ('684', '6');


INSERT INTO `museu`.`IndexingSubjects` (`id_indexingSubjects`, `Object_Work_Record`) VALUES ('685', '685');
INSERT INTO `museu`.`IndexingSubjects_SubjectTerms` (`IndexingSubject`, `SubjectTerm`) VALUES ('685', '5');
INSERT INTO `museu`.`IndexingSubjects_SubjectTerms` (`IndexingSubject`, `SubjectTerm`) VALUES ('685', '6');


INSERT INTO `museu`.`IndexingSubjects` (`id_indexingSubjects`, `Object_Work_Record`) VALUES ('686', '686');
INSERT INTO `museu`.`IndexingSubjects_SubjectTerms` (`IndexingSubject`, `SubjectTerm`) VALUES ('686', '5');
INSERT INTO `museu`.`IndexingSubjects_SubjectTerms` (`IndexingSubject`, `SubjectTerm`) VALUES ('686', '6');


INSERT INTO `museu`.`IndexingSubjects` (`id_indexingSubjects`, `Object_Work_Record`) VALUES ('687', '687');
INSERT INTO `museu`.`IndexingSubjects_SubjectTerms` (`IndexingSubject`, `SubjectTerm`) VALUES ('687', '5');
INSERT INTO `museu`.`IndexingSubjects_SubjectTerms` (`IndexingSubject`, `SubjectTerm`) VALUES ('687', '6');


INSERT INTO `museu`.`IndexingSubjects` (`id_indexingSubjects`, `Object_Work_Record`) VALUES ('688', '688');
INSERT INTO `museu`.`IndexingSubjects_SubjectTerms` (`IndexingSubject`, `SubjectTerm`) VALUES ('688', '5');
INSERT INTO `museu`.`IndexingSubjects_SubjectTerms` (`IndexingSubject`, `SubjectTerm`) VALUES ('688', '6');


INSERT INTO `museu`.`IndexingSubjects` (`id_indexingSubjects`, `Object_Work_Record`) VALUES ('689', '689');
INSERT INTO `museu`.`IndexingSubjects_SubjectTerms` (`IndexingSubject`, `SubjectTerm`) VALUES ('689', '5');
INSERT INTO `museu`.`IndexingSubjects_SubjectTerms` (`IndexingSubject`, `SubjectTerm`) VALUES ('689', '6');


INSERT INTO `museu`.`IndexingSubjects` (`id_indexingSubjects`, `Object_Work_Record`) VALUES ('690', '690');
INSERT INTO `museu`.`IndexingSubjects_SubjectTerms` (`IndexingSubject`, `SubjectTerm`) VALUES ('690', '5');
INSERT INTO `museu`.`IndexingSubjects_SubjectTerms` (`IndexingSubject`, `SubjectTerm`) VALUES ('690', '6');


INSERT INTO `museu`.`IndexingSubjects` (`id_indexingSubjects`, `Object_Work_Record`) VALUES ('691', '691');
INSERT INTO `museu`.`IndexingSubjects_SubjectTerms` (`IndexingSubject`, `SubjectTerm`) VALUES ('691', '5');
INSERT INTO `museu`.`IndexingSubjects_SubjectTerms` (`IndexingSubject`, `SubjectTerm`) VALUES ('691', '6');


INSERT INTO `museu`.`IndexingSubjects` (`id_indexingSubjects`, `Object_Work_Record`) VALUES ('692', '692');
INSERT INTO `museu`.`IndexingSubjects_SubjectTerms` (`IndexingSubject`, `SubjectTerm`) VALUES ('692', '5');
INSERT INTO `museu`.`IndexingSubjects_SubjectTerms` (`IndexingSubject`, `SubjectTerm`) VALUES ('692', '6');


INSERT INTO `museu`.`IndexingSubjects` (`id_indexingSubjects`, `Object_Work_Record`) VALUES ('693', '693');
INSERT INTO `museu`.`IndexingSubjects_SubjectTerms` (`IndexingSubject`, `SubjectTerm`) VALUES ('693', '5');
INSERT INTO `museu`.`IndexingSubjects_SubjectTerms` (`IndexingSubject`, `SubjectTerm`) VALUES ('693', '6');


INSERT INTO `museu`.`IndexingSubjects` (`id_indexingSubjects`, `Object_Work_Record`) VALUES ('694', '694');
INSERT INTO `museu`.`IndexingSubjects_SubjectTerms` (`IndexingSubject`, `SubjectTerm`) VALUES ('694', '5');
INSERT INTO `museu`.`IndexingSubjects_SubjectTerms` (`IndexingSubject`, `SubjectTerm`) VALUES ('694', '6');


INSERT INTO `museu`.`IndexingSubjects` (`id_indexingSubjects`, `Object_Work_Record`) VALUES ('695', '695');
INSERT INTO `museu`.`IndexingSubjects_SubjectTerms` (`IndexingSubject`, `SubjectTerm`) VALUES ('695', '5');
INSERT INTO `museu`.`IndexingSubjects_SubjectTerms` (`IndexingSubject`, `SubjectTerm`) VALUES ('695', '6');


INSERT INTO `museu`.`IndexingSubjects` (`id_indexingSubjects`, `Object_Work_Record`) VALUES ('696', '696');
INSERT INTO `museu`.`IndexingSubjects_SubjectTerms` (`IndexingSubject`, `SubjectTerm`) VALUES ('696', '5');
INSERT INTO `museu`.`IndexingSubjects_SubjectTerms` (`IndexingSubject`, `SubjectTerm`) VALUES ('696', '6');


INSERT INTO `museu`.`IndexingSubjects` (`id_indexingSubjects`, `Object_Work_Record`) VALUES ('697', '697');
INSERT INTO `museu`.`IndexingSubjects_SubjectTerms` (`IndexingSubject`, `SubjectTerm`) VALUES ('697', '5');
INSERT INTO `museu`.`IndexingSubjects_SubjectTerms` (`IndexingSubject`, `SubjectTerm`) VALUES ('697', '6');


INSERT INTO `museu`.`IndexingSubjects` (`id_indexingSubjects`, `Object_Work_Record`) VALUES ('698', '698');
INSERT INTO `museu`.`IndexingSubjects_SubjectTerms` (`IndexingSubject`, `SubjectTerm`) VALUES ('698', '5');
INSERT INTO `museu`.`IndexingSubjects_SubjectTerms` (`IndexingSubject`, `SubjectTerm`) VALUES ('698', '6');


INSERT INTO `museu`.`IndexingSubjects` (`id_indexingSubjects`, `Object_Work_Record`) VALUES ('699', '699');
INSERT INTO `museu`.`IndexingSubjects_SubjectTerms` (`IndexingSubject`, `SubjectTerm`) VALUES ('699', '5');
INSERT INTO `museu`.`IndexingSubjects_SubjectTerms` (`IndexingSubject`, `SubjectTerm`) VALUES ('699', '6');


INSERT INTO `museu`.`IndexingSubjects` (`id_indexingSubjects`, `Object_Work_Record`) VALUES ('700', '700');
INSERT INTO `museu`.`IndexingSubjects_SubjectTerms` (`IndexingSubject`, `SubjectTerm`) VALUES ('700', '5');
INSERT INTO `museu`.`IndexingSubjects_SubjectTerms` (`IndexingSubject`, `SubjectTerm`) VALUES ('700', '6');


INSERT INTO `museu`.`IndexingSubjects` (`id_indexingSubjects`, `Object_Work_Record`) VALUES ('701', '701');
INSERT INTO `museu`.`IndexingSubjects_SubjectTerms` (`IndexingSubject`, `SubjectTerm`) VALUES ('701', '5');
INSERT INTO `museu`.`IndexingSubjects_SubjectTerms` (`IndexingSubject`, `SubjectTerm`) VALUES ('701', '6');


INSERT INTO `museu`.`IndexingSubjects` (`id_indexingSubjects`, `Object_Work_Record`) VALUES ('702', '702');
INSERT INTO `museu`.`IndexingSubjects_SubjectTerms` (`IndexingSubject`, `SubjectTerm`) VALUES ('702', '5');
INSERT INTO `museu`.`IndexingSubjects_SubjectTerms` (`IndexingSubject`, `SubjectTerm`) VALUES ('702', '6');


INSERT INTO `museu`.`IndexingSubjects` (`id_indexingSubjects`, `Object_Work_Record`) VALUES ('703', '703');
INSERT INTO `museu`.`IndexingSubjects_SubjectTerms` (`IndexingSubject`, `SubjectTerm`) VALUES ('703', '5');
INSERT INTO `museu`.`IndexingSubjects_SubjectTerms` (`IndexingSubject`, `SubjectTerm`) VALUES ('703', '6');


INSERT INTO `museu`.`IndexingSubjects` (`id_indexingSubjects`, `Object_Work_Record`) VALUES ('704', '704');
INSERT INTO `museu`.`IndexingSubjects_SubjectTerms` (`IndexingSubject`, `SubjectTerm`) VALUES ('704', '5');
INSERT INTO `museu`.`IndexingSubjects_SubjectTerms` (`IndexingSubject`, `SubjectTerm`) VALUES ('704', '6');


INSERT INTO `museu`.`IndexingSubjects` (`id_indexingSubjects`, `Object_Work_Record`) VALUES ('705', '705');
INSERT INTO `museu`.`IndexingSubjects_SubjectTerms` (`IndexingSubject`, `SubjectTerm`) VALUES ('705', '5');
INSERT INTO `museu`.`IndexingSubjects_SubjectTerms` (`IndexingSubject`, `SubjectTerm`) VALUES ('705', '6');


INSERT INTO `museu`.`IndexingSubjects` (`id_indexingSubjects`, `Object_Work_Record`) VALUES ('706', '706');
INSERT INTO `museu`.`IndexingSubjects_SubjectTerms` (`IndexingSubject`, `SubjectTerm`) VALUES ('706', '5');
INSERT INTO `museu`.`IndexingSubjects_SubjectTerms` (`IndexingSubject`, `SubjectTerm`) VALUES ('706', '6');


INSERT INTO `museu`.`IndexingSubjects` (`id_indexingSubjects`, `Object_Work_Record`) VALUES ('707', '707');
INSERT INTO `museu`.`IndexingSubjects_SubjectTerms` (`IndexingSubject`, `SubjectTerm`) VALUES ('707', '5');
INSERT INTO `museu`.`IndexingSubjects_SubjectTerms` (`IndexingSubject`, `SubjectTerm`) VALUES ('707', '6');


INSERT INTO `museu`.`IndexingSubjects` (`id_indexingSubjects`, `Object_Work_Record`) VALUES ('708', '708');
INSERT INTO `museu`.`IndexingSubjects_SubjectTerms` (`IndexingSubject`, `SubjectTerm`) VALUES ('708', '5');
INSERT INTO `museu`.`IndexingSubjects_SubjectTerms` (`IndexingSubject`, `SubjectTerm`) VALUES ('708', '6');


INSERT INTO `museu`.`IndexingSubjects` (`id_indexingSubjects`, `Object_Work_Record`) VALUES ('709', '709');
INSERT INTO `museu`.`IndexingSubjects_SubjectTerms` (`IndexingSubject`, `SubjectTerm`) VALUES ('709', '5');
INSERT INTO `museu`.`IndexingSubjects_SubjectTerms` (`IndexingSubject`, `SubjectTerm`) VALUES ('709', '6');


INSERT INTO `museu`.`IndexingSubjects` (`id_indexingSubjects`, `Object_Work_Record`) VALUES ('710', '710');
INSERT INTO `museu`.`IndexingSubjects_SubjectTerms` (`IndexingSubject`, `SubjectTerm`) VALUES ('710', '5');
INSERT INTO `museu`.`IndexingSubjects_SubjectTerms` (`IndexingSubject`, `SubjectTerm`) VALUES ('710', '6');


INSERT INTO `museu`.`IndexingSubjects` (`id_indexingSubjects`, `Object_Work_Record`) VALUES ('711', '711');
INSERT INTO `museu`.`IndexingSubjects_SubjectTerms` (`IndexingSubject`, `SubjectTerm`) VALUES ('711', '5');
INSERT INTO `museu`.`IndexingSubjects_SubjectTerms` (`IndexingSubject`, `SubjectTerm`) VALUES ('711', '6');


INSERT INTO `museu`.`IndexingSubjects` (`id_indexingSubjects`, `Object_Work_Record`) VALUES ('712', '712');
INSERT INTO `museu`.`IndexingSubjects_SubjectTerms` (`IndexingSubject`, `SubjectTerm`) VALUES ('712', '5');
INSERT INTO `museu`.`IndexingSubjects_SubjectTerms` (`IndexingSubject`, `SubjectTerm`) VALUES ('712', '6');


INSERT INTO `museu`.`IndexingSubjects` (`id_indexingSubjects`, `Object_Work_Record`) VALUES ('713', '713');
INSERT INTO `museu`.`IndexingSubjects_SubjectTerms` (`IndexingSubject`, `SubjectTerm`) VALUES ('713', '5');
INSERT INTO `museu`.`IndexingSubjects_SubjectTerms` (`IndexingSubject`, `SubjectTerm`) VALUES ('713', '6');


INSERT INTO `museu`.`IndexingSubjects` (`id_indexingSubjects`, `Object_Work_Record`) VALUES ('714', '714');
INSERT INTO `museu`.`IndexingSubjects_SubjectTerms` (`IndexingSubject`, `SubjectTerm`) VALUES ('714', '5');
INSERT INTO `museu`.`IndexingSubjects_SubjectTerms` (`IndexingSubject`, `SubjectTerm`) VALUES ('714', '6');


INSERT INTO `museu`.`IndexingSubjects` (`id_indexingSubjects`, `Object_Work_Record`) VALUES ('715', '715');
INSERT INTO `museu`.`IndexingSubjects_SubjectTerms` (`IndexingSubject`, `SubjectTerm`) VALUES ('715', '5');
INSERT INTO `museu`.`IndexingSubjects_SubjectTerms` (`IndexingSubject`, `SubjectTerm`) VALUES ('715', '6');


INSERT INTO `museu`.`IndexingSubjects` (`id_indexingSubjects`, `Object_Work_Record`) VALUES ('716', '716');
INSERT INTO `museu`.`IndexingSubjects_SubjectTerms` (`IndexingSubject`, `SubjectTerm`) VALUES ('716', '5');
INSERT INTO `museu`.`IndexingSubjects_SubjectTerms` (`IndexingSubject`, `SubjectTerm`) VALUES ('716', '6');


INSERT INTO `museu`.`IndexingSubjects` (`id_indexingSubjects`, `Object_Work_Record`) VALUES ('717', '717');
INSERT INTO `museu`.`IndexingSubjects_SubjectTerms` (`IndexingSubject`, `SubjectTerm`) VALUES ('717', '5');
INSERT INTO `museu`.`IndexingSubjects_SubjectTerms` (`IndexingSubject`, `SubjectTerm`) VALUES ('717', '6');


INSERT INTO `museu`.`IndexingSubjects` (`id_indexingSubjects`, `Object_Work_Record`) VALUES ('718', '718');
INSERT INTO `museu`.`IndexingSubjects_SubjectTerms` (`IndexingSubject`, `SubjectTerm`) VALUES ('718', '5');
INSERT INTO `museu`.`IndexingSubjects_SubjectTerms` (`IndexingSubject`, `SubjectTerm`) VALUES ('718', '6');


INSERT INTO `museu`.`IndexingSubjects` (`id_indexingSubjects`, `Object_Work_Record`) VALUES ('719', '719');
INSERT INTO `museu`.`IndexingSubjects_SubjectTerms` (`IndexingSubject`, `SubjectTerm`) VALUES ('719', '5');
INSERT INTO `museu`.`IndexingSubjects_SubjectTerms` (`IndexingSubject`, `SubjectTerm`) VALUES ('719', '6');


INSERT INTO `museu`.`IndexingSubjects` (`id_indexingSubjects`, `Object_Work_Record`) VALUES ('720', '720');
INSERT INTO `museu`.`IndexingSubjects_SubjectTerms` (`IndexingSubject`, `SubjectTerm`) VALUES ('720', '5');
INSERT INTO `museu`.`IndexingSubjects_SubjectTerms` (`IndexingSubject`, `SubjectTerm`) VALUES ('720', '6');


INSERT INTO `museu`.`IndexingSubjects` (`id_indexingSubjects`, `Object_Work_Record`) VALUES ('721', '721');
INSERT INTO `museu`.`IndexingSubjects_SubjectTerms` (`IndexingSubject`, `SubjectTerm`) VALUES ('721', '5');
INSERT INTO `museu`.`IndexingSubjects_SubjectTerms` (`IndexingSubject`, `SubjectTerm`) VALUES ('721', '6');


INSERT INTO `museu`.`IndexingSubjects` (`id_indexingSubjects`, `Object_Work_Record`) VALUES ('722', '722');
INSERT INTO `museu`.`IndexingSubjects_SubjectTerms` (`IndexingSubject`, `SubjectTerm`) VALUES ('722', '5');
INSERT INTO `museu`.`IndexingSubjects_SubjectTerms` (`IndexingSubject`, `SubjectTerm`) VALUES ('722', '6');


INSERT INTO `museu`.`IndexingSubjects` (`id_indexingSubjects`, `Object_Work_Record`) VALUES ('723', '723');
INSERT INTO `museu`.`IndexingSubjects_SubjectTerms` (`IndexingSubject`, `SubjectTerm`) VALUES ('723', '5');
INSERT INTO `museu`.`IndexingSubjects_SubjectTerms` (`IndexingSubject`, `SubjectTerm`) VALUES ('723', '6');


INSERT INTO `museu`.`IndexingSubjects` (`id_indexingSubjects`, `Object_Work_Record`) VALUES ('724', '724');
INSERT INTO `museu`.`IndexingSubjects_SubjectTerms` (`IndexingSubject`, `SubjectTerm`) VALUES ('724', '5');
INSERT INTO `museu`.`IndexingSubjects_SubjectTerms` (`IndexingSubject`, `SubjectTerm`) VALUES ('724', '6');


INSERT INTO `museu`.`IndexingSubjects` (`id_indexingSubjects`, `Object_Work_Record`) VALUES ('725', '725');
INSERT INTO `museu`.`IndexingSubjects_SubjectTerms` (`IndexingSubject`, `SubjectTerm`) VALUES ('725', '5');
INSERT INTO `museu`.`IndexingSubjects_SubjectTerms` (`IndexingSubject`, `SubjectTerm`) VALUES ('725', '6');


INSERT INTO `museu`.`IndexingSubjects` (`id_indexingSubjects`, `Object_Work_Record`) VALUES ('726', '726');
INSERT INTO `museu`.`IndexingSubjects_SubjectTerms` (`IndexingSubject`, `SubjectTerm`) VALUES ('726', '5');
INSERT INTO `museu`.`IndexingSubjects_SubjectTerms` (`IndexingSubject`, `SubjectTerm`) VALUES ('726', '6');


INSERT INTO `museu`.`IndexingSubjects` (`id_indexingSubjects`, `Object_Work_Record`) VALUES ('727', '727');
INSERT INTO `museu`.`IndexingSubjects_SubjectTerms` (`IndexingSubject`, `SubjectTerm`) VALUES ('727', '5');
INSERT INTO `museu`.`IndexingSubjects_SubjectTerms` (`IndexingSubject`, `SubjectTerm`) VALUES ('727', '6');


INSERT INTO `museu`.`IndexingSubjects` (`id_indexingSubjects`, `Object_Work_Record`) VALUES ('728', '728');
INSERT INTO `museu`.`IndexingSubjects_SubjectTerms` (`IndexingSubject`, `SubjectTerm`) VALUES ('728', '5');
INSERT INTO `museu`.`IndexingSubjects_SubjectTerms` (`IndexingSubject`, `SubjectTerm`) VALUES ('728', '6');


INSERT INTO `museu`.`IndexingSubjects` (`id_indexingSubjects`, `Object_Work_Record`) VALUES ('729', '729');
INSERT INTO `museu`.`IndexingSubjects_SubjectTerms` (`IndexingSubject`, `SubjectTerm`) VALUES ('729', '5');
INSERT INTO `museu`.`IndexingSubjects_SubjectTerms` (`IndexingSubject`, `SubjectTerm`) VALUES ('729', '6');


INSERT INTO `museu`.`IndexingSubjects` (`id_indexingSubjects`, `Object_Work_Record`) VALUES ('730', '730');
INSERT INTO `museu`.`IndexingSubjects_SubjectTerms` (`IndexingSubject`, `SubjectTerm`) VALUES ('730', '5');
INSERT INTO `museu`.`IndexingSubjects_SubjectTerms` (`IndexingSubject`, `SubjectTerm`) VALUES ('730', '6');


INSERT INTO `museu`.`IndexingSubjects` (`id_indexingSubjects`, `Object_Work_Record`) VALUES ('731', '731');
INSERT INTO `museu`.`IndexingSubjects_SubjectTerms` (`IndexingSubject`, `SubjectTerm`) VALUES ('731', '5');
INSERT INTO `museu`.`IndexingSubjects_SubjectTerms` (`IndexingSubject`, `SubjectTerm`) VALUES ('731', '6');


INSERT INTO `museu`.`IndexingSubjects` (`id_indexingSubjects`, `Object_Work_Record`) VALUES ('732', '732');
INSERT INTO `museu`.`IndexingSubjects_SubjectTerms` (`IndexingSubject`, `SubjectTerm`) VALUES ('732', '5');
INSERT INTO `museu`.`IndexingSubjects_SubjectTerms` (`IndexingSubject`, `SubjectTerm`) VALUES ('732', '6');


INSERT INTO `museu`.`IndexingSubjects` (`id_indexingSubjects`, `Object_Work_Record`) VALUES ('733', '733');
INSERT INTO `museu`.`IndexingSubjects_SubjectTerms` (`IndexingSubject`, `SubjectTerm`) VALUES ('733', '5');
INSERT INTO `museu`.`IndexingSubjects_SubjectTerms` (`IndexingSubject`, `SubjectTerm`) VALUES ('733', '6');


INSERT INTO `museu`.`IndexingSubjects` (`id_indexingSubjects`, `Object_Work_Record`) VALUES ('734', '734');
INSERT INTO `museu`.`IndexingSubjects_SubjectTerms` (`IndexingSubject`, `SubjectTerm`) VALUES ('734', '5');
INSERT INTO `museu`.`IndexingSubjects_SubjectTerms` (`IndexingSubject`, `SubjectTerm`) VALUES ('734', '6');


INSERT INTO `museu`.`IndexingSubjects` (`id_indexingSubjects`, `Object_Work_Record`) VALUES ('735', '735');
INSERT INTO `museu`.`IndexingSubjects_SubjectTerms` (`IndexingSubject`, `SubjectTerm`) VALUES ('735', '5');
INSERT INTO `museu`.`IndexingSubjects_SubjectTerms` (`IndexingSubject`, `SubjectTerm`) VALUES ('735', '6');


INSERT INTO `museu`.`IndexingSubjects` (`id_indexingSubjects`, `Object_Work_Record`) VALUES ('736', '736');
INSERT INTO `museu`.`IndexingSubjects_SubjectTerms` (`IndexingSubject`, `SubjectTerm`) VALUES ('736', '5');
INSERT INTO `museu`.`IndexingSubjects_SubjectTerms` (`IndexingSubject`, `SubjectTerm`) VALUES ('736', '6');


INSERT INTO `museu`.`IndexingSubjects` (`id_indexingSubjects`, `Object_Work_Record`) VALUES ('737', '737');
INSERT INTO `museu`.`IndexingSubjects_SubjectTerms` (`IndexingSubject`, `SubjectTerm`) VALUES ('737', '5');
INSERT INTO `museu`.`IndexingSubjects_SubjectTerms` (`IndexingSubject`, `SubjectTerm`) VALUES ('737', '6');


INSERT INTO `museu`.`IndexingSubjects` (`id_indexingSubjects`, `Object_Work_Record`) VALUES ('738', '738');
INSERT INTO `museu`.`IndexingSubjects_SubjectTerms` (`IndexingSubject`, `SubjectTerm`) VALUES ('738', '5');
INSERT INTO `museu`.`IndexingSubjects_SubjectTerms` (`IndexingSubject`, `SubjectTerm`) VALUES ('738', '6');


INSERT INTO `museu`.`IndexingSubjects` (`id_indexingSubjects`, `Object_Work_Record`) VALUES ('739', '739');
INSERT INTO `museu`.`IndexingSubjects_SubjectTerms` (`IndexingSubject`, `SubjectTerm`) VALUES ('739', '5');
INSERT INTO `museu`.`IndexingSubjects_SubjectTerms` (`IndexingSubject`, `SubjectTerm`) VALUES ('739', '6');


INSERT INTO `museu`.`IndexingSubjects` (`id_indexingSubjects`, `Object_Work_Record`) VALUES ('740', '740');
INSERT INTO `museu`.`IndexingSubjects_SubjectTerms` (`IndexingSubject`, `SubjectTerm`) VALUES ('740', '5');
INSERT INTO `museu`.`IndexingSubjects_SubjectTerms` (`IndexingSubject`, `SubjectTerm`) VALUES ('740', '6');


INSERT INTO `museu`.`IndexingSubjects` (`id_indexingSubjects`, `Object_Work_Record`) VALUES ('741', '741');
INSERT INTO `museu`.`IndexingSubjects_SubjectTerms` (`IndexingSubject`, `SubjectTerm`) VALUES ('741', '5');
INSERT INTO `museu`.`IndexingSubjects_SubjectTerms` (`IndexingSubject`, `SubjectTerm`) VALUES ('741', '6');


INSERT INTO `museu`.`IndexingSubjects` (`id_indexingSubjects`, `Object_Work_Record`) VALUES ('742', '742');
INSERT INTO `museu`.`IndexingSubjects_SubjectTerms` (`IndexingSubject`, `SubjectTerm`) VALUES ('742', '5');
INSERT INTO `museu`.`IndexingSubjects_SubjectTerms` (`IndexingSubject`, `SubjectTerm`) VALUES ('742', '6');


INSERT INTO `museu`.`IndexingSubjects` (`id_indexingSubjects`, `Object_Work_Record`) VALUES ('743', '743');
INSERT INTO `museu`.`IndexingSubjects_SubjectTerms` (`IndexingSubject`, `SubjectTerm`) VALUES ('743', '5');
INSERT INTO `museu`.`IndexingSubjects_SubjectTerms` (`IndexingSubject`, `SubjectTerm`) VALUES ('743', '6');


INSERT INTO `museu`.`IndexingSubjects` (`id_indexingSubjects`, `Object_Work_Record`) VALUES ('744', '744');
INSERT INTO `museu`.`IndexingSubjects_SubjectTerms` (`IndexingSubject`, `SubjectTerm`) VALUES ('744', '5');
INSERT INTO `museu`.`IndexingSubjects_SubjectTerms` (`IndexingSubject`, `SubjectTerm`) VALUES ('744', '6');


INSERT INTO `museu`.`IndexingSubjects` (`id_indexingSubjects`, `Object_Work_Record`) VALUES ('745', '745');
INSERT INTO `museu`.`IndexingSubjects_SubjectTerms` (`IndexingSubject`, `SubjectTerm`) VALUES ('745', '5');
INSERT INTO `museu`.`IndexingSubjects_SubjectTerms` (`IndexingSubject`, `SubjectTerm`) VALUES ('745', '6');


INSERT INTO `museu`.`IndexingSubjects` (`id_indexingSubjects`, `Object_Work_Record`) VALUES ('746', '746');
INSERT INTO `museu`.`IndexingSubjects_SubjectTerms` (`IndexingSubject`, `SubjectTerm`) VALUES ('746', '5');
INSERT INTO `museu`.`IndexingSubjects_SubjectTerms` (`IndexingSubject`, `SubjectTerm`) VALUES ('746', '6');


INSERT INTO `museu`.`IndexingSubjects` (`id_indexingSubjects`, `Object_Work_Record`) VALUES ('747', '747');
INSERT INTO `museu`.`IndexingSubjects_SubjectTerms` (`IndexingSubject`, `SubjectTerm`) VALUES ('747', '5');
INSERT INTO `museu`.`IndexingSubjects_SubjectTerms` (`IndexingSubject`, `SubjectTerm`) VALUES ('747', '6');


INSERT INTO `museu`.`IndexingSubjects` (`id_indexingSubjects`, `Object_Work_Record`) VALUES ('748', '748');
INSERT INTO `museu`.`IndexingSubjects_SubjectTerms` (`IndexingSubject`, `SubjectTerm`) VALUES ('748', '5');
INSERT INTO `museu`.`IndexingSubjects_SubjectTerms` (`IndexingSubject`, `SubjectTerm`) VALUES ('748', '6');


INSERT INTO `museu`.`IndexingSubjects` (`id_indexingSubjects`, `Object_Work_Record`) VALUES ('749', '749');
INSERT INTO `museu`.`IndexingSubjects_SubjectTerms` (`IndexingSubject`, `SubjectTerm`) VALUES ('749', '5');
INSERT INTO `museu`.`IndexingSubjects_SubjectTerms` (`IndexingSubject`, `SubjectTerm`) VALUES ('749', '6');


INSERT INTO `museu`.`IndexingSubjects` (`id_indexingSubjects`, `Object_Work_Record`) VALUES ('750', '750');
INSERT INTO `museu`.`IndexingSubjects_SubjectTerms` (`IndexingSubject`, `SubjectTerm`) VALUES ('750', '5');
INSERT INTO `museu`.`IndexingSubjects_SubjectTerms` (`IndexingSubject`, `SubjectTerm`) VALUES ('750', '6');


INSERT INTO `museu`.`IndexingSubjects` (`id_indexingSubjects`, `Object_Work_Record`) VALUES ('751', '751');
INSERT INTO `museu`.`IndexingSubjects_SubjectTerms` (`IndexingSubject`, `SubjectTerm`) VALUES ('751', '5');
INSERT INTO `museu`.`IndexingSubjects_SubjectTerms` (`IndexingSubject`, `SubjectTerm`) VALUES ('751', '6');


INSERT INTO `museu`.`IndexingSubjects` (`id_indexingSubjects`, `Object_Work_Record`) VALUES ('752', '752');
INSERT INTO `museu`.`IndexingSubjects_SubjectTerms` (`IndexingSubject`, `SubjectTerm`) VALUES ('752', '5');
INSERT INTO `museu`.`IndexingSubjects_SubjectTerms` (`IndexingSubject`, `SubjectTerm`) VALUES ('752', '6');


INSERT INTO `museu`.`IndexingSubjects` (`id_indexingSubjects`, `Object_Work_Record`) VALUES ('753', '753');
INSERT INTO `museu`.`IndexingSubjects_SubjectTerms` (`IndexingSubject`, `SubjectTerm`) VALUES ('753', '5');
INSERT INTO `museu`.`IndexingSubjects_SubjectTerms` (`IndexingSubject`, `SubjectTerm`) VALUES ('753', '6');


INSERT INTO `museu`.`IndexingSubjects` (`id_indexingSubjects`, `Object_Work_Record`) VALUES ('754', '754');
INSERT INTO `museu`.`IndexingSubjects_SubjectTerms` (`IndexingSubject`, `SubjectTerm`) VALUES ('754', '5');
INSERT INTO `museu`.`IndexingSubjects_SubjectTerms` (`IndexingSubject`, `SubjectTerm`) VALUES ('754', '6');


INSERT INTO `museu`.`IndexingSubjects` (`id_indexingSubjects`, `Object_Work_Record`) VALUES ('755', '755');
INSERT INTO `museu`.`IndexingSubjects_SubjectTerms` (`IndexingSubject`, `SubjectTerm`) VALUES ('755', '5');
INSERT INTO `museu`.`IndexingSubjects_SubjectTerms` (`IndexingSubject`, `SubjectTerm`) VALUES ('755', '6');


INSERT INTO `museu`.`IndexingSubjects` (`id_indexingSubjects`, `Object_Work_Record`) VALUES ('756', '756');
INSERT INTO `museu`.`IndexingSubjects_SubjectTerms` (`IndexingSubject`, `SubjectTerm`) VALUES ('756', '5');
INSERT INTO `museu`.`IndexingSubjects_SubjectTerms` (`IndexingSubject`, `SubjectTerm`) VALUES ('756', '6');


INSERT INTO `museu`.`IndexingSubjects` (`id_indexingSubjects`, `Object_Work_Record`) VALUES ('757', '757');
INSERT INTO `museu`.`IndexingSubjects_SubjectTerms` (`IndexingSubject`, `SubjectTerm`) VALUES ('757', '5');
INSERT INTO `museu`.`IndexingSubjects_SubjectTerms` (`IndexingSubject`, `SubjectTerm`) VALUES ('757', '6');


INSERT INTO `museu`.`IndexingSubjects` (`id_indexingSubjects`, `Object_Work_Record`) VALUES ('758', '758');
INSERT INTO `museu`.`IndexingSubjects_SubjectTerms` (`IndexingSubject`, `SubjectTerm`) VALUES ('758', '5');
INSERT INTO `museu`.`IndexingSubjects_SubjectTerms` (`IndexingSubject`, `SubjectTerm`) VALUES ('758', '6');


INSERT INTO `museu`.`IndexingSubjects` (`id_indexingSubjects`, `Object_Work_Record`) VALUES ('759', '759');
INSERT INTO `museu`.`IndexingSubjects_SubjectTerms` (`IndexingSubject`, `SubjectTerm`) VALUES ('759', '5');
INSERT INTO `museu`.`IndexingSubjects_SubjectTerms` (`IndexingSubject`, `SubjectTerm`) VALUES ('759', '6');


INSERT INTO `museu`.`IndexingSubjects` (`id_indexingSubjects`, `Object_Work_Record`) VALUES ('760', '760');
INSERT INTO `museu`.`IndexingSubjects_SubjectTerms` (`IndexingSubject`, `SubjectTerm`) VALUES ('760', '5');
INSERT INTO `museu`.`IndexingSubjects_SubjectTerms` (`IndexingSubject`, `SubjectTerm`) VALUES ('760', '6');


INSERT INTO `museu`.`IndexingSubjects` (`id_indexingSubjects`, `Object_Work_Record`) VALUES ('761', '761');
INSERT INTO `museu`.`IndexingSubjects_SubjectTerms` (`IndexingSubject`, `SubjectTerm`) VALUES ('761', '5');
INSERT INTO `museu`.`IndexingSubjects_SubjectTerms` (`IndexingSubject`, `SubjectTerm`) VALUES ('761', '6');


INSERT INTO `museu`.`IndexingSubjects` (`id_indexingSubjects`, `Object_Work_Record`) VALUES ('762', '762');
INSERT INTO `museu`.`IndexingSubjects_SubjectTerms` (`IndexingSubject`, `SubjectTerm`) VALUES ('762', '5');
INSERT INTO `museu`.`IndexingSubjects_SubjectTerms` (`IndexingSubject`, `SubjectTerm`) VALUES ('762', '6');


INSERT INTO `museu`.`IndexingSubjects` (`id_indexingSubjects`, `Object_Work_Record`) VALUES ('763', '763');
INSERT INTO `museu`.`IndexingSubjects_SubjectTerms` (`IndexingSubject`, `SubjectTerm`) VALUES ('763', '5');
INSERT INTO `museu`.`IndexingSubjects_SubjectTerms` (`IndexingSubject`, `SubjectTerm`) VALUES ('763', '6');


INSERT INTO `museu`.`IndexingSubjects` (`id_indexingSubjects`, `Object_Work_Record`) VALUES ('764', '764');
INSERT INTO `museu`.`IndexingSubjects_SubjectTerms` (`IndexingSubject`, `SubjectTerm`) VALUES ('764', '5');
INSERT INTO `museu`.`IndexingSubjects_SubjectTerms` (`IndexingSubject`, `SubjectTerm`) VALUES ('764', '6');


INSERT INTO `museu`.`IndexingSubjects` (`id_indexingSubjects`, `Object_Work_Record`) VALUES ('765', '765');
INSERT INTO `museu`.`IndexingSubjects_SubjectTerms` (`IndexingSubject`, `SubjectTerm`) VALUES ('765', '5');
INSERT INTO `museu`.`IndexingSubjects_SubjectTerms` (`IndexingSubject`, `SubjectTerm`) VALUES ('765', '6');


INSERT INTO `museu`.`IndexingSubjects` (`id_indexingSubjects`, `Object_Work_Record`) VALUES ('766', '766');
INSERT INTO `museu`.`IndexingSubjects_SubjectTerms` (`IndexingSubject`, `SubjectTerm`) VALUES ('766', '5');
INSERT INTO `museu`.`IndexingSubjects_SubjectTerms` (`IndexingSubject`, `SubjectTerm`) VALUES ('766', '6');


INSERT INTO `museu`.`IndexingSubjects` (`id_indexingSubjects`, `Object_Work_Record`) VALUES ('767', '767');
INSERT INTO `museu`.`IndexingSubjects_SubjectTerms` (`IndexingSubject`, `SubjectTerm`) VALUES ('767', '5');
INSERT INTO `museu`.`IndexingSubjects_SubjectTerms` (`IndexingSubject`, `SubjectTerm`) VALUES ('767', '6');


INSERT INTO `museu`.`IndexingSubjects` (`id_indexingSubjects`, `Object_Work_Record`) VALUES ('768', '768');
INSERT INTO `museu`.`IndexingSubjects_SubjectTerms` (`IndexingSubject`, `SubjectTerm`) VALUES ('768', '5');
INSERT INTO `museu`.`IndexingSubjects_SubjectTerms` (`IndexingSubject`, `SubjectTerm`) VALUES ('768', '6');


INSERT INTO `museu`.`IndexingSubjects` (`id_indexingSubjects`, `Object_Work_Record`) VALUES ('769', '769');
INSERT INTO `museu`.`IndexingSubjects_SubjectTerms` (`IndexingSubject`, `SubjectTerm`) VALUES ('769', '5');
INSERT INTO `museu`.`IndexingSubjects_SubjectTerms` (`IndexingSubject`, `SubjectTerm`) VALUES ('769', '6');


INSERT INTO `museu`.`IndexingSubjects` (`id_indexingSubjects`, `Object_Work_Record`) VALUES ('770', '770');
INSERT INTO `museu`.`IndexingSubjects_SubjectTerms` (`IndexingSubject`, `SubjectTerm`) VALUES ('770', '5');
INSERT INTO `museu`.`IndexingSubjects_SubjectTerms` (`IndexingSubject`, `SubjectTerm`) VALUES ('770', '6');


INSERT INTO `museu`.`IndexingSubjects` (`id_indexingSubjects`, `Object_Work_Record`) VALUES ('771', '771');
INSERT INTO `museu`.`IndexingSubjects_SubjectTerms` (`IndexingSubject`, `SubjectTerm`) VALUES ('771', '5');
INSERT INTO `museu`.`IndexingSubjects_SubjectTerms` (`IndexingSubject`, `SubjectTerm`) VALUES ('771', '6');


INSERT INTO `museu`.`IndexingSubjects` (`id_indexingSubjects`, `Object_Work_Record`) VALUES ('772', '772');
INSERT INTO `museu`.`IndexingSubjects_SubjectTerms` (`IndexingSubject`, `SubjectTerm`) VALUES ('772', '5');
INSERT INTO `museu`.`IndexingSubjects_SubjectTerms` (`IndexingSubject`, `SubjectTerm`) VALUES ('772', '6');


INSERT INTO `museu`.`IndexingSubjects` (`id_indexingSubjects`, `Object_Work_Record`) VALUES ('773', '773');
INSERT INTO `museu`.`IndexingSubjects_SubjectTerms` (`IndexingSubject`, `SubjectTerm`) VALUES ('773', '5');
INSERT INTO `museu`.`IndexingSubjects_SubjectTerms` (`IndexingSubject`, `SubjectTerm`) VALUES ('773', '6');


INSERT INTO `museu`.`IndexingSubjects` (`id_indexingSubjects`, `Object_Work_Record`) VALUES ('774', '774');
INSERT INTO `museu`.`IndexingSubjects_SubjectTerms` (`IndexingSubject`, `SubjectTerm`) VALUES ('774', '5');
INSERT INTO `museu`.`IndexingSubjects_SubjectTerms` (`IndexingSubject`, `SubjectTerm`) VALUES ('774', '6');


INSERT INTO `museu`.`IndexingSubjects` (`id_indexingSubjects`, `Object_Work_Record`) VALUES ('775', '775');
INSERT INTO `museu`.`IndexingSubjects_SubjectTerms` (`IndexingSubject`, `SubjectTerm`) VALUES ('775', '5');
INSERT INTO `museu`.`IndexingSubjects_SubjectTerms` (`IndexingSubject`, `SubjectTerm`) VALUES ('775', '6');


INSERT INTO `museu`.`IndexingSubjects` (`id_indexingSubjects`, `Object_Work_Record`) VALUES ('776', '776');
INSERT INTO `museu`.`IndexingSubjects_SubjectTerms` (`IndexingSubject`, `SubjectTerm`) VALUES ('776', '5');
INSERT INTO `museu`.`IndexingSubjects_SubjectTerms` (`IndexingSubject`, `SubjectTerm`) VALUES ('776', '6');


INSERT INTO `museu`.`IndexingSubjects` (`id_indexingSubjects`, `Object_Work_Record`) VALUES ('777', '777');
INSERT INTO `museu`.`IndexingSubjects_SubjectTerms` (`IndexingSubject`, `SubjectTerm`) VALUES ('777', '5');
INSERT INTO `museu`.`IndexingSubjects_SubjectTerms` (`IndexingSubject`, `SubjectTerm`) VALUES ('777', '6');


INSERT INTO `museu`.`IndexingSubjects` (`id_indexingSubjects`, `Object_Work_Record`) VALUES ('778', '778');
INSERT INTO `museu`.`IndexingSubjects_SubjectTerms` (`IndexingSubject`, `SubjectTerm`) VALUES ('778', '5');
INSERT INTO `museu`.`IndexingSubjects_SubjectTerms` (`IndexingSubject`, `SubjectTerm`) VALUES ('778', '6');


INSERT INTO `museu`.`IndexingSubjects` (`id_indexingSubjects`, `Object_Work_Record`) VALUES ('779', '779');
INSERT INTO `museu`.`IndexingSubjects_SubjectTerms` (`IndexingSubject`, `SubjectTerm`) VALUES ('779', '5');
INSERT INTO `museu`.`IndexingSubjects_SubjectTerms` (`IndexingSubject`, `SubjectTerm`) VALUES ('779', '6');


INSERT INTO `museu`.`IndexingSubjects` (`id_indexingSubjects`, `Object_Work_Record`) VALUES ('780', '780');
INSERT INTO `museu`.`IndexingSubjects_SubjectTerms` (`IndexingSubject`, `SubjectTerm`) VALUES ('780', '5');
INSERT INTO `museu`.`IndexingSubjects_SubjectTerms` (`IndexingSubject`, `SubjectTerm`) VALUES ('780', '6');


INSERT INTO `museu`.`IndexingSubjects` (`id_indexingSubjects`, `Object_Work_Record`) VALUES ('781', '781');
INSERT INTO `museu`.`IndexingSubjects_SubjectTerms` (`IndexingSubject`, `SubjectTerm`) VALUES ('781', '5');
INSERT INTO `museu`.`IndexingSubjects_SubjectTerms` (`IndexingSubject`, `SubjectTerm`) VALUES ('781', '6');


INSERT INTO `museu`.`IndexingSubjects` (`id_indexingSubjects`, `Object_Work_Record`) VALUES ('782', '782');
INSERT INTO `museu`.`IndexingSubjects_SubjectTerms` (`IndexingSubject`, `SubjectTerm`) VALUES ('782', '5');
INSERT INTO `museu`.`IndexingSubjects_SubjectTerms` (`IndexingSubject`, `SubjectTerm`) VALUES ('782', '6');


INSERT INTO `museu`.`IndexingSubjects` (`id_indexingSubjects`, `Object_Work_Record`) VALUES ('783', '783');
INSERT INTO `museu`.`IndexingSubjects_SubjectTerms` (`IndexingSubject`, `SubjectTerm`) VALUES ('783', '5');
INSERT INTO `museu`.`IndexingSubjects_SubjectTerms` (`IndexingSubject`, `SubjectTerm`) VALUES ('783', '6');


INSERT INTO `museu`.`IndexingSubjects` (`id_indexingSubjects`, `Object_Work_Record`) VALUES ('784', '784');
INSERT INTO `museu`.`IndexingSubjects_SubjectTerms` (`IndexingSubject`, `SubjectTerm`) VALUES ('784', '5');
INSERT INTO `museu`.`IndexingSubjects_SubjectTerms` (`IndexingSubject`, `SubjectTerm`) VALUES ('784', '6');


INSERT INTO `museu`.`IndexingSubjects` (`id_indexingSubjects`, `Object_Work_Record`) VALUES ('785', '785');
INSERT INTO `museu`.`IndexingSubjects_SubjectTerms` (`IndexingSubject`, `SubjectTerm`) VALUES ('785', '5');
INSERT INTO `museu`.`IndexingSubjects_SubjectTerms` (`IndexingSubject`, `SubjectTerm`) VALUES ('785', '6');


INSERT INTO `museu`.`IndexingSubjects` (`id_indexingSubjects`, `Object_Work_Record`) VALUES ('786', '786');
INSERT INTO `museu`.`IndexingSubjects_SubjectTerms` (`IndexingSubject`, `SubjectTerm`) VALUES ('786', '5');
INSERT INTO `museu`.`IndexingSubjects_SubjectTerms` (`IndexingSubject`, `SubjectTerm`) VALUES ('786', '6');


INSERT INTO `museu`.`IndexingSubjects` (`id_indexingSubjects`, `Object_Work_Record`) VALUES ('787', '787');
INSERT INTO `museu`.`IndexingSubjects_SubjectTerms` (`IndexingSubject`, `SubjectTerm`) VALUES ('787', '5');
INSERT INTO `museu`.`IndexingSubjects_SubjectTerms` (`IndexingSubject`, `SubjectTerm`) VALUES ('787', '6');


INSERT INTO `museu`.`IndexingSubjects` (`id_indexingSubjects`, `Object_Work_Record`) VALUES ('788', '788');
INSERT INTO `museu`.`IndexingSubjects_SubjectTerms` (`IndexingSubject`, `SubjectTerm`) VALUES ('788', '5');
INSERT INTO `museu`.`IndexingSubjects_SubjectTerms` (`IndexingSubject`, `SubjectTerm`) VALUES ('788', '6');


INSERT INTO `museu`.`IndexingSubjects` (`id_indexingSubjects`, `Object_Work_Record`) VALUES ('789', '789');
INSERT INTO `museu`.`IndexingSubjects_SubjectTerms` (`IndexingSubject`, `SubjectTerm`) VALUES ('789', '5');
INSERT INTO `museu`.`IndexingSubjects_SubjectTerms` (`IndexingSubject`, `SubjectTerm`) VALUES ('789', '6');


INSERT INTO `museu`.`IndexingSubjects` (`id_indexingSubjects`, `Object_Work_Record`) VALUES ('790', '790');
INSERT INTO `museu`.`IndexingSubjects_SubjectTerms` (`IndexingSubject`, `SubjectTerm`) VALUES ('790', '5');
INSERT INTO `museu`.`IndexingSubjects_SubjectTerms` (`IndexingSubject`, `SubjectTerm`) VALUES ('790', '6');


INSERT INTO `museu`.`IndexingSubjects` (`id_indexingSubjects`, `Object_Work_Record`) VALUES ('791', '791');
INSERT INTO `museu`.`IndexingSubjects_SubjectTerms` (`IndexingSubject`, `SubjectTerm`) VALUES ('791', '5');
INSERT INTO `museu`.`IndexingSubjects_SubjectTerms` (`IndexingSubject`, `SubjectTerm`) VALUES ('791', '6');


INSERT INTO `museu`.`IndexingSubjects` (`id_indexingSubjects`, `Object_Work_Record`) VALUES ('792', '792');
INSERT INTO `museu`.`IndexingSubjects_SubjectTerms` (`IndexingSubject`, `SubjectTerm`) VALUES ('792', '5');
INSERT INTO `museu`.`IndexingSubjects_SubjectTerms` (`IndexingSubject`, `SubjectTerm`) VALUES ('792', '6');


INSERT INTO `museu`.`IndexingSubjects` (`id_indexingSubjects`, `Object_Work_Record`) VALUES ('793', '793');
INSERT INTO `museu`.`IndexingSubjects_SubjectTerms` (`IndexingSubject`, `SubjectTerm`) VALUES ('793', '5');
INSERT INTO `museu`.`IndexingSubjects_SubjectTerms` (`IndexingSubject`, `SubjectTerm`) VALUES ('793', '6');


INSERT INTO `museu`.`IndexingSubjects` (`id_indexingSubjects`, `Object_Work_Record`) VALUES ('794', '794');
INSERT INTO `museu`.`IndexingSubjects_SubjectTerms` (`IndexingSubject`, `SubjectTerm`) VALUES ('794', '5');
INSERT INTO `museu`.`IndexingSubjects_SubjectTerms` (`IndexingSubject`, `SubjectTerm`) VALUES ('794', '6');


INSERT INTO `museu`.`IndexingSubjects` (`id_indexingSubjects`, `Object_Work_Record`) VALUES ('795', '795');
INSERT INTO `museu`.`IndexingSubjects_SubjectTerms` (`IndexingSubject`, `SubjectTerm`) VALUES ('795', '5');
INSERT INTO `museu`.`IndexingSubjects_SubjectTerms` (`IndexingSubject`, `SubjectTerm`) VALUES ('795', '6');


INSERT INTO `museu`.`IndexingSubjects` (`id_indexingSubjects`, `Object_Work_Record`) VALUES ('796', '796');
INSERT INTO `museu`.`IndexingSubjects_SubjectTerms` (`IndexingSubject`, `SubjectTerm`) VALUES ('796', '5');
INSERT INTO `museu`.`IndexingSubjects_SubjectTerms` (`IndexingSubject`, `SubjectTerm`) VALUES ('796', '6');


INSERT INTO `museu`.`IndexingSubjects` (`id_indexingSubjects`, `Object_Work_Record`) VALUES ('797', '797');
INSERT INTO `museu`.`IndexingSubjects_SubjectTerms` (`IndexingSubject`, `SubjectTerm`) VALUES ('797', '5');
INSERT INTO `museu`.`IndexingSubjects_SubjectTerms` (`IndexingSubject`, `SubjectTerm`) VALUES ('797', '6');


INSERT INTO `museu`.`IndexingSubjects` (`id_indexingSubjects`, `Object_Work_Record`) VALUES ('798', '798');
INSERT INTO `museu`.`IndexingSubjects_SubjectTerms` (`IndexingSubject`, `SubjectTerm`) VALUES ('798', '5');
INSERT INTO `museu`.`IndexingSubjects_SubjectTerms` (`IndexingSubject`, `SubjectTerm`) VALUES ('798', '6');


INSERT INTO `museu`.`IndexingSubjects` (`id_indexingSubjects`, `Object_Work_Record`) VALUES ('799', '799');
INSERT INTO `museu`.`IndexingSubjects_SubjectTerms` (`IndexingSubject`, `SubjectTerm`) VALUES ('799', '5');
INSERT INTO `museu`.`IndexingSubjects_SubjectTerms` (`IndexingSubject`, `SubjectTerm`) VALUES ('799', '6');


INSERT INTO `museu`.`IndexingSubjects` (`id_indexingSubjects`, `Object_Work_Record`) VALUES ('800', '800');
INSERT INTO `museu`.`IndexingSubjects_SubjectTerms` (`IndexingSubject`, `SubjectTerm`) VALUES ('800', '5');
INSERT INTO `museu`.`IndexingSubjects_SubjectTerms` (`IndexingSubject`, `SubjectTerm`) VALUES ('800', '6');


INSERT INTO `museu`.`IndexingSubjects` (`id_indexingSubjects`, `Object_Work_Record`) VALUES ('801', '801');
INSERT INTO `museu`.`IndexingSubjects_SubjectTerms` (`IndexingSubject`, `SubjectTerm`) VALUES ('801', '5');
INSERT INTO `museu`.`IndexingSubjects_SubjectTerms` (`IndexingSubject`, `SubjectTerm`) VALUES ('801', '6');


INSERT INTO `museu`.`IndexingSubjects` (`id_indexingSubjects`, `Object_Work_Record`) VALUES ('802', '802');
INSERT INTO `museu`.`IndexingSubjects_SubjectTerms` (`IndexingSubject`, `SubjectTerm`) VALUES ('802', '5');
INSERT INTO `museu`.`IndexingSubjects_SubjectTerms` (`IndexingSubject`, `SubjectTerm`) VALUES ('802', '6');


INSERT INTO `museu`.`IndexingSubjects` (`id_indexingSubjects`, `Object_Work_Record`) VALUES ('803', '803');
INSERT INTO `museu`.`IndexingSubjects_SubjectTerms` (`IndexingSubject`, `SubjectTerm`) VALUES ('803', '5');
INSERT INTO `museu`.`IndexingSubjects_SubjectTerms` (`IndexingSubject`, `SubjectTerm`) VALUES ('803', '6');


INSERT INTO `museu`.`IndexingSubjects` (`id_indexingSubjects`, `Object_Work_Record`) VALUES ('804', '804');
INSERT INTO `museu`.`IndexingSubjects_SubjectTerms` (`IndexingSubject`, `SubjectTerm`) VALUES ('804', '5');
INSERT INTO `museu`.`IndexingSubjects_SubjectTerms` (`IndexingSubject`, `SubjectTerm`) VALUES ('804', '6');


INSERT INTO `museu`.`IndexingSubjects` (`id_indexingSubjects`, `Object_Work_Record`) VALUES ('805', '805');
INSERT INTO `museu`.`IndexingSubjects_SubjectTerms` (`IndexingSubject`, `SubjectTerm`) VALUES ('805', '5');
INSERT INTO `museu`.`IndexingSubjects_SubjectTerms` (`IndexingSubject`, `SubjectTerm`) VALUES ('805', '6');


INSERT INTO `museu`.`IndexingSubjects` (`id_indexingSubjects`, `Object_Work_Record`) VALUES ('806', '806');
INSERT INTO `museu`.`IndexingSubjects_SubjectTerms` (`IndexingSubject`, `SubjectTerm`) VALUES ('806', '5');
INSERT INTO `museu`.`IndexingSubjects_SubjectTerms` (`IndexingSubject`, `SubjectTerm`) VALUES ('806', '6');


INSERT INTO `museu`.`IndexingSubjects` (`id_indexingSubjects`, `Object_Work_Record`) VALUES ('807', '807');
INSERT INTO `museu`.`IndexingSubjects_SubjectTerms` (`IndexingSubject`, `SubjectTerm`) VALUES ('807', '5');
INSERT INTO `museu`.`IndexingSubjects_SubjectTerms` (`IndexingSubject`, `SubjectTerm`) VALUES ('807', '6');


INSERT INTO `museu`.`IndexingSubjects` (`id_indexingSubjects`, `Object_Work_Record`) VALUES ('808', '808');
INSERT INTO `museu`.`IndexingSubjects_SubjectTerms` (`IndexingSubject`, `SubjectTerm`) VALUES ('808', '5');
INSERT INTO `museu`.`IndexingSubjects_SubjectTerms` (`IndexingSubject`, `SubjectTerm`) VALUES ('808', '6');


INSERT INTO `museu`.`IndexingSubjects` (`id_indexingSubjects`, `Object_Work_Record`) VALUES ('809', '809');
INSERT INTO `museu`.`IndexingSubjects_SubjectTerms` (`IndexingSubject`, `SubjectTerm`) VALUES ('809', '5');
INSERT INTO `museu`.`IndexingSubjects_SubjectTerms` (`IndexingSubject`, `SubjectTerm`) VALUES ('809', '6');


INSERT INTO `museu`.`IndexingSubjects` (`id_indexingSubjects`, `Object_Work_Record`) VALUES ('810', '810');
INSERT INTO `museu`.`IndexingSubjects_SubjectTerms` (`IndexingSubject`, `SubjectTerm`) VALUES ('810', '5');
INSERT INTO `museu`.`IndexingSubjects_SubjectTerms` (`IndexingSubject`, `SubjectTerm`) VALUES ('810', '6');


INSERT INTO `museu`.`IndexingSubjects` (`id_indexingSubjects`, `Object_Work_Record`) VALUES ('811', '811');
INSERT INTO `museu`.`IndexingSubjects_SubjectTerms` (`IndexingSubject`, `SubjectTerm`) VALUES ('811', '5');
INSERT INTO `museu`.`IndexingSubjects_SubjectTerms` (`IndexingSubject`, `SubjectTerm`) VALUES ('811', '6');


INSERT INTO `museu`.`IndexingSubjects` (`id_indexingSubjects`, `Object_Work_Record`) VALUES ('812', '812');
INSERT INTO `museu`.`IndexingSubjects_SubjectTerms` (`IndexingSubject`, `SubjectTerm`) VALUES ('812', '5');
INSERT INTO `museu`.`IndexingSubjects_SubjectTerms` (`IndexingSubject`, `SubjectTerm`) VALUES ('812', '6');


INSERT INTO `museu`.`IndexingSubjects` (`id_indexingSubjects`, `Object_Work_Record`) VALUES ('813', '813');
INSERT INTO `museu`.`IndexingSubjects_SubjectTerms` (`IndexingSubject`, `SubjectTerm`) VALUES ('813', '5');
INSERT INTO `museu`.`IndexingSubjects_SubjectTerms` (`IndexingSubject`, `SubjectTerm`) VALUES ('813', '6');


INSERT INTO `museu`.`IndexingSubjects` (`id_indexingSubjects`, `Object_Work_Record`) VALUES ('814', '814');
INSERT INTO `museu`.`IndexingSubjects_SubjectTerms` (`IndexingSubject`, `SubjectTerm`) VALUES ('814', '5');
INSERT INTO `museu`.`IndexingSubjects_SubjectTerms` (`IndexingSubject`, `SubjectTerm`) VALUES ('814', '6');


INSERT INTO `museu`.`IndexingSubjects` (`id_indexingSubjects`, `Object_Work_Record`) VALUES ('815', '815');
INSERT INTO `museu`.`IndexingSubjects_SubjectTerms` (`IndexingSubject`, `SubjectTerm`) VALUES ('815', '5');
INSERT INTO `museu`.`IndexingSubjects_SubjectTerms` (`IndexingSubject`, `SubjectTerm`) VALUES ('815', '6');


INSERT INTO `museu`.`IndexingSubjects` (`id_indexingSubjects`, `Object_Work_Record`) VALUES ('816', '816');
INSERT INTO `museu`.`IndexingSubjects_SubjectTerms` (`IndexingSubject`, `SubjectTerm`) VALUES ('816', '5');
INSERT INTO `museu`.`IndexingSubjects_SubjectTerms` (`IndexingSubject`, `SubjectTerm`) VALUES ('816', '6');


INSERT INTO `museu`.`IndexingSubjects` (`id_indexingSubjects`, `Object_Work_Record`) VALUES ('817', '817');
INSERT INTO `museu`.`IndexingSubjects_SubjectTerms` (`IndexingSubject`, `SubjectTerm`) VALUES ('817', '5');
INSERT INTO `museu`.`IndexingSubjects_SubjectTerms` (`IndexingSubject`, `SubjectTerm`) VALUES ('817', '6');


INSERT INTO `museu`.`IndexingSubjects` (`id_indexingSubjects`, `Object_Work_Record`) VALUES ('818', '818');
INSERT INTO `museu`.`IndexingSubjects_SubjectTerms` (`IndexingSubject`, `SubjectTerm`) VALUES ('818', '5');
INSERT INTO `museu`.`IndexingSubjects_SubjectTerms` (`IndexingSubject`, `SubjectTerm`) VALUES ('818', '6');


INSERT INTO `museu`.`IndexingSubjects` (`id_indexingSubjects`, `Object_Work_Record`) VALUES ('819', '819');
INSERT INTO `museu`.`IndexingSubjects_SubjectTerms` (`IndexingSubject`, `SubjectTerm`) VALUES ('819', '5');
INSERT INTO `museu`.`IndexingSubjects_SubjectTerms` (`IndexingSubject`, `SubjectTerm`) VALUES ('819', '6');


INSERT INTO `museu`.`IndexingSubjects` (`id_indexingSubjects`, `Object_Work_Record`) VALUES ('820', '820');
INSERT INTO `museu`.`IndexingSubjects_SubjectTerms` (`IndexingSubject`, `SubjectTerm`) VALUES ('820', '5');
INSERT INTO `museu`.`IndexingSubjects_SubjectTerms` (`IndexingSubject`, `SubjectTerm`) VALUES ('820', '6');


INSERT INTO `museu`.`IndexingSubjects` (`id_indexingSubjects`, `Object_Work_Record`) VALUES ('821', '821');
INSERT INTO `museu`.`IndexingSubjects_SubjectTerms` (`IndexingSubject`, `SubjectTerm`) VALUES ('821', '5');
INSERT INTO `museu`.`IndexingSubjects_SubjectTerms` (`IndexingSubject`, `SubjectTerm`) VALUES ('821', '6');


INSERT INTO `museu`.`IndexingSubjects` (`id_indexingSubjects`, `Object_Work_Record`) VALUES ('822', '822');
INSERT INTO `museu`.`IndexingSubjects_SubjectTerms` (`IndexingSubject`, `SubjectTerm`) VALUES ('822', '5');
INSERT INTO `museu`.`IndexingSubjects_SubjectTerms` (`IndexingSubject`, `SubjectTerm`) VALUES ('822', '6');


INSERT INTO `museu`.`IndexingSubjects` (`id_indexingSubjects`, `Object_Work_Record`) VALUES ('823', '823');
INSERT INTO `museu`.`IndexingSubjects_SubjectTerms` (`IndexingSubject`, `SubjectTerm`) VALUES ('823', '5');
INSERT INTO `museu`.`IndexingSubjects_SubjectTerms` (`IndexingSubject`, `SubjectTerm`) VALUES ('823', '6');


INSERT INTO `museu`.`IndexingSubjects` (`id_indexingSubjects`, `Object_Work_Record`) VALUES ('824', '824');
INSERT INTO `museu`.`IndexingSubjects_SubjectTerms` (`IndexingSubject`, `SubjectTerm`) VALUES ('824', '5');
INSERT INTO `museu`.`IndexingSubjects_SubjectTerms` (`IndexingSubject`, `SubjectTerm`) VALUES ('824', '6');


INSERT INTO `museu`.`IndexingSubjects` (`id_indexingSubjects`, `Object_Work_Record`) VALUES ('825', '825');
INSERT INTO `museu`.`IndexingSubjects_SubjectTerms` (`IndexingSubject`, `SubjectTerm`) VALUES ('825', '5');
INSERT INTO `museu`.`IndexingSubjects_SubjectTerms` (`IndexingSubject`, `SubjectTerm`) VALUES ('825', '6');


INSERT INTO `museu`.`IndexingSubjects` (`id_indexingSubjects`, `Object_Work_Record`) VALUES ('826', '826');
INSERT INTO `museu`.`IndexingSubjects_SubjectTerms` (`IndexingSubject`, `SubjectTerm`) VALUES ('826', '5');
INSERT INTO `museu`.`IndexingSubjects_SubjectTerms` (`IndexingSubject`, `SubjectTerm`) VALUES ('826', '6');


INSERT INTO `museu`.`IndexingSubjects` (`id_indexingSubjects`, `Object_Work_Record`) VALUES ('827', '827');
INSERT INTO `museu`.`IndexingSubjects_SubjectTerms` (`IndexingSubject`, `SubjectTerm`) VALUES ('827', '5');
INSERT INTO `museu`.`IndexingSubjects_SubjectTerms` (`IndexingSubject`, `SubjectTerm`) VALUES ('827', '6');


INSERT INTO `museu`.`IndexingSubjects` (`id_indexingSubjects`, `Object_Work_Record`) VALUES ('828', '828');
INSERT INTO `museu`.`IndexingSubjects_SubjectTerms` (`IndexingSubject`, `SubjectTerm`) VALUES ('828', '5');
INSERT INTO `museu`.`IndexingSubjects_SubjectTerms` (`IndexingSubject`, `SubjectTerm`) VALUES ('828', '6');


INSERT INTO `museu`.`IndexingSubjects` (`id_indexingSubjects`, `Object_Work_Record`) VALUES ('829', '829');
INSERT INTO `museu`.`IndexingSubjects_SubjectTerms` (`IndexingSubject`, `SubjectTerm`) VALUES ('829', '5');
INSERT INTO `museu`.`IndexingSubjects_SubjectTerms` (`IndexingSubject`, `SubjectTerm`) VALUES ('829', '6');


INSERT INTO `museu`.`IndexingSubjects` (`id_indexingSubjects`, `Object_Work_Record`) VALUES ('830', '830');
INSERT INTO `museu`.`IndexingSubjects_SubjectTerms` (`IndexingSubject`, `SubjectTerm`) VALUES ('830', '5');
INSERT INTO `museu`.`IndexingSubjects_SubjectTerms` (`IndexingSubject`, `SubjectTerm`) VALUES ('830', '6');


INSERT INTO `museu`.`IndexingSubjects` (`id_indexingSubjects`, `Object_Work_Record`) VALUES ('831', '831');
INSERT INTO `museu`.`IndexingSubjects_SubjectTerms` (`IndexingSubject`, `SubjectTerm`) VALUES ('831', '5');
INSERT INTO `museu`.`IndexingSubjects_SubjectTerms` (`IndexingSubject`, `SubjectTerm`) VALUES ('831', '6');


INSERT INTO `museu`.`IndexingSubjects` (`id_indexingSubjects`, `Object_Work_Record`) VALUES ('832', '832');
INSERT INTO `museu`.`IndexingSubjects_SubjectTerms` (`IndexingSubject`, `SubjectTerm`) VALUES ('832', '5');
INSERT INTO `museu`.`IndexingSubjects_SubjectTerms` (`IndexingSubject`, `SubjectTerm`) VALUES ('832', '6');


INSERT INTO `museu`.`IndexingSubjects` (`id_indexingSubjects`, `Object_Work_Record`) VALUES ('833', '833');
INSERT INTO `museu`.`IndexingSubjects_SubjectTerms` (`IndexingSubject`, `SubjectTerm`) VALUES ('833', '5');
INSERT INTO `museu`.`IndexingSubjects_SubjectTerms` (`IndexingSubject`, `SubjectTerm`) VALUES ('833', '6');


INSERT INTO `museu`.`IndexingSubjects` (`id_indexingSubjects`, `Object_Work_Record`) VALUES ('834', '834');
INSERT INTO `museu`.`IndexingSubjects_SubjectTerms` (`IndexingSubject`, `SubjectTerm`) VALUES ('834', '5');
INSERT INTO `museu`.`IndexingSubjects_SubjectTerms` (`IndexingSubject`, `SubjectTerm`) VALUES ('834', '6');


INSERT INTO `museu`.`IndexingSubjects` (`id_indexingSubjects`, `Object_Work_Record`) VALUES ('835', '835');
INSERT INTO `museu`.`IndexingSubjects_SubjectTerms` (`IndexingSubject`, `SubjectTerm`) VALUES ('835', '5');
INSERT INTO `museu`.`IndexingSubjects_SubjectTerms` (`IndexingSubject`, `SubjectTerm`) VALUES ('835', '6');


INSERT INTO `museu`.`IndexingSubjects` (`id_indexingSubjects`, `Object_Work_Record`) VALUES ('836', '836');
INSERT INTO `museu`.`IndexingSubjects_SubjectTerms` (`IndexingSubject`, `SubjectTerm`) VALUES ('836', '5');
INSERT INTO `museu`.`IndexingSubjects_SubjectTerms` (`IndexingSubject`, `SubjectTerm`) VALUES ('836', '6');


INSERT INTO `museu`.`IndexingSubjects` (`id_indexingSubjects`, `Object_Work_Record`) VALUES ('837', '837');
INSERT INTO `museu`.`IndexingSubjects_SubjectTerms` (`IndexingSubject`, `SubjectTerm`) VALUES ('837', '5');
INSERT INTO `museu`.`IndexingSubjects_SubjectTerms` (`IndexingSubject`, `SubjectTerm`) VALUES ('837', '6');


INSERT INTO `museu`.`IndexingSubjects` (`id_indexingSubjects`, `Object_Work_Record`) VALUES ('838', '838');
INSERT INTO `museu`.`IndexingSubjects_SubjectTerms` (`IndexingSubject`, `SubjectTerm`) VALUES ('838', '5');
INSERT INTO `museu`.`IndexingSubjects_SubjectTerms` (`IndexingSubject`, `SubjectTerm`) VALUES ('838', '6');


INSERT INTO `museu`.`IndexingSubjects` (`id_indexingSubjects`, `Object_Work_Record`) VALUES ('839', '839');
INSERT INTO `museu`.`IndexingSubjects_SubjectTerms` (`IndexingSubject`, `SubjectTerm`) VALUES ('839', '5');
INSERT INTO `museu`.`IndexingSubjects_SubjectTerms` (`IndexingSubject`, `SubjectTerm`) VALUES ('839', '6');


INSERT INTO `museu`.`IndexingSubjects` (`id_indexingSubjects`, `Object_Work_Record`) VALUES ('840', '840');
INSERT INTO `museu`.`IndexingSubjects_SubjectTerms` (`IndexingSubject`, `SubjectTerm`) VALUES ('840', '5');
INSERT INTO `museu`.`IndexingSubjects_SubjectTerms` (`IndexingSubject`, `SubjectTerm`) VALUES ('840', '6');


INSERT INTO `museu`.`IndexingSubjects` (`id_indexingSubjects`, `Object_Work_Record`) VALUES ('841', '841');
INSERT INTO `museu`.`IndexingSubjects_SubjectTerms` (`IndexingSubject`, `SubjectTerm`) VALUES ('841', '5');
INSERT INTO `museu`.`IndexingSubjects_SubjectTerms` (`IndexingSubject`, `SubjectTerm`) VALUES ('841', '6');


INSERT INTO `museu`.`IndexingSubjects` (`id_indexingSubjects`, `Object_Work_Record`) VALUES ('842', '842');
INSERT INTO `museu`.`IndexingSubjects_SubjectTerms` (`IndexingSubject`, `SubjectTerm`) VALUES ('842', '5');
INSERT INTO `museu`.`IndexingSubjects_SubjectTerms` (`IndexingSubject`, `SubjectTerm`) VALUES ('842', '6');


INSERT INTO `museu`.`IndexingSubjects` (`id_indexingSubjects`, `Object_Work_Record`) VALUES ('843', '843');
INSERT INTO `museu`.`IndexingSubjects_SubjectTerms` (`IndexingSubject`, `SubjectTerm`) VALUES ('843', '5');
INSERT INTO `museu`.`IndexingSubjects_SubjectTerms` (`IndexingSubject`, `SubjectTerm`) VALUES ('843', '6');


INSERT INTO `museu`.`IndexingSubjects` (`id_indexingSubjects`, `Object_Work_Record`) VALUES ('844', '844');
INSERT INTO `museu`.`IndexingSubjects_SubjectTerms` (`IndexingSubject`, `SubjectTerm`) VALUES ('844', '5');
INSERT INTO `museu`.`IndexingSubjects_SubjectTerms` (`IndexingSubject`, `SubjectTerm`) VALUES ('844', '6');


INSERT INTO `museu`.`IndexingSubjects` (`id_indexingSubjects`, `Object_Work_Record`) VALUES ('845', '845');
INSERT INTO `museu`.`IndexingSubjects_SubjectTerms` (`IndexingSubject`, `SubjectTerm`) VALUES ('845', '5');
INSERT INTO `museu`.`IndexingSubjects_SubjectTerms` (`IndexingSubject`, `SubjectTerm`) VALUES ('845', '6');


INSERT INTO `museu`.`IndexingSubjects` (`id_indexingSubjects`, `Object_Work_Record`) VALUES ('846', '846');
INSERT INTO `museu`.`IndexingSubjects_SubjectTerms` (`IndexingSubject`, `SubjectTerm`) VALUES ('846', '5');
INSERT INTO `museu`.`IndexingSubjects_SubjectTerms` (`IndexingSubject`, `SubjectTerm`) VALUES ('846', '6');


INSERT INTO `museu`.`IndexingSubjects` (`id_indexingSubjects`, `Object_Work_Record`) VALUES ('847', '847');
INSERT INTO `museu`.`IndexingSubjects_SubjectTerms` (`IndexingSubject`, `SubjectTerm`) VALUES ('847', '5');
INSERT INTO `museu`.`IndexingSubjects_SubjectTerms` (`IndexingSubject`, `SubjectTerm`) VALUES ('847', '6');


INSERT INTO `museu`.`IndexingSubjects` (`id_indexingSubjects`, `Object_Work_Record`) VALUES ('848', '848');
INSERT INTO `museu`.`IndexingSubjects_SubjectTerms` (`IndexingSubject`, `SubjectTerm`) VALUES ('848', '5');
INSERT INTO `museu`.`IndexingSubjects_SubjectTerms` (`IndexingSubject`, `SubjectTerm`) VALUES ('848', '6');


INSERT INTO `museu`.`IndexingSubjects` (`id_indexingSubjects`, `Object_Work_Record`) VALUES ('849', '849');
INSERT INTO `museu`.`IndexingSubjects_SubjectTerms` (`IndexingSubject`, `SubjectTerm`) VALUES ('849', '5');
INSERT INTO `museu`.`IndexingSubjects_SubjectTerms` (`IndexingSubject`, `SubjectTerm`) VALUES ('849', '6');


INSERT INTO `museu`.`IndexingSubjects` (`id_indexingSubjects`, `Object_Work_Record`) VALUES ('850', '850');
INSERT INTO `museu`.`IndexingSubjects_SubjectTerms` (`IndexingSubject`, `SubjectTerm`) VALUES ('850', '5');
INSERT INTO `museu`.`IndexingSubjects_SubjectTerms` (`IndexingSubject`, `SubjectTerm`) VALUES ('850', '6');


INSERT INTO `museu`.`IndexingSubjects` (`id_indexingSubjects`, `Object_Work_Record`) VALUES ('851', '851');
INSERT INTO `museu`.`IndexingSubjects_SubjectTerms` (`IndexingSubject`, `SubjectTerm`) VALUES ('851', '5');
INSERT INTO `museu`.`IndexingSubjects_SubjectTerms` (`IndexingSubject`, `SubjectTerm`) VALUES ('851', '6');


INSERT INTO `museu`.`IndexingSubjects` (`id_indexingSubjects`, `Object_Work_Record`) VALUES ('852', '852');
INSERT INTO `museu`.`IndexingSubjects_SubjectTerms` (`IndexingSubject`, `SubjectTerm`) VALUES ('852', '5');
INSERT INTO `museu`.`IndexingSubjects_SubjectTerms` (`IndexingSubject`, `SubjectTerm`) VALUES ('852', '6');


INSERT INTO `museu`.`IndexingSubjects` (`id_indexingSubjects`, `Object_Work_Record`) VALUES ('853', '853');
INSERT INTO `museu`.`IndexingSubjects_SubjectTerms` (`IndexingSubject`, `SubjectTerm`) VALUES ('853', '5');
INSERT INTO `museu`.`IndexingSubjects_SubjectTerms` (`IndexingSubject`, `SubjectTerm`) VALUES ('853', '6');


INSERT INTO `museu`.`IndexingSubjects` (`id_indexingSubjects`, `Object_Work_Record`) VALUES ('854', '854');
INSERT INTO `museu`.`IndexingSubjects_SubjectTerms` (`IndexingSubject`, `SubjectTerm`) VALUES ('854', '5');
INSERT INTO `museu`.`IndexingSubjects_SubjectTerms` (`IndexingSubject`, `SubjectTerm`) VALUES ('854', '6');


INSERT INTO `museu`.`IndexingSubjects` (`id_indexingSubjects`, `Object_Work_Record`) VALUES ('855', '855');
INSERT INTO `museu`.`IndexingSubjects_SubjectTerms` (`IndexingSubject`, `SubjectTerm`) VALUES ('855', '5');
INSERT INTO `museu`.`IndexingSubjects_SubjectTerms` (`IndexingSubject`, `SubjectTerm`) VALUES ('855', '6');


INSERT INTO `museu`.`IndexingSubjects` (`id_indexingSubjects`, `Object_Work_Record`) VALUES ('856', '856');
INSERT INTO `museu`.`IndexingSubjects_SubjectTerms` (`IndexingSubject`, `SubjectTerm`) VALUES ('856', '5');
INSERT INTO `museu`.`IndexingSubjects_SubjectTerms` (`IndexingSubject`, `SubjectTerm`) VALUES ('856', '6');


INSERT INTO `museu`.`IndexingSubjects` (`id_indexingSubjects`, `Object_Work_Record`) VALUES ('857', '857');
INSERT INTO `museu`.`IndexingSubjects_SubjectTerms` (`IndexingSubject`, `SubjectTerm`) VALUES ('857', '5');
INSERT INTO `museu`.`IndexingSubjects_SubjectTerms` (`IndexingSubject`, `SubjectTerm`) VALUES ('857', '6');


INSERT INTO `museu`.`IndexingSubjects` (`id_indexingSubjects`, `Object_Work_Record`) VALUES ('858', '858');
INSERT INTO `museu`.`IndexingSubjects_SubjectTerms` (`IndexingSubject`, `SubjectTerm`) VALUES ('858', '5');
INSERT INTO `museu`.`IndexingSubjects_SubjectTerms` (`IndexingSubject`, `SubjectTerm`) VALUES ('858', '6');


INSERT INTO `museu`.`IndexingSubjects` (`id_indexingSubjects`, `Object_Work_Record`) VALUES ('859', '859');
INSERT INTO `museu`.`IndexingSubjects_SubjectTerms` (`IndexingSubject`, `SubjectTerm`) VALUES ('859', '5');
INSERT INTO `museu`.`IndexingSubjects_SubjectTerms` (`IndexingSubject`, `SubjectTerm`) VALUES ('859', '6');


INSERT INTO `museu`.`IndexingSubjects` (`id_indexingSubjects`, `Object_Work_Record`) VALUES ('860', '860');
INSERT INTO `museu`.`IndexingSubjects_SubjectTerms` (`IndexingSubject`, `SubjectTerm`) VALUES ('860', '5');
INSERT INTO `museu`.`IndexingSubjects_SubjectTerms` (`IndexingSubject`, `SubjectTerm`) VALUES ('860', '6');


INSERT INTO `museu`.`IndexingSubjects` (`id_indexingSubjects`, `Object_Work_Record`) VALUES ('861', '861');
INSERT INTO `museu`.`IndexingSubjects_SubjectTerms` (`IndexingSubject`, `SubjectTerm`) VALUES ('861', '5');
INSERT INTO `museu`.`IndexingSubjects_SubjectTerms` (`IndexingSubject`, `SubjectTerm`) VALUES ('861', '6');


INSERT INTO `museu`.`IndexingSubjects` (`id_indexingSubjects`, `Object_Work_Record`) VALUES ('862', '862');
INSERT INTO `museu`.`IndexingSubjects_SubjectTerms` (`IndexingSubject`, `SubjectTerm`) VALUES ('862', '5');
INSERT INTO `museu`.`IndexingSubjects_SubjectTerms` (`IndexingSubject`, `SubjectTerm`) VALUES ('862', '6');


INSERT INTO `museu`.`IndexingSubjects` (`id_indexingSubjects`, `Object_Work_Record`) VALUES ('863', '863');
INSERT INTO `museu`.`IndexingSubjects_SubjectTerms` (`IndexingSubject`, `SubjectTerm`) VALUES ('863', '5');
INSERT INTO `museu`.`IndexingSubjects_SubjectTerms` (`IndexingSubject`, `SubjectTerm`) VALUES ('863', '6');


INSERT INTO `museu`.`IndexingSubjects` (`id_indexingSubjects`, `Object_Work_Record`) VALUES ('864', '864');
INSERT INTO `museu`.`IndexingSubjects_SubjectTerms` (`IndexingSubject`, `SubjectTerm`) VALUES ('864', '5');
INSERT INTO `museu`.`IndexingSubjects_SubjectTerms` (`IndexingSubject`, `SubjectTerm`) VALUES ('864', '6');


INSERT INTO `museu`.`IndexingSubjects` (`id_indexingSubjects`, `Object_Work_Record`) VALUES ('865', '865');
INSERT INTO `museu`.`IndexingSubjects_SubjectTerms` (`IndexingSubject`, `SubjectTerm`) VALUES ('865', '5');
INSERT INTO `museu`.`IndexingSubjects_SubjectTerms` (`IndexingSubject`, `SubjectTerm`) VALUES ('865', '6');


INSERT INTO `museu`.`IndexingSubjects` (`id_indexingSubjects`, `Object_Work_Record`) VALUES ('866', '866');
INSERT INTO `museu`.`IndexingSubjects_SubjectTerms` (`IndexingSubject`, `SubjectTerm`) VALUES ('866', '5');
INSERT INTO `museu`.`IndexingSubjects_SubjectTerms` (`IndexingSubject`, `SubjectTerm`) VALUES ('866', '6');


INSERT INTO `museu`.`IndexingSubjects` (`id_indexingSubjects`, `Object_Work_Record`) VALUES ('867', '867');
INSERT INTO `museu`.`IndexingSubjects_SubjectTerms` (`IndexingSubject`, `SubjectTerm`) VALUES ('867', '5');
INSERT INTO `museu`.`IndexingSubjects_SubjectTerms` (`IndexingSubject`, `SubjectTerm`) VALUES ('867', '6');


INSERT INTO `museu`.`IndexingSubjects` (`id_indexingSubjects`, `Object_Work_Record`) VALUES ('868', '868');
INSERT INTO `museu`.`IndexingSubjects_SubjectTerms` (`IndexingSubject`, `SubjectTerm`) VALUES ('868', '5');
INSERT INTO `museu`.`IndexingSubjects_SubjectTerms` (`IndexingSubject`, `SubjectTerm`) VALUES ('868', '6');


INSERT INTO `museu`.`IndexingSubjects` (`id_indexingSubjects`, `Object_Work_Record`) VALUES ('869', '869');
INSERT INTO `museu`.`IndexingSubjects_SubjectTerms` (`IndexingSubject`, `SubjectTerm`) VALUES ('869', '5');
INSERT INTO `museu`.`IndexingSubjects_SubjectTerms` (`IndexingSubject`, `SubjectTerm`) VALUES ('869', '6');


INSERT INTO `museu`.`IndexingSubjects` (`id_indexingSubjects`, `Object_Work_Record`) VALUES ('870', '870');
INSERT INTO `museu`.`IndexingSubjects_SubjectTerms` (`IndexingSubject`, `SubjectTerm`) VALUES ('870', '5');
INSERT INTO `museu`.`IndexingSubjects_SubjectTerms` (`IndexingSubject`, `SubjectTerm`) VALUES ('870', '6');


INSERT INTO `museu`.`IndexingSubjects` (`id_indexingSubjects`, `Object_Work_Record`) VALUES ('871', '871');
INSERT INTO `museu`.`IndexingSubjects_SubjectTerms` (`IndexingSubject`, `SubjectTerm`) VALUES ('871', '5');
INSERT INTO `museu`.`IndexingSubjects_SubjectTerms` (`IndexingSubject`, `SubjectTerm`) VALUES ('871', '6');


INSERT INTO `museu`.`IndexingSubjects` (`id_indexingSubjects`, `Object_Work_Record`) VALUES ('872', '872');
INSERT INTO `museu`.`IndexingSubjects_SubjectTerms` (`IndexingSubject`, `SubjectTerm`) VALUES ('872', '5');
INSERT INTO `museu`.`IndexingSubjects_SubjectTerms` (`IndexingSubject`, `SubjectTerm`) VALUES ('872', '6');


INSERT INTO `museu`.`IndexingSubjects` (`id_indexingSubjects`, `Object_Work_Record`) VALUES ('873', '873');
INSERT INTO `museu`.`IndexingSubjects_SubjectTerms` (`IndexingSubject`, `SubjectTerm`) VALUES ('873', '5');
INSERT INTO `museu`.`IndexingSubjects_SubjectTerms` (`IndexingSubject`, `SubjectTerm`) VALUES ('873', '6');


INSERT INTO `museu`.`IndexingSubjects` (`id_indexingSubjects`, `Object_Work_Record`) VALUES ('874', '874');
INSERT INTO `museu`.`IndexingSubjects_SubjectTerms` (`IndexingSubject`, `SubjectTerm`) VALUES ('874', '5');
INSERT INTO `museu`.`IndexingSubjects_SubjectTerms` (`IndexingSubject`, `SubjectTerm`) VALUES ('874', '6');


INSERT INTO `museu`.`IndexingSubjects` (`id_indexingSubjects`, `Object_Work_Record`) VALUES ('875', '875');
INSERT INTO `museu`.`IndexingSubjects_SubjectTerms` (`IndexingSubject`, `SubjectTerm`) VALUES ('875', '5');
INSERT INTO `museu`.`IndexingSubjects_SubjectTerms` (`IndexingSubject`, `SubjectTerm`) VALUES ('875', '6');


INSERT INTO `museu`.`IndexingSubjects` (`id_indexingSubjects`, `Object_Work_Record`) VALUES ('876', '876');
INSERT INTO `museu`.`IndexingSubjects_SubjectTerms` (`IndexingSubject`, `SubjectTerm`) VALUES ('876', '5');
INSERT INTO `museu`.`IndexingSubjects_SubjectTerms` (`IndexingSubject`, `SubjectTerm`) VALUES ('876', '6');


INSERT INTO `museu`.`IndexingSubjects` (`id_indexingSubjects`, `Object_Work_Record`) VALUES ('877', '877');
INSERT INTO `museu`.`IndexingSubjects_SubjectTerms` (`IndexingSubject`, `SubjectTerm`) VALUES ('877', '5');
INSERT INTO `museu`.`IndexingSubjects_SubjectTerms` (`IndexingSubject`, `SubjectTerm`) VALUES ('877', '6');


INSERT INTO `museu`.`IndexingSubjects` (`id_indexingSubjects`, `Object_Work_Record`) VALUES ('878', '878');
INSERT INTO `museu`.`IndexingSubjects_SubjectTerms` (`IndexingSubject`, `SubjectTerm`) VALUES ('878', '5');
INSERT INTO `museu`.`IndexingSubjects_SubjectTerms` (`IndexingSubject`, `SubjectTerm`) VALUES ('878', '6');


INSERT INTO `museu`.`IndexingSubjects` (`id_indexingSubjects`, `Object_Work_Record`) VALUES ('879', '879');
INSERT INTO `museu`.`IndexingSubjects_SubjectTerms` (`IndexingSubject`, `SubjectTerm`) VALUES ('879', '5');
INSERT INTO `museu`.`IndexingSubjects_SubjectTerms` (`IndexingSubject`, `SubjectTerm`) VALUES ('879', '6');


INSERT INTO `museu`.`IndexingSubjects` (`id_indexingSubjects`, `Object_Work_Record`) VALUES ('880', '880');
INSERT INTO `museu`.`IndexingSubjects_SubjectTerms` (`IndexingSubject`, `SubjectTerm`) VALUES ('880', '5');
INSERT INTO `museu`.`IndexingSubjects_SubjectTerms` (`IndexingSubject`, `SubjectTerm`) VALUES ('880', '6');


INSERT INTO `museu`.`IndexingSubjects` (`id_indexingSubjects`, `Object_Work_Record`) VALUES ('881', '881');
INSERT INTO `museu`.`IndexingSubjects_SubjectTerms` (`IndexingSubject`, `SubjectTerm`) VALUES ('881', '5');
INSERT INTO `museu`.`IndexingSubjects_SubjectTerms` (`IndexingSubject`, `SubjectTerm`) VALUES ('881', '6');


INSERT INTO `museu`.`IndexingSubjects` (`id_indexingSubjects`, `Object_Work_Record`) VALUES ('882', '882');
INSERT INTO `museu`.`IndexingSubjects_SubjectTerms` (`IndexingSubject`, `SubjectTerm`) VALUES ('882', '5');
INSERT INTO `museu`.`IndexingSubjects_SubjectTerms` (`IndexingSubject`, `SubjectTerm`) VALUES ('882', '6');


INSERT INTO `museu`.`IndexingSubjects` (`id_indexingSubjects`, `Object_Work_Record`) VALUES ('883', '883');
INSERT INTO `museu`.`IndexingSubjects_SubjectTerms` (`IndexingSubject`, `SubjectTerm`) VALUES ('883', '5');
INSERT INTO `museu`.`IndexingSubjects_SubjectTerms` (`IndexingSubject`, `SubjectTerm`) VALUES ('883', '6');


INSERT INTO `museu`.`IndexingSubjects` (`id_indexingSubjects`, `Object_Work_Record`) VALUES ('884', '884');
INSERT INTO `museu`.`IndexingSubjects_SubjectTerms` (`IndexingSubject`, `SubjectTerm`) VALUES ('884', '5');
INSERT INTO `museu`.`IndexingSubjects_SubjectTerms` (`IndexingSubject`, `SubjectTerm`) VALUES ('884', '6');


INSERT INTO `museu`.`IndexingSubjects` (`id_indexingSubjects`, `Object_Work_Record`) VALUES ('885', '885');
INSERT INTO `museu`.`IndexingSubjects_SubjectTerms` (`IndexingSubject`, `SubjectTerm`) VALUES ('885', '5');
INSERT INTO `museu`.`IndexingSubjects_SubjectTerms` (`IndexingSubject`, `SubjectTerm`) VALUES ('885', '6');


INSERT INTO `museu`.`IndexingSubjects` (`id_indexingSubjects`, `Object_Work_Record`) VALUES ('886', '886');
INSERT INTO `museu`.`IndexingSubjects_SubjectTerms` (`IndexingSubject`, `SubjectTerm`) VALUES ('886', '5');
INSERT INTO `museu`.`IndexingSubjects_SubjectTerms` (`IndexingSubject`, `SubjectTerm`) VALUES ('886', '6');


INSERT INTO `museu`.`IndexingSubjects` (`id_indexingSubjects`, `Object_Work_Record`) VALUES ('887', '887');
INSERT INTO `museu`.`IndexingSubjects_SubjectTerms` (`IndexingSubject`, `SubjectTerm`) VALUES ('887', '5');
INSERT INTO `museu`.`IndexingSubjects_SubjectTerms` (`IndexingSubject`, `SubjectTerm`) VALUES ('887', '6');


INSERT INTO `museu`.`IndexingSubjects` (`id_indexingSubjects`, `Object_Work_Record`) VALUES ('888', '888');
INSERT INTO `museu`.`IndexingSubjects_SubjectTerms` (`IndexingSubject`, `SubjectTerm`) VALUES ('888', '5');
INSERT INTO `museu`.`IndexingSubjects_SubjectTerms` (`IndexingSubject`, `SubjectTerm`) VALUES ('888', '6');


INSERT INTO `museu`.`IndexingSubjects` (`id_indexingSubjects`, `Object_Work_Record`) VALUES ('889', '889');
INSERT INTO `museu`.`IndexingSubjects_SubjectTerms` (`IndexingSubject`, `SubjectTerm`) VALUES ('889', '5');
INSERT INTO `museu`.`IndexingSubjects_SubjectTerms` (`IndexingSubject`, `SubjectTerm`) VALUES ('889', '6');


INSERT INTO `museu`.`IndexingSubjects` (`id_indexingSubjects`, `Object_Work_Record`) VALUES ('890', '890');
INSERT INTO `museu`.`IndexingSubjects_SubjectTerms` (`IndexingSubject`, `SubjectTerm`) VALUES ('890', '5');
INSERT INTO `museu`.`IndexingSubjects_SubjectTerms` (`IndexingSubject`, `SubjectTerm`) VALUES ('890', '6');


INSERT INTO `museu`.`IndexingSubjects` (`id_indexingSubjects`, `Object_Work_Record`) VALUES ('891', '891');
INSERT INTO `museu`.`IndexingSubjects_SubjectTerms` (`IndexingSubject`, `SubjectTerm`) VALUES ('891', '5');
INSERT INTO `museu`.`IndexingSubjects_SubjectTerms` (`IndexingSubject`, `SubjectTerm`) VALUES ('891', '6');


INSERT INTO `museu`.`IndexingSubjects` (`id_indexingSubjects`, `Object_Work_Record`) VALUES ('892', '892');
INSERT INTO `museu`.`IndexingSubjects_SubjectTerms` (`IndexingSubject`, `SubjectTerm`) VALUES ('892', '5');
INSERT INTO `museu`.`IndexingSubjects_SubjectTerms` (`IndexingSubject`, `SubjectTerm`) VALUES ('892', '6');


INSERT INTO `museu`.`IndexingSubjects` (`id_indexingSubjects`, `Object_Work_Record`) VALUES ('893', '893');
INSERT INTO `museu`.`IndexingSubjects_SubjectTerms` (`IndexingSubject`, `SubjectTerm`) VALUES ('893', '5');
INSERT INTO `museu`.`IndexingSubjects_SubjectTerms` (`IndexingSubject`, `SubjectTerm`) VALUES ('893', '6');


INSERT INTO `museu`.`IndexingSubjects` (`id_indexingSubjects`, `Object_Work_Record`) VALUES ('894', '894');
INSERT INTO `museu`.`IndexingSubjects_SubjectTerms` (`IndexingSubject`, `SubjectTerm`) VALUES ('894', '5');
INSERT INTO `museu`.`IndexingSubjects_SubjectTerms` (`IndexingSubject`, `SubjectTerm`) VALUES ('894', '6');


INSERT INTO `museu`.`IndexingSubjects` (`id_indexingSubjects`, `Object_Work_Record`) VALUES ('895', '895');
INSERT INTO `museu`.`IndexingSubjects_SubjectTerms` (`IndexingSubject`, `SubjectTerm`) VALUES ('895', '5');
INSERT INTO `museu`.`IndexingSubjects_SubjectTerms` (`IndexingSubject`, `SubjectTerm`) VALUES ('895', '6');


INSERT INTO `museu`.`IndexingSubjects` (`id_indexingSubjects`, `Object_Work_Record`) VALUES ('896', '896');
INSERT INTO `museu`.`IndexingSubjects_SubjectTerms` (`IndexingSubject`, `SubjectTerm`) VALUES ('896', '5');
INSERT INTO `museu`.`IndexingSubjects_SubjectTerms` (`IndexingSubject`, `SubjectTerm`) VALUES ('896', '6');


INSERT INTO `museu`.`IndexingSubjects` (`id_indexingSubjects`, `Object_Work_Record`) VALUES ('897', '897');
INSERT INTO `museu`.`IndexingSubjects_SubjectTerms` (`IndexingSubject`, `SubjectTerm`) VALUES ('897', '5');
INSERT INTO `museu`.`IndexingSubjects_SubjectTerms` (`IndexingSubject`, `SubjectTerm`) VALUES ('897', '6');


INSERT INTO `museu`.`IndexingSubjects` (`id_indexingSubjects`, `Object_Work_Record`) VALUES ('898', '898');
INSERT INTO `museu`.`IndexingSubjects_SubjectTerms` (`IndexingSubject`, `SubjectTerm`) VALUES ('898', '5');
INSERT INTO `museu`.`IndexingSubjects_SubjectTerms` (`IndexingSubject`, `SubjectTerm`) VALUES ('898', '6');


INSERT INTO `museu`.`IndexingSubjects` (`id_indexingSubjects`, `Object_Work_Record`) VALUES ('899', '899');
INSERT INTO `museu`.`IndexingSubjects_SubjectTerms` (`IndexingSubject`, `SubjectTerm`) VALUES ('899', '5');
INSERT INTO `museu`.`IndexingSubjects_SubjectTerms` (`IndexingSubject`, `SubjectTerm`) VALUES ('899', '6');


INSERT INTO `museu`.`IndexingSubjects` (`id_indexingSubjects`, `Object_Work_Record`) VALUES ('900', '900');
INSERT INTO `museu`.`IndexingSubjects_SubjectTerms` (`IndexingSubject`, `SubjectTerm`) VALUES ('900', '5');
INSERT INTO `museu`.`IndexingSubjects_SubjectTerms` (`IndexingSubject`, `SubjectTerm`) VALUES ('900', '6');


INSERT INTO `museu`.`IndexingSubjects` (`id_indexingSubjects`, `Object_Work_Record`) VALUES ('901', '901');
INSERT INTO `museu`.`IndexingSubjects_SubjectTerms` (`IndexingSubject`, `SubjectTerm`) VALUES ('901', '5');
INSERT INTO `museu`.`IndexingSubjects_SubjectTerms` (`IndexingSubject`, `SubjectTerm`) VALUES ('901', '6');


INSERT INTO `museu`.`IndexingSubjects` (`id_indexingSubjects`, `Object_Work_Record`) VALUES ('902', '902');
INSERT INTO `museu`.`IndexingSubjects_SubjectTerms` (`IndexingSubject`, `SubjectTerm`) VALUES ('902', '5');
INSERT INTO `museu`.`IndexingSubjects_SubjectTerms` (`IndexingSubject`, `SubjectTerm`) VALUES ('902', '6');


INSERT INTO `museu`.`IndexingSubjects` (`id_indexingSubjects`, `Object_Work_Record`) VALUES ('903', '903');
INSERT INTO `museu`.`IndexingSubjects_SubjectTerms` (`IndexingSubject`, `SubjectTerm`) VALUES ('903', '5');
INSERT INTO `museu`.`IndexingSubjects_SubjectTerms` (`IndexingSubject`, `SubjectTerm`) VALUES ('903', '6');


INSERT INTO `museu`.`IndexingSubjects` (`id_indexingSubjects`, `Object_Work_Record`) VALUES ('904', '904');
INSERT INTO `museu`.`IndexingSubjects_SubjectTerms` (`IndexingSubject`, `SubjectTerm`) VALUES ('904', '5');
INSERT INTO `museu`.`IndexingSubjects_SubjectTerms` (`IndexingSubject`, `SubjectTerm`) VALUES ('904', '6');


INSERT INTO `museu`.`IndexingSubjects` (`id_indexingSubjects`, `Object_Work_Record`) VALUES ('905', '905');
INSERT INTO `museu`.`IndexingSubjects_SubjectTerms` (`IndexingSubject`, `SubjectTerm`) VALUES ('905', '5');
INSERT INTO `museu`.`IndexingSubjects_SubjectTerms` (`IndexingSubject`, `SubjectTerm`) VALUES ('905', '6');


INSERT INTO `museu`.`IndexingSubjects` (`id_indexingSubjects`, `Object_Work_Record`) VALUES ('906', '906');
INSERT INTO `museu`.`IndexingSubjects_SubjectTerms` (`IndexingSubject`, `SubjectTerm`) VALUES ('906', '5');
INSERT INTO `museu`.`IndexingSubjects_SubjectTerms` (`IndexingSubject`, `SubjectTerm`) VALUES ('906', '6');


INSERT INTO `museu`.`IndexingSubjects` (`id_indexingSubjects`, `Object_Work_Record`) VALUES ('907', '907');
INSERT INTO `museu`.`IndexingSubjects_SubjectTerms` (`IndexingSubject`, `SubjectTerm`) VALUES ('907', '5');
INSERT INTO `museu`.`IndexingSubjects_SubjectTerms` (`IndexingSubject`, `SubjectTerm`) VALUES ('907', '6');


INSERT INTO `museu`.`IndexingSubjects` (`id_indexingSubjects`, `Object_Work_Record`) VALUES ('908', '908');
INSERT INTO `museu`.`IndexingSubjects_SubjectTerms` (`IndexingSubject`, `SubjectTerm`) VALUES ('908', '5');
INSERT INTO `museu`.`IndexingSubjects_SubjectTerms` (`IndexingSubject`, `SubjectTerm`) VALUES ('908', '6');


INSERT INTO `museu`.`IndexingSubjects` (`id_indexingSubjects`, `Object_Work_Record`) VALUES ('909', '909');
INSERT INTO `museu`.`IndexingSubjects_SubjectTerms` (`IndexingSubject`, `SubjectTerm`) VALUES ('909', '5');
INSERT INTO `museu`.`IndexingSubjects_SubjectTerms` (`IndexingSubject`, `SubjectTerm`) VALUES ('909', '6');


INSERT INTO `museu`.`IndexingSubjects` (`id_indexingSubjects`, `Object_Work_Record`) VALUES ('910', '910');
INSERT INTO `museu`.`IndexingSubjects_SubjectTerms` (`IndexingSubject`, `SubjectTerm`) VALUES ('910', '5');
INSERT INTO `museu`.`IndexingSubjects_SubjectTerms` (`IndexingSubject`, `SubjectTerm`) VALUES ('910', '6');


INSERT INTO `museu`.`IndexingSubjects` (`id_indexingSubjects`, `Object_Work_Record`) VALUES ('911', '911');
INSERT INTO `museu`.`IndexingSubjects_SubjectTerms` (`IndexingSubject`, `SubjectTerm`) VALUES ('911', '5');
INSERT INTO `museu`.`IndexingSubjects_SubjectTerms` (`IndexingSubject`, `SubjectTerm`) VALUES ('911', '6');


INSERT INTO `museu`.`IndexingSubjects` (`id_indexingSubjects`, `Object_Work_Record`) VALUES ('912', '912');
INSERT INTO `museu`.`IndexingSubjects_SubjectTerms` (`IndexingSubject`, `SubjectTerm`) VALUES ('912', '5');
INSERT INTO `museu`.`IndexingSubjects_SubjectTerms` (`IndexingSubject`, `SubjectTerm`) VALUES ('912', '6');


INSERT INTO `museu`.`IndexingSubjects` (`id_indexingSubjects`, `Object_Work_Record`) VALUES ('913', '913');
INSERT INTO `museu`.`IndexingSubjects_SubjectTerms` (`IndexingSubject`, `SubjectTerm`) VALUES ('913', '5');
INSERT INTO `museu`.`IndexingSubjects_SubjectTerms` (`IndexingSubject`, `SubjectTerm`) VALUES ('913', '6');


INSERT INTO `museu`.`IndexingSubjects` (`id_indexingSubjects`, `Object_Work_Record`) VALUES ('914', '914');
INSERT INTO `museu`.`IndexingSubjects_SubjectTerms` (`IndexingSubject`, `SubjectTerm`) VALUES ('914', '5');
INSERT INTO `museu`.`IndexingSubjects_SubjectTerms` (`IndexingSubject`, `SubjectTerm`) VALUES ('914', '6');


INSERT INTO `museu`.`IndexingSubjects` (`id_indexingSubjects`, `Object_Work_Record`) VALUES ('915', '915');
INSERT INTO `museu`.`IndexingSubjects_SubjectTerms` (`IndexingSubject`, `SubjectTerm`) VALUES ('915', '5');
INSERT INTO `museu`.`IndexingSubjects_SubjectTerms` (`IndexingSubject`, `SubjectTerm`) VALUES ('915', '6');


INSERT INTO `museu`.`IndexingSubjects` (`id_indexingSubjects`, `Object_Work_Record`) VALUES ('916', '916');
INSERT INTO `museu`.`IndexingSubjects_SubjectTerms` (`IndexingSubject`, `SubjectTerm`) VALUES ('916', '5');
INSERT INTO `museu`.`IndexingSubjects_SubjectTerms` (`IndexingSubject`, `SubjectTerm`) VALUES ('916', '6');


INSERT INTO `museu`.`IndexingSubjects` (`id_indexingSubjects`, `Object_Work_Record`) VALUES ('917', '917');
INSERT INTO `museu`.`IndexingSubjects_SubjectTerms` (`IndexingSubject`, `SubjectTerm`) VALUES ('917', '5');
INSERT INTO `museu`.`IndexingSubjects_SubjectTerms` (`IndexingSubject`, `SubjectTerm`) VALUES ('917', '6');


INSERT INTO `museu`.`IndexingSubjects` (`id_indexingSubjects`, `Object_Work_Record`) VALUES ('918', '918');
INSERT INTO `museu`.`IndexingSubjects_SubjectTerms` (`IndexingSubject`, `SubjectTerm`) VALUES ('918', '5');
INSERT INTO `museu`.`IndexingSubjects_SubjectTerms` (`IndexingSubject`, `SubjectTerm`) VALUES ('918', '6');


INSERT INTO `museu`.`IndexingSubjects` (`id_indexingSubjects`, `Object_Work_Record`) VALUES ('919', '919');
INSERT INTO `museu`.`IndexingSubjects_SubjectTerms` (`IndexingSubject`, `SubjectTerm`) VALUES ('919', '5');
INSERT INTO `museu`.`IndexingSubjects_SubjectTerms` (`IndexingSubject`, `SubjectTerm`) VALUES ('919', '6');


INSERT INTO `museu`.`IndexingSubjects` (`id_indexingSubjects`, `Object_Work_Record`) VALUES ('920', '920');
INSERT INTO `museu`.`IndexingSubjects_SubjectTerms` (`IndexingSubject`, `SubjectTerm`) VALUES ('920', '5');
INSERT INTO `museu`.`IndexingSubjects_SubjectTerms` (`IndexingSubject`, `SubjectTerm`) VALUES ('920', '6');


INSERT INTO `museu`.`IndexingSubjects` (`id_indexingSubjects`, `Object_Work_Record`) VALUES ('921', '921');
INSERT INTO `museu`.`IndexingSubjects_SubjectTerms` (`IndexingSubject`, `SubjectTerm`) VALUES ('921', '5');
INSERT INTO `museu`.`IndexingSubjects_SubjectTerms` (`IndexingSubject`, `SubjectTerm`) VALUES ('921', '6');


INSERT INTO `museu`.`IndexingSubjects` (`id_indexingSubjects`, `Object_Work_Record`) VALUES ('922', '922');
INSERT INTO `museu`.`IndexingSubjects_SubjectTerms` (`IndexingSubject`, `SubjectTerm`) VALUES ('922', '5');
INSERT INTO `museu`.`IndexingSubjects_SubjectTerms` (`IndexingSubject`, `SubjectTerm`) VALUES ('922', '6');


INSERT INTO `museu`.`IndexingSubjects` (`id_indexingSubjects`, `Object_Work_Record`) VALUES ('923', '923');
INSERT INTO `museu`.`IndexingSubjects_SubjectTerms` (`IndexingSubject`, `SubjectTerm`) VALUES ('923', '5');
INSERT INTO `museu`.`IndexingSubjects_SubjectTerms` (`IndexingSubject`, `SubjectTerm`) VALUES ('923', '6');


INSERT INTO `museu`.`IndexingSubjects` (`id_indexingSubjects`, `Object_Work_Record`) VALUES ('924', '924');
INSERT INTO `museu`.`IndexingSubjects_SubjectTerms` (`IndexingSubject`, `SubjectTerm`) VALUES ('924', '5');
INSERT INTO `museu`.`IndexingSubjects_SubjectTerms` (`IndexingSubject`, `SubjectTerm`) VALUES ('924', '6');


INSERT INTO `museu`.`IndexingSubjects` (`id_indexingSubjects`, `Object_Work_Record`) VALUES ('925', '925');
INSERT INTO `museu`.`IndexingSubjects_SubjectTerms` (`IndexingSubject`, `SubjectTerm`) VALUES ('925', '5');
INSERT INTO `museu`.`IndexingSubjects_SubjectTerms` (`IndexingSubject`, `SubjectTerm`) VALUES ('925', '6');


INSERT INTO `museu`.`IndexingSubjects` (`id_indexingSubjects`, `Object_Work_Record`) VALUES ('926', '926');
INSERT INTO `museu`.`IndexingSubjects_SubjectTerms` (`IndexingSubject`, `SubjectTerm`) VALUES ('926', '5');
INSERT INTO `museu`.`IndexingSubjects_SubjectTerms` (`IndexingSubject`, `SubjectTerm`) VALUES ('926', '6');


INSERT INTO `museu`.`IndexingSubjects` (`id_indexingSubjects`, `Object_Work_Record`) VALUES ('927', '927');
INSERT INTO `museu`.`IndexingSubjects_SubjectTerms` (`IndexingSubject`, `SubjectTerm`) VALUES ('927', '5');
INSERT INTO `museu`.`IndexingSubjects_SubjectTerms` (`IndexingSubject`, `SubjectTerm`) VALUES ('927', '6');


INSERT INTO `museu`.`IndexingSubjects` (`id_indexingSubjects`, `Object_Work_Record`) VALUES ('928', '928');
INSERT INTO `museu`.`IndexingSubjects_SubjectTerms` (`IndexingSubject`, `SubjectTerm`) VALUES ('928', '5');
INSERT INTO `museu`.`IndexingSubjects_SubjectTerms` (`IndexingSubject`, `SubjectTerm`) VALUES ('928', '6');


INSERT INTO `museu`.`IndexingSubjects` (`id_indexingSubjects`, `Object_Work_Record`) VALUES ('929', '929');
INSERT INTO `museu`.`IndexingSubjects_SubjectTerms` (`IndexingSubject`, `SubjectTerm`) VALUES ('929', '5');
INSERT INTO `museu`.`IndexingSubjects_SubjectTerms` (`IndexingSubject`, `SubjectTerm`) VALUES ('929', '6');


INSERT INTO `museu`.`IndexingSubjects` (`id_indexingSubjects`, `Object_Work_Record`) VALUES ('930', '930');
INSERT INTO `museu`.`IndexingSubjects_SubjectTerms` (`IndexingSubject`, `SubjectTerm`) VALUES ('930', '5');
INSERT INTO `museu`.`IndexingSubjects_SubjectTerms` (`IndexingSubject`, `SubjectTerm`) VALUES ('930', '6');


INSERT INTO `museu`.`IndexingSubjects` (`id_indexingSubjects`, `Object_Work_Record`) VALUES ('931', '931');
INSERT INTO `museu`.`IndexingSubjects_SubjectTerms` (`IndexingSubject`, `SubjectTerm`) VALUES ('931', '5');
INSERT INTO `museu`.`IndexingSubjects_SubjectTerms` (`IndexingSubject`, `SubjectTerm`) VALUES ('931', '6');


INSERT INTO `museu`.`IndexingSubjects` (`id_indexingSubjects`, `Object_Work_Record`) VALUES ('932', '932');
INSERT INTO `museu`.`IndexingSubjects_SubjectTerms` (`IndexingSubject`, `SubjectTerm`) VALUES ('932', '5');
INSERT INTO `museu`.`IndexingSubjects_SubjectTerms` (`IndexingSubject`, `SubjectTerm`) VALUES ('932', '6');


INSERT INTO `museu`.`IndexingSubjects` (`id_indexingSubjects`, `Object_Work_Record`) VALUES ('933', '933');
INSERT INTO `museu`.`IndexingSubjects_SubjectTerms` (`IndexingSubject`, `SubjectTerm`) VALUES ('933', '5');
INSERT INTO `museu`.`IndexingSubjects_SubjectTerms` (`IndexingSubject`, `SubjectTerm`) VALUES ('933', '6');


INSERT INTO `museu`.`IndexingSubjects` (`id_indexingSubjects`, `Object_Work_Record`) VALUES ('934', '934');
INSERT INTO `museu`.`IndexingSubjects_SubjectTerms` (`IndexingSubject`, `SubjectTerm`) VALUES ('934', '5');
INSERT INTO `museu`.`IndexingSubjects_SubjectTerms` (`IndexingSubject`, `SubjectTerm`) VALUES ('934', '6');


INSERT INTO `museu`.`IndexingSubjects` (`id_indexingSubjects`, `Object_Work_Record`) VALUES ('935', '935');
INSERT INTO `museu`.`IndexingSubjects_SubjectTerms` (`IndexingSubject`, `SubjectTerm`) VALUES ('935', '5');
INSERT INTO `museu`.`IndexingSubjects_SubjectTerms` (`IndexingSubject`, `SubjectTerm`) VALUES ('935', '6');


INSERT INTO `museu`.`IndexingSubjects` (`id_indexingSubjects`, `Object_Work_Record`) VALUES ('936', '936');
INSERT INTO `museu`.`IndexingSubjects_SubjectTerms` (`IndexingSubject`, `SubjectTerm`) VALUES ('936', '5');
INSERT INTO `museu`.`IndexingSubjects_SubjectTerms` (`IndexingSubject`, `SubjectTerm`) VALUES ('936', '6');


INSERT INTO `museu`.`IndexingSubjects` (`id_indexingSubjects`, `Object_Work_Record`) VALUES ('937', '937');
INSERT INTO `museu`.`IndexingSubjects_SubjectTerms` (`IndexingSubject`, `SubjectTerm`) VALUES ('937', '5');
INSERT INTO `museu`.`IndexingSubjects_SubjectTerms` (`IndexingSubject`, `SubjectTerm`) VALUES ('937', '6');


INSERT INTO `museu`.`IndexingSubjects` (`id_indexingSubjects`, `Object_Work_Record`) VALUES ('938', '938');
INSERT INTO `museu`.`IndexingSubjects_SubjectTerms` (`IndexingSubject`, `SubjectTerm`) VALUES ('938', '5');
INSERT INTO `museu`.`IndexingSubjects_SubjectTerms` (`IndexingSubject`, `SubjectTerm`) VALUES ('938', '6');


INSERT INTO `museu`.`IndexingSubjects` (`id_indexingSubjects`, `Object_Work_Record`) VALUES ('939', '939');
INSERT INTO `museu`.`IndexingSubjects_SubjectTerms` (`IndexingSubject`, `SubjectTerm`) VALUES ('939', '5');
INSERT INTO `museu`.`IndexingSubjects_SubjectTerms` (`IndexingSubject`, `SubjectTerm`) VALUES ('939', '6');


INSERT INTO `museu`.`IndexingSubjects` (`id_indexingSubjects`, `Object_Work_Record`) VALUES ('940', '940');
INSERT INTO `museu`.`IndexingSubjects_SubjectTerms` (`IndexingSubject`, `SubjectTerm`) VALUES ('940', '5');
INSERT INTO `museu`.`IndexingSubjects_SubjectTerms` (`IndexingSubject`, `SubjectTerm`) VALUES ('940', '6');


INSERT INTO `museu`.`IndexingSubjects` (`id_indexingSubjects`, `Object_Work_Record`) VALUES ('941', '941');
INSERT INTO `museu`.`IndexingSubjects_SubjectTerms` (`IndexingSubject`, `SubjectTerm`) VALUES ('941', '5');
INSERT INTO `museu`.`IndexingSubjects_SubjectTerms` (`IndexingSubject`, `SubjectTerm`) VALUES ('941', '6');


INSERT INTO `museu`.`IndexingSubjects` (`id_indexingSubjects`, `Object_Work_Record`) VALUES ('942', '942');
INSERT INTO `museu`.`IndexingSubjects_SubjectTerms` (`IndexingSubject`, `SubjectTerm`) VALUES ('942', '5');
INSERT INTO `museu`.`IndexingSubjects_SubjectTerms` (`IndexingSubject`, `SubjectTerm`) VALUES ('942', '6');


INSERT INTO `museu`.`IndexingSubjects` (`id_indexingSubjects`, `Object_Work_Record`) VALUES ('943', '943');
INSERT INTO `museu`.`IndexingSubjects_SubjectTerms` (`IndexingSubject`, `SubjectTerm`) VALUES ('943', '5');
INSERT INTO `museu`.`IndexingSubjects_SubjectTerms` (`IndexingSubject`, `SubjectTerm`) VALUES ('943', '6');


INSERT INTO `museu`.`IndexingSubjects` (`id_indexingSubjects`, `Object_Work_Record`) VALUES ('944', '944');
INSERT INTO `museu`.`IndexingSubjects_SubjectTerms` (`IndexingSubject`, `SubjectTerm`) VALUES ('944', '5');
INSERT INTO `museu`.`IndexingSubjects_SubjectTerms` (`IndexingSubject`, `SubjectTerm`) VALUES ('944', '6');


INSERT INTO `museu`.`IndexingSubjects` (`id_indexingSubjects`, `Object_Work_Record`) VALUES ('945', '945');
INSERT INTO `museu`.`IndexingSubjects_SubjectTerms` (`IndexingSubject`, `SubjectTerm`) VALUES ('945', '5');
INSERT INTO `museu`.`IndexingSubjects_SubjectTerms` (`IndexingSubject`, `SubjectTerm`) VALUES ('945', '6');


INSERT INTO `museu`.`IndexingSubjects` (`id_indexingSubjects`, `Object_Work_Record`) VALUES ('946', '946');
INSERT INTO `museu`.`IndexingSubjects_SubjectTerms` (`IndexingSubject`, `SubjectTerm`) VALUES ('946', '5');
INSERT INTO `museu`.`IndexingSubjects_SubjectTerms` (`IndexingSubject`, `SubjectTerm`) VALUES ('946', '6');


INSERT INTO `museu`.`IndexingSubjects` (`id_indexingSubjects`, `Object_Work_Record`) VALUES ('947', '947');
INSERT INTO `museu`.`IndexingSubjects_SubjectTerms` (`IndexingSubject`, `SubjectTerm`) VALUES ('947', '5');
INSERT INTO `museu`.`IndexingSubjects_SubjectTerms` (`IndexingSubject`, `SubjectTerm`) VALUES ('947', '6');


INSERT INTO `museu`.`IndexingSubjects` (`id_indexingSubjects`, `Object_Work_Record`) VALUES ('948', '948');
INSERT INTO `museu`.`IndexingSubjects_SubjectTerms` (`IndexingSubject`, `SubjectTerm`) VALUES ('948', '5');
INSERT INTO `museu`.`IndexingSubjects_SubjectTerms` (`IndexingSubject`, `SubjectTerm`) VALUES ('948', '6');


INSERT INTO `museu`.`IndexingSubjects` (`id_indexingSubjects`, `Object_Work_Record`) VALUES ('949', '949');
INSERT INTO `museu`.`IndexingSubjects_SubjectTerms` (`IndexingSubject`, `SubjectTerm`) VALUES ('949', '5');
INSERT INTO `museu`.`IndexingSubjects_SubjectTerms` (`IndexingSubject`, `SubjectTerm`) VALUES ('949', '6');


INSERT INTO `museu`.`IndexingSubjects` (`id_indexingSubjects`, `Object_Work_Record`) VALUES ('950', '950');
INSERT INTO `museu`.`IndexingSubjects_SubjectTerms` (`IndexingSubject`, `SubjectTerm`) VALUES ('950', '5');
INSERT INTO `museu`.`IndexingSubjects_SubjectTerms` (`IndexingSubject`, `SubjectTerm`) VALUES ('950', '6');


INSERT INTO `museu`.`IndexingSubjects` (`id_indexingSubjects`, `Object_Work_Record`) VALUES ('951', '951');
INSERT INTO `museu`.`IndexingSubjects_SubjectTerms` (`IndexingSubject`, `SubjectTerm`) VALUES ('951', '5');
INSERT INTO `museu`.`IndexingSubjects_SubjectTerms` (`IndexingSubject`, `SubjectTerm`) VALUES ('951', '6');


INSERT INTO `museu`.`IndexingSubjects` (`id_indexingSubjects`, `Object_Work_Record`) VALUES ('952', '952');
INSERT INTO `museu`.`IndexingSubjects_SubjectTerms` (`IndexingSubject`, `SubjectTerm`) VALUES ('952', '5');
INSERT INTO `museu`.`IndexingSubjects_SubjectTerms` (`IndexingSubject`, `SubjectTerm`) VALUES ('952', '6');


INSERT INTO `museu`.`IndexingSubjects` (`id_indexingSubjects`, `Object_Work_Record`) VALUES ('953', '953');
INSERT INTO `museu`.`IndexingSubjects_SubjectTerms` (`IndexingSubject`, `SubjectTerm`) VALUES ('953', '5');
INSERT INTO `museu`.`IndexingSubjects_SubjectTerms` (`IndexingSubject`, `SubjectTerm`) VALUES ('953', '6');


INSERT INTO `museu`.`IndexingSubjects` (`id_indexingSubjects`, `Object_Work_Record`) VALUES ('954', '954');
INSERT INTO `museu`.`IndexingSubjects_SubjectTerms` (`IndexingSubject`, `SubjectTerm`) VALUES ('954', '5');
INSERT INTO `museu`.`IndexingSubjects_SubjectTerms` (`IndexingSubject`, `SubjectTerm`) VALUES ('954', '6');


INSERT INTO `museu`.`IndexingSubjects` (`id_indexingSubjects`, `Object_Work_Record`) VALUES ('955', '955');
INSERT INTO `museu`.`IndexingSubjects_SubjectTerms` (`IndexingSubject`, `SubjectTerm`) VALUES ('955', '5');
INSERT INTO `museu`.`IndexingSubjects_SubjectTerms` (`IndexingSubject`, `SubjectTerm`) VALUES ('955', '6');


INSERT INTO `museu`.`IndexingSubjects` (`id_indexingSubjects`, `Object_Work_Record`) VALUES ('956', '956');
INSERT INTO `museu`.`IndexingSubjects_SubjectTerms` (`IndexingSubject`, `SubjectTerm`) VALUES ('956', '5');
INSERT INTO `museu`.`IndexingSubjects_SubjectTerms` (`IndexingSubject`, `SubjectTerm`) VALUES ('956', '6');


INSERT INTO `museu`.`IndexingSubjects` (`id_indexingSubjects`, `Object_Work_Record`) VALUES ('957', '957');
INSERT INTO `museu`.`IndexingSubjects_SubjectTerms` (`IndexingSubject`, `SubjectTerm`) VALUES ('957', '5');
INSERT INTO `museu`.`IndexingSubjects_SubjectTerms` (`IndexingSubject`, `SubjectTerm`) VALUES ('957', '6');


INSERT INTO `museu`.`IndexingSubjects` (`id_indexingSubjects`, `Object_Work_Record`) VALUES ('958', '958');
INSERT INTO `museu`.`IndexingSubjects_SubjectTerms` (`IndexingSubject`, `SubjectTerm`) VALUES ('958', '5');
INSERT INTO `museu`.`IndexingSubjects_SubjectTerms` (`IndexingSubject`, `SubjectTerm`) VALUES ('958', '6');


INSERT INTO `museu`.`IndexingSubjects` (`id_indexingSubjects`, `Object_Work_Record`) VALUES ('959', '959');
INSERT INTO `museu`.`IndexingSubjects_SubjectTerms` (`IndexingSubject`, `SubjectTerm`) VALUES ('959', '5');
INSERT INTO `museu`.`IndexingSubjects_SubjectTerms` (`IndexingSubject`, `SubjectTerm`) VALUES ('959', '6');


INSERT INTO `museu`.`IndexingSubjects` (`id_indexingSubjects`, `Object_Work_Record`) VALUES ('960', '960');
INSERT INTO `museu`.`IndexingSubjects_SubjectTerms` (`IndexingSubject`, `SubjectTerm`) VALUES ('960', '5');
INSERT INTO `museu`.`IndexingSubjects_SubjectTerms` (`IndexingSubject`, `SubjectTerm`) VALUES ('960', '6');


INSERT INTO `museu`.`IndexingSubjects` (`id_indexingSubjects`, `Object_Work_Record`) VALUES ('961', '961');
INSERT INTO `museu`.`IndexingSubjects_SubjectTerms` (`IndexingSubject`, `SubjectTerm`) VALUES ('961', '5');
INSERT INTO `museu`.`IndexingSubjects_SubjectTerms` (`IndexingSubject`, `SubjectTerm`) VALUES ('961', '6');


INSERT INTO `museu`.`IndexingSubjects` (`id_indexingSubjects`, `Object_Work_Record`) VALUES ('962', '962');
INSERT INTO `museu`.`IndexingSubjects_SubjectTerms` (`IndexingSubject`, `SubjectTerm`) VALUES ('962', '5');
INSERT INTO `museu`.`IndexingSubjects_SubjectTerms` (`IndexingSubject`, `SubjectTerm`) VALUES ('962', '6');


INSERT INTO `museu`.`IndexingSubjects` (`id_indexingSubjects`, `Object_Work_Record`) VALUES ('963', '963');
INSERT INTO `museu`.`IndexingSubjects_SubjectTerms` (`IndexingSubject`, `SubjectTerm`) VALUES ('963', '5');
INSERT INTO `museu`.`IndexingSubjects_SubjectTerms` (`IndexingSubject`, `SubjectTerm`) VALUES ('963', '6');


INSERT INTO `museu`.`IndexingSubjects` (`id_indexingSubjects`, `Object_Work_Record`) VALUES ('964', '964');
INSERT INTO `museu`.`IndexingSubjects_SubjectTerms` (`IndexingSubject`, `SubjectTerm`) VALUES ('964', '5');
INSERT INTO `museu`.`IndexingSubjects_SubjectTerms` (`IndexingSubject`, `SubjectTerm`) VALUES ('964', '6');


INSERT INTO `museu`.`IndexingSubjects` (`id_indexingSubjects`, `Object_Work_Record`) VALUES ('965', '965');
INSERT INTO `museu`.`IndexingSubjects_SubjectTerms` (`IndexingSubject`, `SubjectTerm`) VALUES ('965', '5');
INSERT INTO `museu`.`IndexingSubjects_SubjectTerms` (`IndexingSubject`, `SubjectTerm`) VALUES ('965', '6');


INSERT INTO `museu`.`IndexingSubjects` (`id_indexingSubjects`, `Object_Work_Record`) VALUES ('966', '966');
INSERT INTO `museu`.`IndexingSubjects_SubjectTerms` (`IndexingSubject`, `SubjectTerm`) VALUES ('966', '5');
INSERT INTO `museu`.`IndexingSubjects_SubjectTerms` (`IndexingSubject`, `SubjectTerm`) VALUES ('966', '6');


INSERT INTO `museu`.`IndexingSubjects` (`id_indexingSubjects`, `Object_Work_Record`) VALUES ('967', '967');
INSERT INTO `museu`.`IndexingSubjects_SubjectTerms` (`IndexingSubject`, `SubjectTerm`) VALUES ('967', '5');
INSERT INTO `museu`.`IndexingSubjects_SubjectTerms` (`IndexingSubject`, `SubjectTerm`) VALUES ('967', '6');


INSERT INTO `museu`.`IndexingSubjects` (`id_indexingSubjects`, `Object_Work_Record`) VALUES ('968', '968');
INSERT INTO `museu`.`IndexingSubjects_SubjectTerms` (`IndexingSubject`, `SubjectTerm`) VALUES ('968', '5');
INSERT INTO `museu`.`IndexingSubjects_SubjectTerms` (`IndexingSubject`, `SubjectTerm`) VALUES ('968', '6');


INSERT INTO `museu`.`IndexingSubjects` (`id_indexingSubjects`, `Object_Work_Record`) VALUES ('969', '969');
INSERT INTO `museu`.`IndexingSubjects_SubjectTerms` (`IndexingSubject`, `SubjectTerm`) VALUES ('969', '5');
INSERT INTO `museu`.`IndexingSubjects_SubjectTerms` (`IndexingSubject`, `SubjectTerm`) VALUES ('969', '6');


INSERT INTO `museu`.`IndexingSubjects` (`id_indexingSubjects`, `Object_Work_Record`) VALUES ('970', '970');
INSERT INTO `museu`.`IndexingSubjects_SubjectTerms` (`IndexingSubject`, `SubjectTerm`) VALUES ('970', '5');
INSERT INTO `museu`.`IndexingSubjects_SubjectTerms` (`IndexingSubject`, `SubjectTerm`) VALUES ('970', '6');


INSERT INTO `museu`.`IndexingSubjects` (`id_indexingSubjects`, `Object_Work_Record`) VALUES ('971', '971');
INSERT INTO `museu`.`IndexingSubjects_SubjectTerms` (`IndexingSubject`, `SubjectTerm`) VALUES ('971', '5');
INSERT INTO `museu`.`IndexingSubjects_SubjectTerms` (`IndexingSubject`, `SubjectTerm`) VALUES ('971', '6');


INSERT INTO `museu`.`IndexingSubjects` (`id_indexingSubjects`, `Object_Work_Record`) VALUES ('972', '972');
INSERT INTO `museu`.`IndexingSubjects_SubjectTerms` (`IndexingSubject`, `SubjectTerm`) VALUES ('972', '5');
INSERT INTO `museu`.`IndexingSubjects_SubjectTerms` (`IndexingSubject`, `SubjectTerm`) VALUES ('972', '6');


INSERT INTO `museu`.`IndexingSubjects` (`id_indexingSubjects`, `Object_Work_Record`) VALUES ('973', '973');
INSERT INTO `museu`.`IndexingSubjects_SubjectTerms` (`IndexingSubject`, `SubjectTerm`) VALUES ('973', '5');
INSERT INTO `museu`.`IndexingSubjects_SubjectTerms` (`IndexingSubject`, `SubjectTerm`) VALUES ('973', '6');


INSERT INTO `museu`.`IndexingSubjects` (`id_indexingSubjects`, `Object_Work_Record`) VALUES ('974', '974');
INSERT INTO `museu`.`IndexingSubjects_SubjectTerms` (`IndexingSubject`, `SubjectTerm`) VALUES ('974', '5');
INSERT INTO `museu`.`IndexingSubjects_SubjectTerms` (`IndexingSubject`, `SubjectTerm`) VALUES ('974', '6');


INSERT INTO `museu`.`IndexingSubjects` (`id_indexingSubjects`, `Object_Work_Record`) VALUES ('975', '975');
INSERT INTO `museu`.`IndexingSubjects_SubjectTerms` (`IndexingSubject`, `SubjectTerm`) VALUES ('975', '5');
INSERT INTO `museu`.`IndexingSubjects_SubjectTerms` (`IndexingSubject`, `SubjectTerm`) VALUES ('975', '6');


INSERT INTO `museu`.`IndexingSubjects` (`id_indexingSubjects`, `Object_Work_Record`) VALUES ('976', '976');
INSERT INTO `museu`.`IndexingSubjects_SubjectTerms` (`IndexingSubject`, `SubjectTerm`) VALUES ('976', '5');
INSERT INTO `museu`.`IndexingSubjects_SubjectTerms` (`IndexingSubject`, `SubjectTerm`) VALUES ('976', '6');


INSERT INTO `museu`.`IndexingSubjects` (`id_indexingSubjects`, `Object_Work_Record`) VALUES ('977', '977');
INSERT INTO `museu`.`IndexingSubjects_SubjectTerms` (`IndexingSubject`, `SubjectTerm`) VALUES ('977', '5');
INSERT INTO `museu`.`IndexingSubjects_SubjectTerms` (`IndexingSubject`, `SubjectTerm`) VALUES ('977', '6');


INSERT INTO `museu`.`IndexingSubjects` (`id_indexingSubjects`, `Object_Work_Record`) VALUES ('978', '978');
INSERT INTO `museu`.`IndexingSubjects_SubjectTerms` (`IndexingSubject`, `SubjectTerm`) VALUES ('978', '5');
INSERT INTO `museu`.`IndexingSubjects_SubjectTerms` (`IndexingSubject`, `SubjectTerm`) VALUES ('978', '6');


INSERT INTO `museu`.`IndexingSubjects` (`id_indexingSubjects`, `Object_Work_Record`) VALUES ('979', '979');
INSERT INTO `museu`.`IndexingSubjects_SubjectTerms` (`IndexingSubject`, `SubjectTerm`) VALUES ('979', '5');
INSERT INTO `museu`.`IndexingSubjects_SubjectTerms` (`IndexingSubject`, `SubjectTerm`) VALUES ('979', '6');


INSERT INTO `museu`.`IndexingSubjects` (`id_indexingSubjects`, `Object_Work_Record`) VALUES ('980', '980');
INSERT INTO `museu`.`IndexingSubjects_SubjectTerms` (`IndexingSubject`, `SubjectTerm`) VALUES ('980', '5');
INSERT INTO `museu`.`IndexingSubjects_SubjectTerms` (`IndexingSubject`, `SubjectTerm`) VALUES ('980', '6');


INSERT INTO `museu`.`IndexingSubjects` (`id_indexingSubjects`, `Object_Work_Record`) VALUES ('981', '981');
INSERT INTO `museu`.`IndexingSubjects_SubjectTerms` (`IndexingSubject`, `SubjectTerm`) VALUES ('981', '5');
INSERT INTO `museu`.`IndexingSubjects_SubjectTerms` (`IndexingSubject`, `SubjectTerm`) VALUES ('981', '6');


INSERT INTO `museu`.`IndexingSubjects` (`id_indexingSubjects`, `Object_Work_Record`) VALUES ('982', '982');
INSERT INTO `museu`.`IndexingSubjects_SubjectTerms` (`IndexingSubject`, `SubjectTerm`) VALUES ('982', '5');
INSERT INTO `museu`.`IndexingSubjects_SubjectTerms` (`IndexingSubject`, `SubjectTerm`) VALUES ('982', '6');


INSERT INTO `museu`.`IndexingSubjects` (`id_indexingSubjects`, `Object_Work_Record`) VALUES ('983', '983');
INSERT INTO `museu`.`IndexingSubjects_SubjectTerms` (`IndexingSubject`, `SubjectTerm`) VALUES ('983', '5');
INSERT INTO `museu`.`IndexingSubjects_SubjectTerms` (`IndexingSubject`, `SubjectTerm`) VALUES ('983', '6');


INSERT INTO `museu`.`IndexingSubjects` (`id_indexingSubjects`, `Object_Work_Record`) VALUES ('984', '984');
INSERT INTO `museu`.`IndexingSubjects_SubjectTerms` (`IndexingSubject`, `SubjectTerm`) VALUES ('984', '5');
INSERT INTO `museu`.`IndexingSubjects_SubjectTerms` (`IndexingSubject`, `SubjectTerm`) VALUES ('984', '6');


